INFO 2025-03-23 16:36:57,793 autoreload Watching for file changes with StatReloader
INFO 2025-03-23 16:38:23,055 autoreload C:\noobpy\Skillmatch\skillmatch\core\utils.py changed, reloading.
INFO 2025-03-23 16:38:25,200 autoreload Watching for file changes with StatReloader
DEBUG 2025-03-23 16:38:36,720 connectionpool Starting new HTTPS connection (1): api.adzuna.com:443
DEBUG 2025-03-23 16:38:37,883 connectionpool https://api.adzuna.com:443 "GET /v1/api/jobs/us/search/1?app_id=146640b5&app_key=ab9bf9bfd9a702edb7b063759d631313&what=python&sort_by=relevance&results_per_page=10 HTTP/1.1" 200 14484
DEBUG 2025-03-23 16:38:37,886 utils GitHub API URL: https://api.github.com/search/repositories?q=python&sort=stars&order=desc
DEBUG 2025-03-23 16:38:37,890 connectionpool Starting new HTTPS connection (1): api.github.com:443
DEBUG 2025-03-23 16:38:39,135 connectionpool https://api.github.com:443 "GET /search/repositories?q=python&sort=stars&order=desc HTTP/1.1" 200 None
DEBUG 2025-03-23 16:38:39,352 connectionpool Starting new HTTPS connection (1): api.coursera.org:443
DEBUG 2025-03-23 16:38:40,288 connectionpool https://api.coursera.org:443 "GET /api/courses.v1?q=python&fields=name%2Cdescription&limit=5 HTTP/1.1" 405 None
WARNING 2025-03-23 16:38:40,400 log Not Found: /favicon.ico
INFO 2025-03-23 16:40:59,739 autoreload C:\noobpy\Skillmatch\skillmatch\core\utils.py changed, reloading.
INFO 2025-03-23 16:41:01,997 autoreload Watching for file changes with StatReloader
INFO 2025-03-23 16:41:45,037 autoreload C:\noobpy\Skillmatch\skillmatch\core\utils.py changed, reloading.
INFO 2025-03-23 16:41:47,194 autoreload Watching for file changes with StatReloader
DEBUG 2025-03-23 16:42:00,843 connectionpool Starting new HTTPS connection (1): api.adzuna.com:443
DEBUG 2025-03-23 16:42:02,441 connectionpool https://api.adzuna.com:443 "GET /v1/api/jobs/us/search/1?app_id=146640b5&app_key=ab9bf9bfd9a702edb7b063759d631313&what=python&sort_by=relevance&results_per_page=10 HTTP/1.1" 200 14484
DEBUG 2025-03-23 16:42:02,443 utils GitHub API URL: https://api.github.com/search/repositories?q=python&sort=stars&order=desc
DEBUG 2025-03-23 16:42:02,446 connectionpool Starting new HTTPS connection (1): api.github.com:443
DEBUG 2025-03-23 16:42:02,819 connectionpool https://api.github.com:443 "GET /search/repositories?q=python&sort=stars&order=desc HTTP/1.1" 401 95
DEBUG 2025-03-23 16:42:02,820 utils GitHub API Response: {'message': 'Bad credentials', 'documentation_url': 'https://docs.github.com/rest', 'status': '401'}
ERROR 2025-03-23 16:42:02,820 utils GitHub API Error: {"message":"Bad credentials","documentation_url":"https://docs.github.com/rest","status":"401"}
DEBUG 2025-03-23 16:42:02,824 connectionpool Starting new HTTPS connection (1): api.coursera.org:443
DEBUG 2025-03-23 16:42:03,732 connectionpool https://api.coursera.org:443 "GET /api/courses.v1?q=python&fields=name%2Cdescription&limit=5 HTTP/1.1" 405 None
WARNING 2025-03-23 16:42:03,843 log Not Found: /favicon.ico
DEBUG 2025-03-23 16:42:35,493 connectionpool Starting new HTTPS connection (1): api.adzuna.com:443
DEBUG 2025-03-23 16:42:36,661 connectionpool https://api.adzuna.com:443 "GET /v1/api/jobs/us/search/1?app_id=146640b5&app_key=ab9bf9bfd9a702edb7b063759d631313&what=python&sort_by=relevance&results_per_page=10 HTTP/1.1" 200 14484
DEBUG 2025-03-23 16:42:36,664 utils GitHub API URL: https://api.github.com/search/repositories?q=python&sort=stars&order=desc
DEBUG 2025-03-23 16:42:36,667 connectionpool Starting new HTTPS connection (1): api.github.com:443
DEBUG 2025-03-23 16:42:37,037 connectionpool https://api.github.com:443 "GET /search/repositories?q=python&sort=stars&order=desc HTTP/1.1" 401 95
DEBUG 2025-03-23 16:42:37,038 utils GitHub API Response: {'message': 'Bad credentials', 'documentation_url': 'https://docs.github.com/rest', 'status': '401'}
ERROR 2025-03-23 16:42:37,038 utils GitHub API Error: {"message":"Bad credentials","documentation_url":"https://docs.github.com/rest","status":"401"}
DEBUG 2025-03-23 16:42:37,041 connectionpool Starting new HTTPS connection (1): api.coursera.org:443
DEBUG 2025-03-23 16:42:38,027 connectionpool https://api.coursera.org:443 "GET /api/courses.v1?q=python&fields=name%2Cdescription&limit=5 HTTP/1.1" 405 None
WARNING 2025-03-23 16:42:38,276 log Not Found: /favicon.ico
INFO 2025-03-23 16:43:44,175 autoreload C:\noobpy\Skillmatch\skillmatch\core\utils.py changed, reloading.
INFO 2025-03-23 16:43:46,524 autoreload Watching for file changes with StatReloader
DEBUG 2025-03-23 16:44:03,131 connectionpool Starting new HTTPS connection (1): api.adzuna.com:443
DEBUG 2025-03-23 16:44:04,340 connectionpool https://api.adzuna.com:443 "GET /v1/api/jobs/us/search/1?app_id=146640b5&app_key=ab9bf9bfd9a702edb7b063759d631313&what=python&sort_by=relevance&results_per_page=10 HTTP/1.1" 200 14484
DEBUG 2025-03-23 16:44:04,341 utils GitHub API URL: https://api.github.com/search/repositories?q=python&sort=stars&order=desc
DEBUG 2025-03-23 16:44:04,343 connectionpool Starting new HTTPS connection (1): api.github.com:443
DEBUG 2025-03-23 16:44:05,489 connectionpool https://api.github.com:443 "GET /search/repositories?q=python&sort=stars&order=desc HTTP/1.1" 200 None
DEBUG 2025-03-23 16:44:05,627 connectionpool Starting new HTTPS connection (1): api.coursera.org:443
DEBUG 2025-03-23 16:44:06,627 connectionpool https://api.coursera.org:443 "GET /api/courses.v1?q=python&fields=name%2Cdescription&limit=5 HTTP/1.1" 405 82
WARNING 2025-03-23 16:44:06,796 log Not Found: /favicon.ico
INFO 2025-03-23 16:50:17,893 autoreload C:\noobpy\Skillmatch\skillmatch\core\utils.py changed, reloading.
INFO 2025-03-23 16:50:20,265 autoreload Watching for file changes with StatReloader
DEBUG 2025-03-23 16:50:32,010 connectionpool Starting new HTTPS connection (1): api.adzuna.com:443
DEBUG 2025-03-23 16:50:33,216 connectionpool https://api.adzuna.com:443 "GET /v1/api/jobs/us/search/1?app_id=146640b5&app_key=ab9bf9bfd9a702edb7b063759d631313&what=python&sort_by=relevance&results_per_page=10 HTTP/1.1" 200 14484
DEBUG 2025-03-23 16:50:33,217 utils GitHub API URL: https://api.github.com/search/repositories?q=python&sort=stars&order=desc
DEBUG 2025-03-23 16:50:33,219 connectionpool Starting new HTTPS connection (1): api.github.com:443
DEBUG 2025-03-23 16:50:34,326 connectionpool https://api.github.com:443 "GET /search/repositories?q=python&sort=stars&order=desc HTTP/1.1" 200 None
DEBUG 2025-03-23 16:50:34,602 connectionpool Starting new HTTPS connection (1): api.coursera.org:443
DEBUG 2025-03-23 16:50:35,568 connectionpool https://api.coursera.org:443 "GET /api/courses.v1?q=python&fields=name%2Cdescription&limit=5 HTTP/1.1" 405 82
WARNING 2025-03-23 16:50:35,711 log Not Found: /favicon.ico
INFO 2025-03-23 16:51:46,115 autoreload C:\noobpy\Skillmatch\skillmatch\core\utils.py changed, reloading.
INFO 2025-03-23 16:51:48,309 autoreload Watching for file changes with StatReloader
WARNING 2025-03-23 16:52:01,773 log Not Found: /favicon.ico
DEBUG 2025-03-23 16:52:04,343 utils Tokens in Text: ['python']
DEBUG 2025-03-23 16:52:04,343 utils Extracted Skills: ['python']
DEBUG 2025-03-23 16:52:04,386 connectionpool Starting new HTTPS connection (1): api.adzuna.com:443
DEBUG 2025-03-23 16:52:05,599 connectionpool https://api.adzuna.com:443 "GET /v1/api/jobs/us/search/1?app_id=146640b5&app_key=ab9bf9bfd9a702edb7b063759d631313&what=python&sort_by=relevance&results_per_page=10 HTTP/1.1" 200 14484
DEBUG 2025-03-23 16:52:05,600 utils GitHub API URL: https://api.github.com/search/repositories?q=python&sort=stars&order=desc
DEBUG 2025-03-23 16:52:05,603 connectionpool Starting new HTTPS connection (1): api.github.com:443
DEBUG 2025-03-23 16:52:06,814 connectionpool https://api.github.com:443 "GET /search/repositories?q=python&sort=stars&order=desc HTTP/1.1" 200 None
DEBUG 2025-03-23 16:52:06,952 connectionpool Starting new HTTPS connection (1): api.coursera.org:443
DEBUG 2025-03-23 16:52:07,879 connectionpool https://api.coursera.org:443 "GET /api/courses.v1?q=python&fields=name%2Cdescription&limit=5 HTTP/1.1" 405 None
INFO 2025-03-23 16:55:53,590 autoreload C:\noobpy\Skillmatch\skillmatch\skillmatch\settings.py changed, reloading.
INFO 2025-03-23 16:55:55,870 autoreload Watching for file changes with StatReloader
INFO 2025-03-23 16:56:27,522 autoreload Watching for file changes with StatReloader
DEBUG 2025-03-23 16:56:40,726 connectionpool Starting new HTTPS connection (1): api.adzuna.com:443
DEBUG 2025-03-23 16:56:41,911 connectionpool https://api.adzuna.com:443 "GET /v1/api/jobs/us/search/1?app_id=146640b5&app_key=ab9bf9bfd9a702edb7b063759d631313&what=python&sort_by=relevance&results_per_page=10 HTTP/1.1" 200 14484
DEBUG 2025-03-23 16:56:41,913 utils GitHub API URL: https://api.github.com/search/repositories?q=python&sort=stars&order=desc
DEBUG 2025-03-23 16:56:41,915 connectionpool Starting new HTTPS connection (1): api.github.com:443
DEBUG 2025-03-23 16:56:43,223 connectionpool https://api.github.com:443 "GET /search/repositories?q=python&sort=stars&order=desc HTTP/1.1" 200 None
DEBUG 2025-03-23 16:56:43,508 connectionpool Starting new HTTPS connection (1): api.coursera.org:443
DEBUG 2025-03-23 16:56:44,480 connectionpool https://api.coursera.org:443 "GET /api/courses.v1?q=python&fields=name%2Cdescription&limit=5 HTTP/1.1" 405 None
WARNING 2025-03-23 16:56:44,583 log Not Found: /favicon.ico
INFO 2025-03-23 16:57:45,831 autoreload Watching for file changes with StatReloader
DEBUG 2025-03-23 16:58:12,090 connectionpool Starting new HTTPS connection (1): api.adzuna.com:443
DEBUG 2025-03-23 16:58:13,290 connectionpool https://api.adzuna.com:443 "GET /v1/api/jobs/us/search/1?app_id=146640b5&app_key=ab9bf9bfd9a702edb7b063759d631313&what=python&sort_by=relevance&results_per_page=10 HTTP/1.1" 200 14484
DEBUG 2025-03-23 16:58:13,291 utils GitHub API URL: https://api.github.com/search/repositories?q=python&sort=stars&order=desc
DEBUG 2025-03-23 16:58:13,294 connectionpool Starting new HTTPS connection (1): api.github.com:443
DEBUG 2025-03-23 16:58:14,490 connectionpool https://api.github.com:443 "GET /search/repositories?q=python&sort=stars&order=desc HTTP/1.1" 200 None
DEBUG 2025-03-23 16:58:14,619 connectionpool Starting new HTTPS connection (1): api.coursera.org:443
DEBUG 2025-03-23 16:58:15,544 connectionpool https://api.coursera.org:443 "GET /api/courses.v1?q=python&fields=name%2Cdescription&limit=5 HTTP/1.1" 405 None
WARNING 2025-03-23 16:58:15,647 log Not Found: /favicon.ico
INFO 2025-03-23 17:00:49,752 autoreload C:\noobpy\Skillmatch\skillmatch\skillmatch\settings.py changed, reloading.
DEBUG 2025-03-23 17:01:45,509 connectionpool Starting new HTTPS connection (1): api.adzuna.com:443
DEBUG 2025-03-23 17:01:46,704 connectionpool https://api.adzuna.com:443 "GET /v1/api/jobs/us/search/1?app_id=146640b5&app_key=ab9bf9bfd9a702edb7b063759d631313&what=python&sort_by=relevance&results_per_page=10 HTTP/1.1" 200 14484
DEBUG 2025-03-23 17:01:46,705 utils GitHub API URL: https://api.github.com/search/repositories?q=python&sort=stars&order=desc
DEBUG 2025-03-23 17:01:46,709 connectionpool Starting new HTTPS connection (1): api.github.com:443
DEBUG 2025-03-23 17:01:47,822 connectionpool https://api.github.com:443 "GET /search/repositories?q=python&sort=stars&order=desc HTTP/1.1" 200 None
DEBUG 2025-03-23 17:01:47,950 connectionpool Starting new HTTPS connection (1): api.coursera.org:443
DEBUG 2025-03-23 17:01:48,916 connectionpool https://api.coursera.org:443 "GET /api/courses.v1?q=python&fields=name%2Cdescription&limit=5 HTTP/1.1" 405 None
DEBUG 2025-03-23 17:04:31,833 connectionpool Starting new HTTPS connection (1): api.adzuna.com:443
DEBUG 2025-03-23 17:04:33,005 connectionpool https://api.adzuna.com:443 "GET /v1/api/jobs/us/search/1?app_id=146640b5&app_key=ab9bf9bfd9a702edb7b063759d631313&what=python&sort_by=relevance&results_per_page=10 HTTP/1.1" 200 14484
DEBUG 2025-03-23 17:04:33,006 utils GitHub API URL: https://api.github.com/search/repositories?q=python&sort=stars&order=desc
DEBUG 2025-03-23 17:04:33,009 connectionpool Starting new HTTPS connection (1): api.github.com:443
DEBUG 2025-03-23 17:04:34,147 connectionpool https://api.github.com:443 "GET /search/repositories?q=python&sort=stars&order=desc HTTP/1.1" 200 None
DEBUG 2025-03-23 17:04:34,264 connectionpool Starting new HTTPS connection (1): api.coursera.org:443
DEBUG 2025-03-23 17:04:35,256 connectionpool https://api.coursera.org:443 "GET /api/courses.v1?q=python&fields=name%2Cdescription&limit=5 HTTP/1.1" 405 None
DEBUG 2025-03-23 17:09:54,646 utils GitHub API URL: https://api.github.com/search/repositories?q=python&sort=stars&order=desc
WARNING 2025-03-23 17:09:57,011 log Not Found: /favicon.ico
DEBUG 2025-03-23 17:18:58,280 utils GitHub API URL: https://api.github.com/search/repositories?q=python&sort=stars&order=desc
DEBUG 2025-03-23 17:19:00,922 utils Fetching courses from Coursera API for skill: python
ERROR 2025-03-23 17:19:01,995 utils Failed to fetch courses from Coursera API. Status code: 405, Response: {"msg":"Routing error: finder 'python' not implemented"}
WARNING 2025-03-23 17:19:02,097 log Not Found: /favicon.ico
DEBUG 2025-03-23 17:44:18,464 utils Tokens in Text: ['python']
DEBUG 2025-03-23 17:44:18,464 utils Extracted Skills: ['python']
DEBUG 2025-03-23 17:44:19,998 utils GitHub API URL: https://api.github.com/search/repositories?q=python&sort=stars&order=desc
DEBUG 2025-03-23 17:44:21,484 utils Fetching courses from Coursera API for skill: python
ERROR 2025-03-23 17:44:22,449 utils Failed to fetch courses from Coursera API. Status code: 405, Response: {"msg":"Routing error: finder 'python' not implemented"}
WARNING 2025-03-23 18:56:09,797 log Not Found: /favicon.ico
DEBUG 2025-03-23 18:56:11,668 utils Tokens in Text: ['python']
DEBUG 2025-03-23 18:56:11,668 utils Extracted Skills: ['python']
DEBUG 2025-03-23 18:56:13,137 utils GitHub API URL: https://api.github.com/search/repositories?q=python&sort=stars&order=desc
DEBUG 2025-03-23 18:56:14,403 utils Fetching courses from edX API for skill: python
ERROR 2025-03-23 18:56:15,196 utils Failed to fetch courses from edX API. Status code: 403, Response: {"message":"Missing Authentication Token"}
DEBUG 2025-03-23 19:12:49,776 utils GitHub API URL: https://api.github.com/search/repositories?q=python&sort=stars&order=desc
DEBUG 2025-03-23 19:12:51,184 utils Fetching courses from Algolia Course API for skill: python
ERROR 2025-03-23 19:12:51,651 utils Failed to fetch courses from Algolia Course API. Status code: 404, Response: <!DOCTYPE html>
<html lang='en'>
<head>
<title>
404 | Algolia Documentation
</title>
<link as='style' href='/doc/assets/stylesheets/fonts-b49e8aae.css' rel='preload'>
<link href='/doc/assets/stylesheets/fonts-b49e8aae.css' rel='stylesheet'>
<link href='/doc/assets/stylesheets/main-708db2f0.css' rel='stylesheet'>
<meta content='width=device-width, initial-scale=1.0' name='viewport'>
<meta content='ie=edge' http-equiv='X-UA-Compatible'>
<meta charset='utf-8'>
<link href='/doc/assets/images/favicon/favicon-50d8e9ee.ico' rel='icon' sizes='any'>
<link href='/doc/assets/images/favicon/favicon-0ac64a15.svg' rel='icon' type='image/svg+xml'>
<link href='/doc/assets/images/favicon/apple-touch-icon-5bd129f5.png' rel='apple-touch-icon'>
<link href='/doc/assets/images/favicon/site.webmanifest' rel='manifest'>

</head>
<body class='h-screen flex items-center justify-center font-sans bg-grey-200 text-base'>
<div class='p-40 text-center'>
<header class='flex justify-center mb-48'>
<a class='block max-w-320 w-full' href='/doc/'>
<svg class="mx-auto" fill="none" height="50" width="128" xmlns="http://www.w3.org/2000/svg"><g fill="#003dff"><path clip-rule="evenodd" d="M61.897 16.847V1.27c0-.21-.187-.37-.394-.337l-2.918.46a.342.342 0 0 0-.289.337l.01 15.8c0 .747 0 5.36 5.55 5.521a.342.342 0 0 0 .352-.341V20.35a.338.338 0 0 0-.296-.337c-2.015-.232-2.015-2.751-2.015-3.165z" fill-rule="evenodd"/><path d="M110.02 6.984h-2.936a.342.342 0 0 0-.342.342v15.387c0 .189.153.342.342.342h2.936a.34.34 0 0 0 .341-.341V7.325a.34.34 0 0 0-.341-.342z"/><g clip-rule="evenodd" fill-rule="evenodd"><path d="M107.084 5.055h2.936a.341.341 0 0 0 .341-.341V1.269c0-.21-.188-.37-.395-.337l-2.936.46a.34.34 0 0 0-.288.337v2.985c0 .188.153.341.341.341zM102.009 16.847V1.27c0-.21-.187-.37-.394-.337l-2.918.46a.342.342 0 0 0-.289.337l.01 15.8c0 .747 0 5.36 5.55 5.521a.342.342 0 0 0 .352-.341V20.35a.338.338 0 0 0-.296-.337c-2.015-.232-2.015-2.751-2.015-3.165zM94.371 9.18a6.555 6.555 0 0 0-2.358-1.636c-.92-.378-1.923-.57-3.01-.57-1.087 0-2.091.183-3.003.57a6.907 6.907 0 0 0-2.357 1.637c-.664.707-1.179 1.554-1.548 2.546-.369.993-.534 2.161-.534 3.375s.184 2.132.552 3.135c.37 1.001.876 1.856 1.53 2.565a6.856 6.856 0 0 0 2.348 1.646c.911.395 2.32.597 3.03.606.708 0 2.127-.221 3.047-.606a6.711 6.711 0 0 0 2.358-1.646c.653-.709 1.16-1.564 1.518-2.565.36-1.003.535-1.921.535-3.135s-.193-2.382-.58-3.375c-.37-.993-.876-1.839-1.529-2.546zm-2.569 9.47c-.663.91-1.594 1.37-2.78 1.37-1.19 0-2.119-.45-2.782-1.37-.664-.91-.995-1.967-.995-3.539 0-1.555.323-2.842.986-3.751.662-.911 1.593-1.36 2.78-1.36 1.188 0 2.118.45 2.78 1.36.664.9 1.005 2.196 1.005 3.751 0 1.572-.331 2.62-.994 3.54zM51.722 6.984h-2.853c-2.796 0-5.257 1.474-6.693 3.707a8.393 8.393 0 0 0-1.33 4.553 8.334 8.334 0 0 0 2.984 6.425c.169.15.35.288.538.412a4.654 4.654 0 0 0 2.787.774l.062-.004c.05-.003.101-.006.152-.011l.059-.007.158-.02.036-.006c1.902-.293 3.56-1.782 4.1-3.632v3.344c0 .189.152.341.341.341h2.916a.341.341 0 0 0 .34-.34V7.325a.341.341 0 0 0-.34-.342zm0 11.966c-.706.588-1.618.808-2.593.874l-.028.003c-.065.004-.13.006-.195.006-2.442 0-4.46-2.076-4.46-4.59 0-.593.114-1.157.314-1.676.649-1.684 2.242-2.876 4.11-2.876h2.852zM123.402 6.984h-2.853c-2.796 0-5.257 1.474-6.693 3.707a8.39 8.39 0 0 0-1.33 4.553 8.332 8.332 0 0 0 2.984 6.425c.169.15.35.288.538.412a4.656 4.656 0 0 0 2.787.774l.062-.004c.051-.003.101-.006.152-.011l.059-.007.158-.02.036-.006c1.902-.293 3.56-1.782 4.1-3.632v3.344c0 .189.153.341.341.341h2.916a.341.341 0 0 0 .341-.34V7.325a.341.341 0 0 0-.341-.342zm0 11.966c-.705.588-1.617.808-2.593.874l-.028.003c-.065.004-.13.006-.195.006-2.442 0-4.459-2.076-4.459-4.59 0-.593.113-1.157.313-1.676.649-1.684 2.242-2.876 4.109-2.876h2.853zM75.988 6.984h-2.853c-2.796 0-5.257 1.474-6.693 3.707a8.367 8.367 0 0 0-1.33 4.553c0 .316.018.645.054.96a8.314 8.314 0 0 0 2.93 5.465c.17.15.35.288.538.413a4.654 4.654 0 0 0 5.36-.145c.942-.67 1.67-1.65 1.993-2.76v2.906h-.006v.64c0 1.263-.33 2.213-1.003 2.855-.671.64-1.795.961-3.368.961-.643 0-1.665-.034-2.695-.139a.343.343 0 0 0-.362.244l-.74 2.493c-.058.2.074.406.28.435 1.244.179 2.459.271 3.16.271 2.828 0 4.925-.622 6.297-1.863 1.242-1.122 1.917-2.827 2.036-5.118V7.327a.341.341 0 0 0-.342-.341h-3.257zm0 3.707s.038 8.046 0 8.29c-.699.565-1.568.786-2.515.85-.01 0-.019.002-.028.003a4.212 4.212 0 0 1-.422 0c-2.337-.122-4.31-2.155-4.31-4.59 0-.593.114-1.158.314-1.676.649-1.684 2.242-2.877 4.109-2.877h2.853z"/></g><path d="M14.447.928C6.552.928.115 7.294.002 15.162c-.116 7.991 6.367 14.613 14.36 14.66 2.468.014 4.845-.59 6.957-1.737a.338.338 0 0 0 .062-.55l-1.352-1.198a.955.955 0 0 0-1.004-.17 11.677 11.677 0 0 1-4.725.928c-6.458-.08-11.676-5.453-11.573-11.91.102-6.376 5.32-11.532 11.72-11.532h11.72v20.834l-6.65-5.909a.49.49 0 0 0-.718.076 5.448 5.448 0 0 1-4.737 2.16c-2.68-.186-4.85-2.343-5.051-5.02a5.458 5.458 0 0 1 5.436-5.872 5.46 5.46 0 0 1 5.43 4.97.971.971 0 0 0 .32.644l1.732 1.535a.338.338 0 0 0 .556-.19 8.21 8.21 0 0 0 .12-2.078c-.279-4.067-3.574-7.34-7.643-7.59-4.665-.288-8.566 3.362-8.69 7.936-.12 4.459 3.532 8.302 7.991 8.4a8.131 8.131 0 0 0 4.982-1.558l8.689 7.703c.372.33.96.066.96-.432V1.475a.548.548 0 0 0-.548-.548h-13.9zM4.12 46.04v-1.32h1.51c.38 0 .717-.057 1.01-.17.3-.12.553-.287.76-.5s.363-.463.47-.75a2.67 2.67 0 0 0 .17-.97 2.65 2.65 0 0 0-.17-.98c-.107-.293-.263-.543-.47-.75s-.46-.363-.76-.47a2.945 2.945 0 0 0-1.01-.16H4.12v-1.32h1.42c.66 0 1.237.097 1.73.29s.903.46 1.23.8c.327.333.57.717.73 1.15.167.427.25.87.25 1.33v.22c0 .44-.083.873-.25 1.3-.16.427-.403.813-.73 1.16s-.737.623-1.23.83-1.07.31-1.73.31zm-1.22 0v-7.39h1.42v7.39zm13.782.15c-.66 0-1.234-.117-1.72-.35a3.668 3.668 0 0 1-1.2-.91 4.196 4.196 0 0 1-.71-1.22 3.852 3.852 0 0 1-.23-1.27v-.22c0-.447.08-.89.24-1.33.16-.447.4-.85.72-1.21.326-.36.73-.647 1.21-.86.48-.22 1.043-.33 1.69-.33.64 0 1.2.11 1.68.33.48.213.88.5 1.2.86.326.36.57.763.73 1.21.16.44.24.883.24 1.33v.22c0 .407-.08.83-.24 1.27-.154.433-.39.84-.71 1.22a3.535 3.535 0 0 1-1.2.91c-.48.233-1.047.35-1.7.35zm0-1.32c.373 0 .706-.067 1-.2.3-.133.553-.317.76-.55.213-.24.373-.51.48-.81.113-.307.17-.63.17-.97 0-.367-.057-.703-.17-1.01a2.213 2.213 0 0 0-.48-.8c-.207-.227-.46-.403-.76-.53s-.634-.19-1-.19c-.374 0-.71.063-1.01.19s-.557.303-.77.53a2.415 2.415 0 0 0-.48.8c-.107.307-.16.643-.16 1.01 0 .34.053.663.16.97.113.3.273.57.48.81.213.233.47.417.77.55s.636.2 1.01.2zm11.012 1.32c-.66 0-1.227-.117-1.7-.35s-.86-.537-1.16-.91c-.293-.373-.51-.78-.65-1.22s-.21-.863-.21-1.27v-.22c0-.453.07-.9.21-1.34.147-.44.37-.84.67-1.2s.68-.647 1.14-.86c.467-.22 1.017-.33 1.65-.33.66 0 1.233.12 1.72.36.493.233.887.567 1.18 1 .293.427.47.927.53 1.5h-1.43a1.72 1.72 0 0 0-.36-.84 1.624 1.624 0 0 0-.69-.52 2.39 2.39 0 0 0-.95-.18c-.36 0-.68.063-.96.19-.28.12-.513.293-.7.52s-.33.493-.43.8c-.093.307-.14.647-.14 1.02 0 .36.047.693.14 1 .1.307.247.577.44.81.193.227.43.403.71.53.287.127.617.19.99.19.547 0 1.007-.133 1.38-.4.38-.273.61-.653.69-1.14h1.43c-.067.52-.243.997-.53 1.43s-.68.78-1.18 1.04-1.097.39-1.79.39zm10.208 0c-.68 0-1.253-.13-1.72-.39s-.823-.623-1.07-1.09c-.24-.473-.36-1.027-.36-1.66V38.7h1.42v4.43c0 .347.067.653.2.92.134.26.327.463.58.61.26.14.577.21.95.21.367 0 .677-.07.93-.21.26-.147.454-.35.58-.61.134-.26.2-.567.2-.92V38.7h1.42v4.35c0 .633-.12 1.187-.36 1.66-.233.467-.583.83-1.05 1.09s-1.04.39-1.72.39zm7.293-.19v-7.3h1.94l1.83 4.36h.18l1.82-4.36h1.97V46h-1.41v-6.23l.18.02-1.97 4.72h-1.45l-1.98-4.72.19-.02V46zm12.04 0v-7.3h1.39V46zm1.19 0v-1.2h3.31V46zm0-3.11v-1.2h3.05v1.2zm0-2.99v-1.2h3.23v1.2zm7.268 6.1v-7.3h2.33l3.07 6.12h.33l-.2.18v-6.3h1.34V46h-2.34l-3.07-6.12h-.34l.2-.18V46zm12.612 0v-6.25h1.42V46zm-2.11-6.05V38.7h5.64v1.25zM84.133 46l2.49-7.3h2.32l2.56 7.3h-1.46l-2.17-6.33.51.22h-1.25l.52-.22-2.1 6.33zm1.74-1.94.45-1.2h2.96l.44 1.2zM95.913 46v-6.25h1.42V46zm-2.11-6.05V38.7h5.64v1.25zm9.293 6.05v-7.3h1.42V46zm9.172.19c-.66 0-1.234-.117-1.72-.35a3.668 3.668 0 0 1-1.2-.91 4.182 4.182 0 0 1-.71-1.22 3.836 3.836 0 0 1-.23-1.27v-.22c0-.447.08-.89.24-1.33.16-.447.4-.85.72-1.21.326-.36.73-.647 1.209-.86.481-.22 1.044-.33 1.691-.33.64 0 1.2.11 1.68.33.48.213.88.5 1.2.86.326.36.57.763.73 1.21.16.44.24.883.24 1.33v.22c0 .407-.08.83-.24 1.27a3.93 3.93 0 0 1-.71 1.22 3.547 3.547 0 0 1-1.2.91c-.48.233-1.047.35-1.7.35zm0-1.32c.373 0 .706-.067 1-.2.3-.133.553-.317.76-.55.213-.24.373-.51.48-.81.113-.307.17-.63.17-.97a2.9 2.9 0 0 0-.17-1.01 2.222 2.222 0 0 0-1.24-1.33c-.3-.127-.634-.19-1-.19-.374 0-.71.063-1.01.19s-.557.303-.77.53a2.405 2.405 0 0 0-.48.8c-.107.307-.16.643-.16 1.01 0 .34.053.663.16.97.113.3.273.57.48.81.213.233.47.417.77.55s.636.2 1.01.2zM119.99 46v-7.3h2.33l3.07 6.12h.33l-.2.18v-6.3h1.34V46h-2.34l-3.07-6.12h-.34l.2-.18V46z"/></g></svg>
</a>
</header>
<main class='mb-40'>
<div class='mb-64'>
<h1 class='font-semibold text-grey-1000 text-5xl mb-16'>Error 404</h1>
<h2 class='font-semibold text-grey-600 text-3xl'>The page you requested was not found.</h2>

</div>
<a class='inline-block btn-skeuomorphic py-16 px-40' href='/doc/'>
Go back to homepage
</a>
</main>
<footer class='text-grey-700 blue-links'>
© Algolia -
<a class='underline' href='https://www.algolia.com/policies/privacy/'>
Privacy Policy
</a>
</footer>
</div>
<script src='/doc/assets/javascripts/load-async-168b6435.js'></script>
<script>
  window.GOOGLE_TAG_MANAGER_ID = 'GTM-N8JP8G';
  window.SEGMENT_ID = 'cKQbv9nMHIUgdWswDLG0c3UdiUgBaUmA';
  
  loadjs([
    "/doc/assets/javascripts/analytics-4029c16c.js",
    "/doc/assets/javascripts/mutiny-d89a9f5a.js"
  ]);
</script>

</body>
</html>

WARNING 2025-03-23 19:12:51,709 log Not Found: /favicon.ico
DEBUG 2025-03-23 19:43:07,824 utils Extracted Skills: ['python']
WARNING 2025-03-23 19:44:59,688 log Not Found: /favicon.ico
WARNING 2025-03-24 09:12:53,289 log Not Found: /favicon.ico
DEBUG 2025-03-24 09:25:10,582 utils Extracted Skills: ['python']
WARNING 2025-03-24 09:25:48,723 log Forbidden (CSRF token from POST incorrect.): /login/
DEBUG 2025-03-24 09:26:52,108 utils Extracted Skills: ['python']
DEBUG 2025-03-24 09:28:04,111 utils Extracted Skills: ['python']
DEBUG 2025-03-24 09:29:35,974 utils Extracted Skills: ['python']
DEBUG 2025-03-24 10:06:41,529 utils Extracted Skills: ['python']
WARNING 2025-03-24 10:15:15,183 log Not Found: /favicon.ico
DEBUG 2025-03-24 10:43:43,604 utils Extracted Skills: ['python']
ERROR 2025-03-24 10:46:37,173 log Internal Server Error: /dashboard/
Traceback (most recent call last):
  File "C:\Python 3.11.1\Lib\site-packages\django\template\base.py", line 505, in parse
    compile_func = self.tags[command]
                   ~~~~~~~~~^^^^^^^^^
KeyError: 'static'

During handling of the above exception, another exception occurred:

Traceback (most recent call last):
  File "C:\Python 3.11.1\Lib\site-packages\django\core\handlers\exception.py", line 55, in inner
    response = get_response(request)
               ^^^^^^^^^^^^^^^^^^^^^
  File "C:\Python 3.11.1\Lib\site-packages\django\core\handlers\base.py", line 197, in _get_response
    response = wrapped_callback(request, *callback_args, **callback_kwargs)
               ^^^^^^^^^^^^^^^^^^^^^^^^^^^^^^^^^^^^^^^^^^^^^^^^^^^^^^^^^^^^
  File "C:\Python 3.11.1\Lib\site-packages\django\contrib\auth\decorators.py", line 23, in _wrapper_view
    return view_func(request, *args, **kwargs)
           ^^^^^^^^^^^^^^^^^^^^^^^^^^^^^^^^^^^
  File "C:\Users\anees\Desktop\clone\SkillMatchApp\core\views.py", line 101, in dashboard
    return render(request, 'core/dashboard.html', {
           ^^^^^^^^^^^^^^^^^^^^^^^^^^^^^^^^^^^^^^^^
  File "C:\Python 3.11.1\Lib\site-packages\django\shortcuts.py", line 24, in render
    content = loader.render_to_string(template_name, context, request, using=using)
              ^^^^^^^^^^^^^^^^^^^^^^^^^^^^^^^^^^^^^^^^^^^^^^^^^^^^^^^^^^^^^^^^^^^^^
  File "C:\Python 3.11.1\Lib\site-packages\django\template\loader.py", line 62, in render_to_string
    return template.render(context, request)
           ^^^^^^^^^^^^^^^^^^^^^^^^^^^^^^^^^
  File "C:\Python 3.11.1\Lib\site-packages\django\template\backends\django.py", line 61, in render
    return self.template.render(context)
           ^^^^^^^^^^^^^^^^^^^^^^^^^^^^^
  File "C:\Python 3.11.1\Lib\site-packages\django\template\base.py", line 175, in render
    return self._render(context)
           ^^^^^^^^^^^^^^^^^^^^^
  File "C:\Python 3.11.1\Lib\site-packages\django\template\base.py", line 167, in _render
    return self.nodelist.render(context)
           ^^^^^^^^^^^^^^^^^^^^^^^^^^^^^
  File "C:\Python 3.11.1\Lib\site-packages\django\template\base.py", line 1005, in render
    return SafeString("".join([node.render_annotated(context) for node in self]))
                              ^^^^^^^^^^^^^^^^^^^^^^^^^^^^^^^^^^^^^^^^^^^^^^^^^
  File "C:\Python 3.11.1\Lib\site-packages\django\template\base.py", line 1005, in <listcomp>
    return SafeString("".join([node.render_annotated(context) for node in self]))
                               ^^^^^^^^^^^^^^^^^^^^^^^^^^^^^^
  File "C:\Python 3.11.1\Lib\site-packages\django\template\base.py", line 966, in render_annotated
    return self.render(context)
           ^^^^^^^^^^^^^^^^^^^^
  File "C:\Python 3.11.1\Lib\site-packages\django\template\loader_tags.py", line 132, in render
    compiled_parent = self.get_parent(context)
                      ^^^^^^^^^^^^^^^^^^^^^^^^
  File "C:\Python 3.11.1\Lib\site-packages\django\template\loader_tags.py", line 129, in get_parent
    return self.find_template(parent, context)
           ^^^^^^^^^^^^^^^^^^^^^^^^^^^^^^^^^^^
  File "C:\Python 3.11.1\Lib\site-packages\django\template\loader_tags.py", line 107, in find_template
    template, origin = context.template.engine.find_template(
                       ^^^^^^^^^^^^^^^^^^^^^^^^^^^^^^^^^^^^^^
  File "C:\Python 3.11.1\Lib\site-packages\django\template\engine.py", line 157, in find_template
    template = loader.get_template(name, skip=skip)
               ^^^^^^^^^^^^^^^^^^^^^^^^^^^^^^^^^^^^
  File "C:\Python 3.11.1\Lib\site-packages\django\template\loaders\cached.py", line 57, in get_template
    template = super().get_template(template_name, skip)
               ^^^^^^^^^^^^^^^^^^^^^^^^^^^^^^^^^^^^^^^^^
  File "C:\Python 3.11.1\Lib\site-packages\django\template\loaders\base.py", line 28, in get_template
    return Template(
           ^^^^^^^^^
  File "C:\Python 3.11.1\Lib\site-packages\django\template\base.py", line 154, in __init__
    self.nodelist = self.compile_nodelist()
                    ^^^^^^^^^^^^^^^^^^^^^^^
  File "C:\Python 3.11.1\Lib\site-packages\django\template\base.py", line 200, in compile_nodelist
    return parser.parse()
           ^^^^^^^^^^^^^^
  File "C:\Python 3.11.1\Lib\site-packages\django\template\base.py", line 507, in parse
    self.invalid_block_tag(token, command, parse_until)
  File "C:\Python 3.11.1\Lib\site-packages\django\template\base.py", line 568, in invalid_block_tag
    raise self.error(
django.template.exceptions.TemplateSyntaxError: Invalid block tag on line 10: 'static'. Did you forget to register or load this tag?
ERROR 2025-03-24 10:47:21,791 log Internal Server Error: /dashboard/
Traceback (most recent call last):
  File "C:\Python 3.11.1\Lib\site-packages\django\template\base.py", line 505, in parse
    compile_func = self.tags[command]
                   ~~~~~~~~~^^^^^^^^^
KeyError: 'static'

During handling of the above exception, another exception occurred:

Traceback (most recent call last):
  File "C:\Python 3.11.1\Lib\site-packages\django\core\handlers\exception.py", line 55, in inner
    response = get_response(request)
               ^^^^^^^^^^^^^^^^^^^^^
  File "C:\Python 3.11.1\Lib\site-packages\django\core\handlers\base.py", line 197, in _get_response
    response = wrapped_callback(request, *callback_args, **callback_kwargs)
               ^^^^^^^^^^^^^^^^^^^^^^^^^^^^^^^^^^^^^^^^^^^^^^^^^^^^^^^^^^^^
  File "C:\Python 3.11.1\Lib\site-packages\django\contrib\auth\decorators.py", line 23, in _wrapper_view
    return view_func(request, *args, **kwargs)
           ^^^^^^^^^^^^^^^^^^^^^^^^^^^^^^^^^^^
  File "C:\Users\anees\Desktop\clone\SkillMatchApp\core\views.py", line 101, in dashboard
    return render(request, 'core/dashboard.html', {
           ^^^^^^^^^^^^^^^^^^^^^^^^^^^^^^^^^^^^^^^^
  File "C:\Python 3.11.1\Lib\site-packages\django\shortcuts.py", line 24, in render
    content = loader.render_to_string(template_name, context, request, using=using)
              ^^^^^^^^^^^^^^^^^^^^^^^^^^^^^^^^^^^^^^^^^^^^^^^^^^^^^^^^^^^^^^^^^^^^^
  File "C:\Python 3.11.1\Lib\site-packages\django\template\loader.py", line 62, in render_to_string
    return template.render(context, request)
           ^^^^^^^^^^^^^^^^^^^^^^^^^^^^^^^^^
  File "C:\Python 3.11.1\Lib\site-packages\django\template\backends\django.py", line 61, in render
    return self.template.render(context)
           ^^^^^^^^^^^^^^^^^^^^^^^^^^^^^
  File "C:\Python 3.11.1\Lib\site-packages\django\template\base.py", line 175, in render
    return self._render(context)
           ^^^^^^^^^^^^^^^^^^^^^
  File "C:\Python 3.11.1\Lib\site-packages\django\template\base.py", line 167, in _render
    return self.nodelist.render(context)
           ^^^^^^^^^^^^^^^^^^^^^^^^^^^^^
  File "C:\Python 3.11.1\Lib\site-packages\django\template\base.py", line 1005, in render
    return SafeString("".join([node.render_annotated(context) for node in self]))
                              ^^^^^^^^^^^^^^^^^^^^^^^^^^^^^^^^^^^^^^^^^^^^^^^^^
  File "C:\Python 3.11.1\Lib\site-packages\django\template\base.py", line 1005, in <listcomp>
    return SafeString("".join([node.render_annotated(context) for node in self]))
                               ^^^^^^^^^^^^^^^^^^^^^^^^^^^^^^
  File "C:\Python 3.11.1\Lib\site-packages\django\template\base.py", line 966, in render_annotated
    return self.render(context)
           ^^^^^^^^^^^^^^^^^^^^
  File "C:\Python 3.11.1\Lib\site-packages\django\template\loader_tags.py", line 132, in render
    compiled_parent = self.get_parent(context)
                      ^^^^^^^^^^^^^^^^^^^^^^^^
  File "C:\Python 3.11.1\Lib\site-packages\django\template\loader_tags.py", line 129, in get_parent
    return self.find_template(parent, context)
           ^^^^^^^^^^^^^^^^^^^^^^^^^^^^^^^^^^^
  File "C:\Python 3.11.1\Lib\site-packages\django\template\loader_tags.py", line 107, in find_template
    template, origin = context.template.engine.find_template(
                       ^^^^^^^^^^^^^^^^^^^^^^^^^^^^^^^^^^^^^^
  File "C:\Python 3.11.1\Lib\site-packages\django\template\engine.py", line 157, in find_template
    template = loader.get_template(name, skip=skip)
               ^^^^^^^^^^^^^^^^^^^^^^^^^^^^^^^^^^^^
  File "C:\Python 3.11.1\Lib\site-packages\django\template\loaders\cached.py", line 57, in get_template
    template = super().get_template(template_name, skip)
               ^^^^^^^^^^^^^^^^^^^^^^^^^^^^^^^^^^^^^^^^^
  File "C:\Python 3.11.1\Lib\site-packages\django\template\loaders\base.py", line 28, in get_template
    return Template(
           ^^^^^^^^^
  File "C:\Python 3.11.1\Lib\site-packages\django\template\base.py", line 154, in __init__
    self.nodelist = self.compile_nodelist()
                    ^^^^^^^^^^^^^^^^^^^^^^^
  File "C:\Python 3.11.1\Lib\site-packages\django\template\base.py", line 200, in compile_nodelist
    return parser.parse()
           ^^^^^^^^^^^^^^
  File "C:\Python 3.11.1\Lib\site-packages\django\template\base.py", line 507, in parse
    self.invalid_block_tag(token, command, parse_until)
  File "C:\Python 3.11.1\Lib\site-packages\django\template\base.py", line 568, in invalid_block_tag
    raise self.error(
django.template.exceptions.TemplateSyntaxError: Invalid block tag on line 10: 'static'. Did you forget to register or load this tag?
ERROR 2025-03-24 10:47:26,801 log Internal Server Error: /create-profile/
Traceback (most recent call last):
  File "C:\Python 3.11.1\Lib\site-packages\django\template\base.py", line 505, in parse
    compile_func = self.tags[command]
                   ~~~~~~~~~^^^^^^^^^
KeyError: 'static'

During handling of the above exception, another exception occurred:

Traceback (most recent call last):
  File "C:\Python 3.11.1\Lib\site-packages\django\core\handlers\exception.py", line 55, in inner
    response = get_response(request)
               ^^^^^^^^^^^^^^^^^^^^^
  File "C:\Python 3.11.1\Lib\site-packages\django\core\handlers\base.py", line 197, in _get_response
    response = wrapped_callback(request, *callback_args, **callback_kwargs)
               ^^^^^^^^^^^^^^^^^^^^^^^^^^^^^^^^^^^^^^^^^^^^^^^^^^^^^^^^^^^^
  File "C:\Python 3.11.1\Lib\site-packages\django\contrib\auth\decorators.py", line 23, in _wrapper_view
    return view_func(request, *args, **kwargs)
           ^^^^^^^^^^^^^^^^^^^^^^^^^^^^^^^^^^^
  File "C:\Users\anees\Desktop\clone\SkillMatchApp\core\views.py", line 78, in create_profile
    return render(request, 'core/create_profile.html', {'form': form, 'is_update': is_update})
           ^^^^^^^^^^^^^^^^^^^^^^^^^^^^^^^^^^^^^^^^^^^^^^^^^^^^^^^^^^^^^^^^^^^^^^^^^^^^^^^^^^^
  File "C:\Python 3.11.1\Lib\site-packages\django\shortcuts.py", line 24, in render
    content = loader.render_to_string(template_name, context, request, using=using)
              ^^^^^^^^^^^^^^^^^^^^^^^^^^^^^^^^^^^^^^^^^^^^^^^^^^^^^^^^^^^^^^^^^^^^^
  File "C:\Python 3.11.1\Lib\site-packages\django\template\loader.py", line 62, in render_to_string
    return template.render(context, request)
           ^^^^^^^^^^^^^^^^^^^^^^^^^^^^^^^^^
  File "C:\Python 3.11.1\Lib\site-packages\django\template\backends\django.py", line 61, in render
    return self.template.render(context)
           ^^^^^^^^^^^^^^^^^^^^^^^^^^^^^
  File "C:\Python 3.11.1\Lib\site-packages\django\template\base.py", line 175, in render
    return self._render(context)
           ^^^^^^^^^^^^^^^^^^^^^
  File "C:\Python 3.11.1\Lib\site-packages\django\template\base.py", line 167, in _render
    return self.nodelist.render(context)
           ^^^^^^^^^^^^^^^^^^^^^^^^^^^^^
  File "C:\Python 3.11.1\Lib\site-packages\django\template\base.py", line 1005, in render
    return SafeString("".join([node.render_annotated(context) for node in self]))
                              ^^^^^^^^^^^^^^^^^^^^^^^^^^^^^^^^^^^^^^^^^^^^^^^^^
  File "C:\Python 3.11.1\Lib\site-packages\django\template\base.py", line 1005, in <listcomp>
    return SafeString("".join([node.render_annotated(context) for node in self]))
                               ^^^^^^^^^^^^^^^^^^^^^^^^^^^^^^
  File "C:\Python 3.11.1\Lib\site-packages\django\template\base.py", line 966, in render_annotated
    return self.render(context)
           ^^^^^^^^^^^^^^^^^^^^
  File "C:\Python 3.11.1\Lib\site-packages\django\template\loader_tags.py", line 132, in render
    compiled_parent = self.get_parent(context)
                      ^^^^^^^^^^^^^^^^^^^^^^^^
  File "C:\Python 3.11.1\Lib\site-packages\django\template\loader_tags.py", line 129, in get_parent
    return self.find_template(parent, context)
           ^^^^^^^^^^^^^^^^^^^^^^^^^^^^^^^^^^^
  File "C:\Python 3.11.1\Lib\site-packages\django\template\loader_tags.py", line 107, in find_template
    template, origin = context.template.engine.find_template(
                       ^^^^^^^^^^^^^^^^^^^^^^^^^^^^^^^^^^^^^^
  File "C:\Python 3.11.1\Lib\site-packages\django\template\engine.py", line 157, in find_template
    template = loader.get_template(name, skip=skip)
               ^^^^^^^^^^^^^^^^^^^^^^^^^^^^^^^^^^^^
  File "C:\Python 3.11.1\Lib\site-packages\django\template\loaders\cached.py", line 57, in get_template
    template = super().get_template(template_name, skip)
               ^^^^^^^^^^^^^^^^^^^^^^^^^^^^^^^^^^^^^^^^^
  File "C:\Python 3.11.1\Lib\site-packages\django\template\loaders\base.py", line 28, in get_template
    return Template(
           ^^^^^^^^^
  File "C:\Python 3.11.1\Lib\site-packages\django\template\base.py", line 154, in __init__
    self.nodelist = self.compile_nodelist()
                    ^^^^^^^^^^^^^^^^^^^^^^^
  File "C:\Python 3.11.1\Lib\site-packages\django\template\base.py", line 200, in compile_nodelist
    return parser.parse()
           ^^^^^^^^^^^^^^
  File "C:\Python 3.11.1\Lib\site-packages\django\template\base.py", line 507, in parse
    self.invalid_block_tag(token, command, parse_until)
  File "C:\Python 3.11.1\Lib\site-packages\django\template\base.py", line 568, in invalid_block_tag
    raise self.error(
django.template.exceptions.TemplateSyntaxError: Invalid block tag on line 10: 'static'. Did you forget to register or load this tag?
ERROR 2025-03-24 10:49:51,317 log Internal Server Error: /create-profile/
Traceback (most recent call last):
  File "C:\Python 3.11.1\Lib\site-packages\django\core\handlers\exception.py", line 55, in inner
    response = get_response(request)
               ^^^^^^^^^^^^^^^^^^^^^
  File "C:\Python 3.11.1\Lib\site-packages\django\core\handlers\base.py", line 197, in _get_response
    response = wrapped_callback(request, *callback_args, **callback_kwargs)
               ^^^^^^^^^^^^^^^^^^^^^^^^^^^^^^^^^^^^^^^^^^^^^^^^^^^^^^^^^^^^
  File "C:\Python 3.11.1\Lib\site-packages\django\contrib\auth\decorators.py", line 23, in _wrapper_view
    return view_func(request, *args, **kwargs)
           ^^^^^^^^^^^^^^^^^^^^^^^^^^^^^^^^^^^
  File "C:\Users\anees\Desktop\clone\SkillMatchApp\core\views.py", line 78, in create_profile
    return render(request, 'core/create_profile.html', {'form': form, 'is_update': is_update})
           ^^^^^^^^^^^^^^^^^^^^^^^^^^^^^^^^^^^^^^^^^^^^^^^^^^^^^^^^^^^^^^^^^^^^^^^^^^^^^^^^^^^
  File "C:\Python 3.11.1\Lib\site-packages\django\shortcuts.py", line 24, in render
    content = loader.render_to_string(template_name, context, request, using=using)
              ^^^^^^^^^^^^^^^^^^^^^^^^^^^^^^^^^^^^^^^^^^^^^^^^^^^^^^^^^^^^^^^^^^^^^
  File "C:\Python 3.11.1\Lib\site-packages\django\template\loader.py", line 61, in render_to_string
    template = get_template(template_name, using=using)
               ^^^^^^^^^^^^^^^^^^^^^^^^^^^^^^^^^^^^^^^^
  File "C:\Python 3.11.1\Lib\site-packages\django\template\loader.py", line 15, in get_template
    return engine.get_template(template_name)
           ^^^^^^^^^^^^^^^^^^^^^^^^^^^^^^^^^^
  File "C:\Python 3.11.1\Lib\site-packages\django\template\backends\django.py", line 33, in get_template
    return Template(self.engine.get_template(template_name), self)
                    ^^^^^^^^^^^^^^^^^^^^^^^^^^^^^^^^^^^^^^^
  File "C:\Python 3.11.1\Lib\site-packages\django\template\engine.py", line 175, in get_template
    template, origin = self.find_template(template_name)
                       ^^^^^^^^^^^^^^^^^^^^^^^^^^^^^^^^^
  File "C:\Python 3.11.1\Lib\site-packages\django\template\engine.py", line 157, in find_template
    template = loader.get_template(name, skip=skip)
               ^^^^^^^^^^^^^^^^^^^^^^^^^^^^^^^^^^^^
  File "C:\Python 3.11.1\Lib\site-packages\django\template\loaders\cached.py", line 57, in get_template
    template = super().get_template(template_name, skip)
               ^^^^^^^^^^^^^^^^^^^^^^^^^^^^^^^^^^^^^^^^^
  File "C:\Python 3.11.1\Lib\site-packages\django\template\loaders\base.py", line 28, in get_template
    return Template(
           ^^^^^^^^^
  File "C:\Python 3.11.1\Lib\site-packages\django\template\base.py", line 154, in __init__
    self.nodelist = self.compile_nodelist()
                    ^^^^^^^^^^^^^^^^^^^^^^^
  File "C:\Python 3.11.1\Lib\site-packages\django\template\base.py", line 200, in compile_nodelist
    return parser.parse()
           ^^^^^^^^^^^^^^
  File "C:\Python 3.11.1\Lib\site-packages\django\template\base.py", line 514, in parse
    self.extend_nodelist(nodelist, compiled_result, token)
  File "C:\Python 3.11.1\Lib\site-packages\django\template\base.py", line 531, in extend_nodelist
    raise self.error(
django.template.exceptions.TemplateSyntaxError: <ExtendsNode: extends 'core/base.html'> must be the first tag in the template.
ERROR 2025-03-24 10:50:48,077 log Internal Server Error: /dashboard/
Traceback (most recent call last):
  File "C:\Python 3.11.1\Lib\site-packages\django\core\handlers\exception.py", line 55, in inner
    response = get_response(request)
               ^^^^^^^^^^^^^^^^^^^^^
  File "C:\Python 3.11.1\Lib\site-packages\django\core\handlers\base.py", line 197, in _get_response
    response = wrapped_callback(request, *callback_args, **callback_kwargs)
               ^^^^^^^^^^^^^^^^^^^^^^^^^^^^^^^^^^^^^^^^^^^^^^^^^^^^^^^^^^^^
  File "C:\Python 3.11.1\Lib\site-packages\django\contrib\auth\decorators.py", line 23, in _wrapper_view
    return view_func(request, *args, **kwargs)
           ^^^^^^^^^^^^^^^^^^^^^^^^^^^^^^^^^^^
  File "C:\Users\anees\Desktop\clone\SkillMatchApp\core\views.py", line 101, in dashboard
    return render(request, 'core/dashboard.html', {
           ^^^^^^^^^^^^^^^^^^^^^^^^^^^^^^^^^^^^^^^^
  File "C:\Python 3.11.1\Lib\site-packages\django\shortcuts.py", line 24, in render
    content = loader.render_to_string(template_name, context, request, using=using)
              ^^^^^^^^^^^^^^^^^^^^^^^^^^^^^^^^^^^^^^^^^^^^^^^^^^^^^^^^^^^^^^^^^^^^^
  File "C:\Python 3.11.1\Lib\site-packages\django\template\loader.py", line 61, in render_to_string
    template = get_template(template_name, using=using)
               ^^^^^^^^^^^^^^^^^^^^^^^^^^^^^^^^^^^^^^^^
  File "C:\Python 3.11.1\Lib\site-packages\django\template\loader.py", line 15, in get_template
    return engine.get_template(template_name)
           ^^^^^^^^^^^^^^^^^^^^^^^^^^^^^^^^^^
  File "C:\Python 3.11.1\Lib\site-packages\django\template\backends\django.py", line 33, in get_template
    return Template(self.engine.get_template(template_name), self)
                    ^^^^^^^^^^^^^^^^^^^^^^^^^^^^^^^^^^^^^^^
  File "C:\Python 3.11.1\Lib\site-packages\django\template\engine.py", line 175, in get_template
    template, origin = self.find_template(template_name)
                       ^^^^^^^^^^^^^^^^^^^^^^^^^^^^^^^^^
  File "C:\Python 3.11.1\Lib\site-packages\django\template\engine.py", line 157, in find_template
    template = loader.get_template(name, skip=skip)
               ^^^^^^^^^^^^^^^^^^^^^^^^^^^^^^^^^^^^
  File "C:\Python 3.11.1\Lib\site-packages\django\template\loaders\cached.py", line 57, in get_template
    template = super().get_template(template_name, skip)
               ^^^^^^^^^^^^^^^^^^^^^^^^^^^^^^^^^^^^^^^^^
  File "C:\Python 3.11.1\Lib\site-packages\django\template\loaders\base.py", line 28, in get_template
    return Template(
           ^^^^^^^^^
  File "C:\Python 3.11.1\Lib\site-packages\django\template\base.py", line 154, in __init__
    self.nodelist = self.compile_nodelist()
                    ^^^^^^^^^^^^^^^^^^^^^^^
  File "C:\Python 3.11.1\Lib\site-packages\django\template\base.py", line 200, in compile_nodelist
    return parser.parse()
           ^^^^^^^^^^^^^^
  File "C:\Python 3.11.1\Lib\site-packages\django\template\base.py", line 514, in parse
    self.extend_nodelist(nodelist, compiled_result, token)
  File "C:\Python 3.11.1\Lib\site-packages\django\template\base.py", line 531, in extend_nodelist
    raise self.error(
django.template.exceptions.TemplateSyntaxError: <ExtendsNode: extends 'core/base.html'> must be the first tag in the template.
DEBUG 2025-03-24 10:54:50,629 utils Extracted Skills: ['python']
ERROR 2025-03-24 15:11:10,999 log Internal Server Error: /create-profile/
Traceback (most recent call last):
  File "C:\Python 3.11.1\Lib\site-packages\django\template\base.py", line 505, in parse
    compile_func = self.tags[command]
                   ~~~~~~~~~^^^^^^^^^
KeyError: 'static'

During handling of the above exception, another exception occurred:

Traceback (most recent call last):
  File "C:\Python 3.11.1\Lib\site-packages\django\core\handlers\exception.py", line 55, in inner
    response = get_response(request)
               ^^^^^^^^^^^^^^^^^^^^^
  File "C:\Python 3.11.1\Lib\site-packages\django\core\handlers\base.py", line 197, in _get_response
    response = wrapped_callback(request, *callback_args, **callback_kwargs)
               ^^^^^^^^^^^^^^^^^^^^^^^^^^^^^^^^^^^^^^^^^^^^^^^^^^^^^^^^^^^^
  File "C:\Python 3.11.1\Lib\site-packages\django\contrib\auth\decorators.py", line 23, in _wrapper_view
    return view_func(request, *args, **kwargs)
           ^^^^^^^^^^^^^^^^^^^^^^^^^^^^^^^^^^^
  File "C:\Users\anees\Desktop\clone\SkillMatchApp\core\views.py", line 78, in create_profile
    return render(request, 'core/create_profile.html', {'form': form, 'is_update': is_update})
           ^^^^^^^^^^^^^^^^^^^^^^^^^^^^^^^^^^^^^^^^^^^^^^^^^^^^^^^^^^^^^^^^^^^^^^^^^^^^^^^^^^^
  File "C:\Python 3.11.1\Lib\site-packages\django\shortcuts.py", line 24, in render
    content = loader.render_to_string(template_name, context, request, using=using)
              ^^^^^^^^^^^^^^^^^^^^^^^^^^^^^^^^^^^^^^^^^^^^^^^^^^^^^^^^^^^^^^^^^^^^^
  File "C:\Python 3.11.1\Lib\site-packages\django\template\loader.py", line 62, in render_to_string
    return template.render(context, request)
           ^^^^^^^^^^^^^^^^^^^^^^^^^^^^^^^^^
  File "C:\Python 3.11.1\Lib\site-packages\django\template\backends\django.py", line 61, in render
    return self.template.render(context)
           ^^^^^^^^^^^^^^^^^^^^^^^^^^^^^
  File "C:\Python 3.11.1\Lib\site-packages\django\template\base.py", line 175, in render
    return self._render(context)
           ^^^^^^^^^^^^^^^^^^^^^
  File "C:\Python 3.11.1\Lib\site-packages\django\template\base.py", line 167, in _render
    return self.nodelist.render(context)
           ^^^^^^^^^^^^^^^^^^^^^^^^^^^^^
  File "C:\Python 3.11.1\Lib\site-packages\django\template\base.py", line 1005, in render
    return SafeString("".join([node.render_annotated(context) for node in self]))
                              ^^^^^^^^^^^^^^^^^^^^^^^^^^^^^^^^^^^^^^^^^^^^^^^^^
  File "C:\Python 3.11.1\Lib\site-packages\django\template\base.py", line 1005, in <listcomp>
    return SafeString("".join([node.render_annotated(context) for node in self]))
                               ^^^^^^^^^^^^^^^^^^^^^^^^^^^^^^
  File "C:\Python 3.11.1\Lib\site-packages\django\template\base.py", line 966, in render_annotated
    return self.render(context)
           ^^^^^^^^^^^^^^^^^^^^
  File "C:\Python 3.11.1\Lib\site-packages\django\template\loader_tags.py", line 132, in render
    compiled_parent = self.get_parent(context)
                      ^^^^^^^^^^^^^^^^^^^^^^^^
  File "C:\Python 3.11.1\Lib\site-packages\django\template\loader_tags.py", line 129, in get_parent
    return self.find_template(parent, context)
           ^^^^^^^^^^^^^^^^^^^^^^^^^^^^^^^^^^^
  File "C:\Python 3.11.1\Lib\site-packages\django\template\loader_tags.py", line 107, in find_template
    template, origin = context.template.engine.find_template(
                       ^^^^^^^^^^^^^^^^^^^^^^^^^^^^^^^^^^^^^^
  File "C:\Python 3.11.1\Lib\site-packages\django\template\engine.py", line 157, in find_template
    template = loader.get_template(name, skip=skip)
               ^^^^^^^^^^^^^^^^^^^^^^^^^^^^^^^^^^^^
  File "C:\Python 3.11.1\Lib\site-packages\django\template\loaders\cached.py", line 57, in get_template
    template = super().get_template(template_name, skip)
               ^^^^^^^^^^^^^^^^^^^^^^^^^^^^^^^^^^^^^^^^^
  File "C:\Python 3.11.1\Lib\site-packages\django\template\loaders\base.py", line 28, in get_template
    return Template(
           ^^^^^^^^^
  File "C:\Python 3.11.1\Lib\site-packages\django\template\base.py", line 154, in __init__
    self.nodelist = self.compile_nodelist()
                    ^^^^^^^^^^^^^^^^^^^^^^^
  File "C:\Python 3.11.1\Lib\site-packages\django\template\base.py", line 200, in compile_nodelist
    return parser.parse()
           ^^^^^^^^^^^^^^
  File "C:\Python 3.11.1\Lib\site-packages\django\template\base.py", line 507, in parse
    self.invalid_block_tag(token, command, parse_until)
  File "C:\Python 3.11.1\Lib\site-packages\django\template\base.py", line 568, in invalid_block_tag
    raise self.error(
django.template.exceptions.TemplateSyntaxError: Invalid block tag on line 12: 'static'. Did you forget to register or load this tag?
ERROR 2025-03-24 15:14:32,922 log Internal Server Error: /dashboard/
Traceback (most recent call last):
  File "C:\Python 3.11.1\Lib\site-packages\urllib3\connection.py", line 198, in _new_conn
    sock = connection.create_connection(
           ^^^^^^^^^^^^^^^^^^^^^^^^^^^^^
  File "C:\Python 3.11.1\Lib\site-packages\urllib3\util\connection.py", line 85, in create_connection
    raise err
  File "C:\Python 3.11.1\Lib\site-packages\urllib3\util\connection.py", line 73, in create_connection
    sock.connect(sa)
TimeoutError: [WinError 10060] A connection attempt failed because the connected party did not properly respond after a period of time, or established connection failed because connected host has failed to respond

The above exception was the direct cause of the following exception:

Traceback (most recent call last):
  File "C:\Python 3.11.1\Lib\site-packages\urllib3\connectionpool.py", line 787, in urlopen
    response = self._make_request(
               ^^^^^^^^^^^^^^^^^^^
  File "C:\Python 3.11.1\Lib\site-packages\urllib3\connectionpool.py", line 488, in _make_request
    raise new_e
  File "C:\Python 3.11.1\Lib\site-packages\urllib3\connectionpool.py", line 464, in _make_request
    self._validate_conn(conn)
  File "C:\Python 3.11.1\Lib\site-packages\urllib3\connectionpool.py", line 1093, in _validate_conn
    conn.connect()
  File "C:\Python 3.11.1\Lib\site-packages\urllib3\connection.py", line 704, in connect
    self.sock = sock = self._new_conn()
                       ^^^^^^^^^^^^^^^^
  File "C:\Python 3.11.1\Lib\site-packages\urllib3\connection.py", line 207, in _new_conn
    raise ConnectTimeoutError(
urllib3.exceptions.ConnectTimeoutError: (<urllib3.connection.HTTPSConnection object at 0x0000025970F73910>, 'Connection to api.adzuna.com timed out. (connect timeout=None)')

The above exception was the direct cause of the following exception:

Traceback (most recent call last):
  File "C:\Python 3.11.1\Lib\site-packages\requests\adapters.py", line 667, in send
    resp = conn.urlopen(
           ^^^^^^^^^^^^^
  File "C:\Python 3.11.1\Lib\site-packages\urllib3\connectionpool.py", line 841, in urlopen
    retries = retries.increment(
              ^^^^^^^^^^^^^^^^^^
  File "C:\Python 3.11.1\Lib\site-packages\urllib3\util\retry.py", line 519, in increment
    raise MaxRetryError(_pool, url, reason) from reason  # type: ignore[arg-type]
    ^^^^^^^^^^^^^^^^^^^^^^^^^^^^^^^^^^^^^^^^^^^^^^^^^^^
urllib3.exceptions.MaxRetryError: HTTPSConnectionPool(host='api.adzuna.com', port=443): Max retries exceeded with url: /v1/api/jobs/us/search/1?app_id=b8904878&app_key=bdac86d71aad948f5cea80a71f517150&what=python&sort_by=relevance&results_per_page=10 (Caused by ConnectTimeoutError(<urllib3.connection.HTTPSConnection object at 0x0000025970F73910>, 'Connection to api.adzuna.com timed out. (connect timeout=None)'))

During handling of the above exception, another exception occurred:

Traceback (most recent call last):
  File "C:\Python 3.11.1\Lib\site-packages\django\core\handlers\exception.py", line 55, in inner
    response = get_response(request)
               ^^^^^^^^^^^^^^^^^^^^^
  File "C:\Python 3.11.1\Lib\site-packages\django\core\handlers\base.py", line 197, in _get_response
    response = wrapped_callback(request, *callback_args, **callback_kwargs)
               ^^^^^^^^^^^^^^^^^^^^^^^^^^^^^^^^^^^^^^^^^^^^^^^^^^^^^^^^^^^^
  File "C:\Python 3.11.1\Lib\site-packages\django\contrib\auth\decorators.py", line 23, in _wrapper_view
    return view_func(request, *args, **kwargs)
           ^^^^^^^^^^^^^^^^^^^^^^^^^^^^^^^^^^^
  File "C:\Users\anees\Desktop\clone\SkillMatchApp\core\views.py", line 86, in dashboard
    real_time_jobs = fetch_real_time_jobs(user_profile.skills)
                     ^^^^^^^^^^^^^^^^^^^^^^^^^^^^^^^^^^^^^^^^^
  File "C:\Users\anees\Desktop\clone\SkillMatchApp\core\utils.py", line 76, in fetch_real_time_jobs
    response = requests.get(endpoint, params=params)
               ^^^^^^^^^^^^^^^^^^^^^^^^^^^^^^^^^^^^^
  File "C:\Python 3.11.1\Lib\site-packages\requests\api.py", line 73, in get
    return request("get", url, params=params, **kwargs)
           ^^^^^^^^^^^^^^^^^^^^^^^^^^^^^^^^^^^^^^^^^^^^
  File "C:\Python 3.11.1\Lib\site-packages\requests\api.py", line 59, in request
    return session.request(method=method, url=url, **kwargs)
           ^^^^^^^^^^^^^^^^^^^^^^^^^^^^^^^^^^^^^^^^^^^^^^^^^
  File "C:\Python 3.11.1\Lib\site-packages\requests\sessions.py", line 589, in request
    resp = self.send(prep, **send_kwargs)
           ^^^^^^^^^^^^^^^^^^^^^^^^^^^^^^
  File "C:\Python 3.11.1\Lib\site-packages\requests\sessions.py", line 703, in send
    r = adapter.send(request, **kwargs)
        ^^^^^^^^^^^^^^^^^^^^^^^^^^^^^^^
  File "C:\Python 3.11.1\Lib\site-packages\requests\adapters.py", line 688, in send
    raise ConnectTimeout(e, request=request)
requests.exceptions.ConnectTimeout: HTTPSConnectionPool(host='api.adzuna.com', port=443): Max retries exceeded with url: /v1/api/jobs/us/search/1?app_id=b8904878&app_key=bdac86d71aad948f5cea80a71f517150&what=python&sort_by=relevance&results_per_page=10 (Caused by ConnectTimeoutError(<urllib3.connection.HTTPSConnection object at 0x0000025970F73910>, 'Connection to api.adzuna.com timed out. (connect timeout=None)'))
ERROR 2025-03-24 15:14:46,638 log Internal Server Error: /create-profile/
Traceback (most recent call last):
  File "C:\Python 3.11.1\Lib\site-packages\django\template\base.py", line 505, in parse
    compile_func = self.tags[command]
                   ~~~~~~~~~^^^^^^^^^
KeyError: 'static'

During handling of the above exception, another exception occurred:

Traceback (most recent call last):
  File "C:\Python 3.11.1\Lib\site-packages\django\core\handlers\exception.py", line 55, in inner
    response = get_response(request)
               ^^^^^^^^^^^^^^^^^^^^^
  File "C:\Python 3.11.1\Lib\site-packages\django\core\handlers\base.py", line 197, in _get_response
    response = wrapped_callback(request, *callback_args, **callback_kwargs)
               ^^^^^^^^^^^^^^^^^^^^^^^^^^^^^^^^^^^^^^^^^^^^^^^^^^^^^^^^^^^^
  File "C:\Python 3.11.1\Lib\site-packages\django\contrib\auth\decorators.py", line 23, in _wrapper_view
    return view_func(request, *args, **kwargs)
           ^^^^^^^^^^^^^^^^^^^^^^^^^^^^^^^^^^^
  File "C:\Users\anees\Desktop\clone\SkillMatchApp\core\views.py", line 78, in create_profile
    return render(request, 'core/create_profile.html', {'form': form, 'is_update': is_update})
           ^^^^^^^^^^^^^^^^^^^^^^^^^^^^^^^^^^^^^^^^^^^^^^^^^^^^^^^^^^^^^^^^^^^^^^^^^^^^^^^^^^^
  File "C:\Python 3.11.1\Lib\site-packages\django\shortcuts.py", line 24, in render
    content = loader.render_to_string(template_name, context, request, using=using)
              ^^^^^^^^^^^^^^^^^^^^^^^^^^^^^^^^^^^^^^^^^^^^^^^^^^^^^^^^^^^^^^^^^^^^^
  File "C:\Python 3.11.1\Lib\site-packages\django\template\loader.py", line 62, in render_to_string
    return template.render(context, request)
           ^^^^^^^^^^^^^^^^^^^^^^^^^^^^^^^^^
  File "C:\Python 3.11.1\Lib\site-packages\django\template\backends\django.py", line 61, in render
    return self.template.render(context)
           ^^^^^^^^^^^^^^^^^^^^^^^^^^^^^
  File "C:\Python 3.11.1\Lib\site-packages\django\template\base.py", line 175, in render
    return self._render(context)
           ^^^^^^^^^^^^^^^^^^^^^
  File "C:\Python 3.11.1\Lib\site-packages\django\template\base.py", line 167, in _render
    return self.nodelist.render(context)
           ^^^^^^^^^^^^^^^^^^^^^^^^^^^^^
  File "C:\Python 3.11.1\Lib\site-packages\django\template\base.py", line 1005, in render
    return SafeString("".join([node.render_annotated(context) for node in self]))
                              ^^^^^^^^^^^^^^^^^^^^^^^^^^^^^^^^^^^^^^^^^^^^^^^^^
  File "C:\Python 3.11.1\Lib\site-packages\django\template\base.py", line 1005, in <listcomp>
    return SafeString("".join([node.render_annotated(context) for node in self]))
                               ^^^^^^^^^^^^^^^^^^^^^^^^^^^^^^
  File "C:\Python 3.11.1\Lib\site-packages\django\template\base.py", line 966, in render_annotated
    return self.render(context)
           ^^^^^^^^^^^^^^^^^^^^
  File "C:\Python 3.11.1\Lib\site-packages\django\template\loader_tags.py", line 132, in render
    compiled_parent = self.get_parent(context)
                      ^^^^^^^^^^^^^^^^^^^^^^^^
  File "C:\Python 3.11.1\Lib\site-packages\django\template\loader_tags.py", line 129, in get_parent
    return self.find_template(parent, context)
           ^^^^^^^^^^^^^^^^^^^^^^^^^^^^^^^^^^^
  File "C:\Python 3.11.1\Lib\site-packages\django\template\loader_tags.py", line 107, in find_template
    template, origin = context.template.engine.find_template(
                       ^^^^^^^^^^^^^^^^^^^^^^^^^^^^^^^^^^^^^^
  File "C:\Python 3.11.1\Lib\site-packages\django\template\engine.py", line 157, in find_template
    template = loader.get_template(name, skip=skip)
               ^^^^^^^^^^^^^^^^^^^^^^^^^^^^^^^^^^^^
  File "C:\Python 3.11.1\Lib\site-packages\django\template\loaders\cached.py", line 57, in get_template
    template = super().get_template(template_name, skip)
               ^^^^^^^^^^^^^^^^^^^^^^^^^^^^^^^^^^^^^^^^^
  File "C:\Python 3.11.1\Lib\site-packages\django\template\loaders\base.py", line 28, in get_template
    return Template(
           ^^^^^^^^^
  File "C:\Python 3.11.1\Lib\site-packages\django\template\base.py", line 154, in __init__
    self.nodelist = self.compile_nodelist()
                    ^^^^^^^^^^^^^^^^^^^^^^^
  File "C:\Python 3.11.1\Lib\site-packages\django\template\base.py", line 200, in compile_nodelist
    return parser.parse()
           ^^^^^^^^^^^^^^
  File "C:\Python 3.11.1\Lib\site-packages\django\template\base.py", line 507, in parse
    self.invalid_block_tag(token, command, parse_until)
  File "C:\Python 3.11.1\Lib\site-packages\django\template\base.py", line 568, in invalid_block_tag
    raise self.error(
django.template.exceptions.TemplateSyntaxError: Invalid block tag on line 12: 'static'. Did you forget to register or load this tag?
WARNING 2025-03-24 21:05:49,110 log Not Found: /favicon.ico
WARNING 2025-03-26 20:31:35,282 log Not Found: /favicon.ico
WARNING 2025-03-26 21:39:29,647 log Not Found: /home/
ERROR 2025-03-26 21:55:56,224 log Internal Server Error: /home/
Traceback (most recent call last):
  File "C:\Python 3.11.1\Lib\site-packages\django\template\backends\django.py", line 61, in render
    return self.template.render(context)
           ^^^^^^^^^^^^^^^^^^^^^^^^^^^^^
  File "C:\Python 3.11.1\Lib\site-packages\django\template\base.py", line 175, in render
    return self._render(context)
           ^^^^^^^^^^^^^^^^^^^^^
  File "C:\Python 3.11.1\Lib\site-packages\django\template\base.py", line 167, in _render
    return self.nodelist.render(context)
           ^^^^^^^^^^^^^^^^^^^^^^^^^^^^^
  File "C:\Python 3.11.1\Lib\site-packages\django\template\base.py", line 1005, in render
    return SafeString("".join([node.render_annotated(context) for node in self]))
                              ^^^^^^^^^^^^^^^^^^^^^^^^^^^^^^^^^^^^^^^^^^^^^^^^^
  File "C:\Python 3.11.1\Lib\site-packages\django\template\base.py", line 1005, in <listcomp>
    return SafeString("".join([node.render_annotated(context) for node in self]))
                               ^^^^^^^^^^^^^^^^^^^^^^^^^^^^^^
  File "C:\Python 3.11.1\Lib\site-packages\django\template\base.py", line 966, in render_annotated
    return self.render(context)
           ^^^^^^^^^^^^^^^^^^^^
  File "C:\Python 3.11.1\Lib\site-packages\django\template\loader_tags.py", line 132, in render
    compiled_parent = self.get_parent(context)
                      ^^^^^^^^^^^^^^^^^^^^^^^^
  File "C:\Python 3.11.1\Lib\site-packages\django\template\loader_tags.py", line 129, in get_parent
    return self.find_template(parent, context)
           ^^^^^^^^^^^^^^^^^^^^^^^^^^^^^^^^^^^
  File "C:\Python 3.11.1\Lib\site-packages\django\template\loader_tags.py", line 107, in find_template
    template, origin = context.template.engine.find_template(
                       ^^^^^^^^^^^^^^^^^^^^^^^^^^^^^^^^^^^^^^
  File "C:\Python 3.11.1\Lib\site-packages\django\template\engine.py", line 161, in find_template
    raise TemplateDoesNotExist(name, tried=tried)
django.template.exceptions.TemplateDoesNotExist: base.html

The above exception was the direct cause of the following exception:

Traceback (most recent call last):
  File "C:\Python 3.11.1\Lib\site-packages\django\core\handlers\exception.py", line 55, in inner
    response = get_response(request)
               ^^^^^^^^^^^^^^^^^^^^^
  File "C:\Python 3.11.1\Lib\site-packages\django\core\handlers\base.py", line 197, in _get_response
    response = wrapped_callback(request, *callback_args, **callback_kwargs)
               ^^^^^^^^^^^^^^^^^^^^^^^^^^^^^^^^^^^^^^^^^^^^^^^^^^^^^^^^^^^^
  File "C:\Users\anees\Desktop\clone\SkillMatchApp\core\views.py", line 11, in home
    return render(request, 'core/home.html')
           ^^^^^^^^^^^^^^^^^^^^^^^^^^^^^^^^^
  File "C:\Python 3.11.1\Lib\site-packages\django\shortcuts.py", line 24, in render
    content = loader.render_to_string(template_name, context, request, using=using)
              ^^^^^^^^^^^^^^^^^^^^^^^^^^^^^^^^^^^^^^^^^^^^^^^^^^^^^^^^^^^^^^^^^^^^^
  File "C:\Python 3.11.1\Lib\site-packages\django\template\loader.py", line 62, in render_to_string
    return template.render(context, request)
           ^^^^^^^^^^^^^^^^^^^^^^^^^^^^^^^^^
  File "C:\Python 3.11.1\Lib\site-packages\django\template\backends\django.py", line 63, in render
    reraise(exc, self.backend)
  File "C:\Python 3.11.1\Lib\site-packages\django\template\backends\django.py", line 84, in reraise
    raise new from exc
django.template.exceptions.TemplateDoesNotExist: base.html
ERROR 2025-03-26 21:56:48,945 log Internal Server Error: /home/
Traceback (most recent call last):
  File "C:\Python 3.11.1\Lib\site-packages\django\template\backends\django.py", line 61, in render
    return self.template.render(context)
           ^^^^^^^^^^^^^^^^^^^^^^^^^^^^^
  File "C:\Python 3.11.1\Lib\site-packages\django\template\base.py", line 175, in render
    return self._render(context)
           ^^^^^^^^^^^^^^^^^^^^^
  File "C:\Python 3.11.1\Lib\site-packages\django\template\base.py", line 167, in _render
    return self.nodelist.render(context)
           ^^^^^^^^^^^^^^^^^^^^^^^^^^^^^
  File "C:\Python 3.11.1\Lib\site-packages\django\template\base.py", line 1005, in render
    return SafeString("".join([node.render_annotated(context) for node in self]))
                              ^^^^^^^^^^^^^^^^^^^^^^^^^^^^^^^^^^^^^^^^^^^^^^^^^
  File "C:\Python 3.11.1\Lib\site-packages\django\template\base.py", line 1005, in <listcomp>
    return SafeString("".join([node.render_annotated(context) for node in self]))
                               ^^^^^^^^^^^^^^^^^^^^^^^^^^^^^^
  File "C:\Python 3.11.1\Lib\site-packages\django\template\base.py", line 966, in render_annotated
    return self.render(context)
           ^^^^^^^^^^^^^^^^^^^^
  File "C:\Python 3.11.1\Lib\site-packages\django\template\loader_tags.py", line 132, in render
    compiled_parent = self.get_parent(context)
                      ^^^^^^^^^^^^^^^^^^^^^^^^
  File "C:\Python 3.11.1\Lib\site-packages\django\template\loader_tags.py", line 129, in get_parent
    return self.find_template(parent, context)
           ^^^^^^^^^^^^^^^^^^^^^^^^^^^^^^^^^^^
  File "C:\Python 3.11.1\Lib\site-packages\django\template\loader_tags.py", line 107, in find_template
    template, origin = context.template.engine.find_template(
                       ^^^^^^^^^^^^^^^^^^^^^^^^^^^^^^^^^^^^^^
  File "C:\Python 3.11.1\Lib\site-packages\django\template\engine.py", line 161, in find_template
    raise TemplateDoesNotExist(name, tried=tried)
django.template.exceptions.TemplateDoesNotExist: base.html

The above exception was the direct cause of the following exception:

Traceback (most recent call last):
  File "C:\Python 3.11.1\Lib\site-packages\django\core\handlers\exception.py", line 55, in inner
    response = get_response(request)
               ^^^^^^^^^^^^^^^^^^^^^
  File "C:\Python 3.11.1\Lib\site-packages\django\core\handlers\base.py", line 197, in _get_response
    response = wrapped_callback(request, *callback_args, **callback_kwargs)
               ^^^^^^^^^^^^^^^^^^^^^^^^^^^^^^^^^^^^^^^^^^^^^^^^^^^^^^^^^^^^
  File "C:\Users\anees\Desktop\clone\SkillMatchApp\core\views.py", line 11, in home
    return render(request, 'core/home.html')
           ^^^^^^^^^^^^^^^^^^^^^^^^^^^^^^^^^
  File "C:\Python 3.11.1\Lib\site-packages\django\shortcuts.py", line 24, in render
    content = loader.render_to_string(template_name, context, request, using=using)
              ^^^^^^^^^^^^^^^^^^^^^^^^^^^^^^^^^^^^^^^^^^^^^^^^^^^^^^^^^^^^^^^^^^^^^
  File "C:\Python 3.11.1\Lib\site-packages\django\template\loader.py", line 62, in render_to_string
    return template.render(context, request)
           ^^^^^^^^^^^^^^^^^^^^^^^^^^^^^^^^^
  File "C:\Python 3.11.1\Lib\site-packages\django\template\backends\django.py", line 63, in render
    reraise(exc, self.backend)
  File "C:\Python 3.11.1\Lib\site-packages\django\template\backends\django.py", line 84, in reraise
    raise new from exc
django.template.exceptions.TemplateDoesNotExist: base.html
ERROR 2025-03-26 21:57:52,087 log Internal Server Error: /home/
Traceback (most recent call last):
  File "C:\Python 3.11.1\Lib\site-packages\django\core\handlers\exception.py", line 55, in inner
    response = get_response(request)
               ^^^^^^^^^^^^^^^^^^^^^
  File "C:\Python 3.11.1\Lib\site-packages\django\core\handlers\base.py", line 197, in _get_response
    response = wrapped_callback(request, *callback_args, **callback_kwargs)
               ^^^^^^^^^^^^^^^^^^^^^^^^^^^^^^^^^^^^^^^^^^^^^^^^^^^^^^^^^^^^
  File "C:\Users\anees\Desktop\clone\SkillMatchApp\core\views.py", line 11, in home
    return render(request, 'core/home.html')
           ^^^^^^^^^^^^^^^^^^^^^^^^^^^^^^^^^
  File "C:\Python 3.11.1\Lib\site-packages\django\shortcuts.py", line 24, in render
    content = loader.render_to_string(template_name, context, request, using=using)
              ^^^^^^^^^^^^^^^^^^^^^^^^^^^^^^^^^^^^^^^^^^^^^^^^^^^^^^^^^^^^^^^^^^^^^
  File "C:\Python 3.11.1\Lib\site-packages\django\template\loader.py", line 61, in render_to_string
    template = get_template(template_name, using=using)
               ^^^^^^^^^^^^^^^^^^^^^^^^^^^^^^^^^^^^^^^^
  File "C:\Python 3.11.1\Lib\site-packages\django\template\loader.py", line 19, in get_template
    raise TemplateDoesNotExist(template_name, chain=chain)
django.template.exceptions.TemplateDoesNotExist: core/home.html
ERROR 2025-03-26 21:57:53,999 log Internal Server Error: /home/
Traceback (most recent call last):
  File "C:\Python 3.11.1\Lib\site-packages\django\core\handlers\exception.py", line 55, in inner
    response = get_response(request)
               ^^^^^^^^^^^^^^^^^^^^^
  File "C:\Python 3.11.1\Lib\site-packages\django\core\handlers\base.py", line 197, in _get_response
    response = wrapped_callback(request, *callback_args, **callback_kwargs)
               ^^^^^^^^^^^^^^^^^^^^^^^^^^^^^^^^^^^^^^^^^^^^^^^^^^^^^^^^^^^^
  File "C:\Users\anees\Desktop\clone\SkillMatchApp\core\views.py", line 11, in home
    return render(request, 'core/home.html')
           ^^^^^^^^^^^^^^^^^^^^^^^^^^^^^^^^^
  File "C:\Python 3.11.1\Lib\site-packages\django\shortcuts.py", line 24, in render
    content = loader.render_to_string(template_name, context, request, using=using)
              ^^^^^^^^^^^^^^^^^^^^^^^^^^^^^^^^^^^^^^^^^^^^^^^^^^^^^^^^^^^^^^^^^^^^^
  File "C:\Python 3.11.1\Lib\site-packages\django\template\loader.py", line 61, in render_to_string
    template = get_template(template_name, using=using)
               ^^^^^^^^^^^^^^^^^^^^^^^^^^^^^^^^^^^^^^^^
  File "C:\Python 3.11.1\Lib\site-packages\django\template\loader.py", line 19, in get_template
    raise TemplateDoesNotExist(template_name, chain=chain)
django.template.exceptions.TemplateDoesNotExist: core/home.html
ERROR 2025-03-26 21:59:00,006 log Internal Server Error: /
Traceback (most recent call last):
  File "C:\Python 3.11.1\Lib\site-packages\django\core\handlers\exception.py", line 55, in inner
    response = get_response(request)
               ^^^^^^^^^^^^^^^^^^^^^
  File "C:\Python 3.11.1\Lib\site-packages\django\core\handlers\base.py", line 197, in _get_response
    response = wrapped_callback(request, *callback_args, **callback_kwargs)
               ^^^^^^^^^^^^^^^^^^^^^^^^^^^^^^^^^^^^^^^^^^^^^^^^^^^^^^^^^^^^
  File "C:\Users\anees\Desktop\clone\SkillMatchApp\core\views.py", line 11, in home
    return render(request, 'core/home.html')
           ^^^^^^^^^^^^^^^^^^^^^^^^^^^^^^^^^
  File "C:\Python 3.11.1\Lib\site-packages\django\shortcuts.py", line 24, in render
    content = loader.render_to_string(template_name, context, request, using=using)
              ^^^^^^^^^^^^^^^^^^^^^^^^^^^^^^^^^^^^^^^^^^^^^^^^^^^^^^^^^^^^^^^^^^^^^
  File "C:\Python 3.11.1\Lib\site-packages\django\template\loader.py", line 61, in render_to_string
    template = get_template(template_name, using=using)
               ^^^^^^^^^^^^^^^^^^^^^^^^^^^^^^^^^^^^^^^^
  File "C:\Python 3.11.1\Lib\site-packages\django\template\loader.py", line 19, in get_template
    raise TemplateDoesNotExist(template_name, chain=chain)
django.template.exceptions.TemplateDoesNotExist: core/home.html
ERROR 2025-03-26 22:00:34,811 log Internal Server Error: /
Traceback (most recent call last):
  File "C:\Python 3.11.1\Lib\site-packages\django\core\handlers\exception.py", line 55, in inner
    response = get_response(request)
               ^^^^^^^^^^^^^^^^^^^^^
  File "C:\Python 3.11.1\Lib\site-packages\django\core\handlers\base.py", line 197, in _get_response
    response = wrapped_callback(request, *callback_args, **callback_kwargs)
               ^^^^^^^^^^^^^^^^^^^^^^^^^^^^^^^^^^^^^^^^^^^^^^^^^^^^^^^^^^^^
  File "C:\Users\anees\Desktop\clone\SkillMatchApp\core\views.py", line 11, in home
    return render(request, 'core/home.html')
           ^^^^^^^^^^^^^^^^^^^^^^^^^^^^^^^^^
  File "C:\Python 3.11.1\Lib\site-packages\django\shortcuts.py", line 24, in render
    content = loader.render_to_string(template_name, context, request, using=using)
              ^^^^^^^^^^^^^^^^^^^^^^^^^^^^^^^^^^^^^^^^^^^^^^^^^^^^^^^^^^^^^^^^^^^^^
  File "C:\Python 3.11.1\Lib\site-packages\django\template\loader.py", line 61, in render_to_string
    template = get_template(template_name, using=using)
               ^^^^^^^^^^^^^^^^^^^^^^^^^^^^^^^^^^^^^^^^
  File "C:\Python 3.11.1\Lib\site-packages\django\template\loader.py", line 19, in get_template
    raise TemplateDoesNotExist(template_name, chain=chain)
django.template.exceptions.TemplateDoesNotExist: core/home.html
ERROR 2025-03-26 22:02:17,500 log Internal Server Error: /
Traceback (most recent call last):
  File "C:\Python 3.11.1\Lib\site-packages\django\template\backends\django.py", line 61, in render
    return self.template.render(context)
           ^^^^^^^^^^^^^^^^^^^^^^^^^^^^^
  File "C:\Python 3.11.1\Lib\site-packages\django\template\base.py", line 175, in render
    return self._render(context)
           ^^^^^^^^^^^^^^^^^^^^^
  File "C:\Python 3.11.1\Lib\site-packages\django\template\base.py", line 167, in _render
    return self.nodelist.render(context)
           ^^^^^^^^^^^^^^^^^^^^^^^^^^^^^
  File "C:\Python 3.11.1\Lib\site-packages\django\template\base.py", line 1005, in render
    return SafeString("".join([node.render_annotated(context) for node in self]))
                              ^^^^^^^^^^^^^^^^^^^^^^^^^^^^^^^^^^^^^^^^^^^^^^^^^
  File "C:\Python 3.11.1\Lib\site-packages\django\template\base.py", line 1005, in <listcomp>
    return SafeString("".join([node.render_annotated(context) for node in self]))
                               ^^^^^^^^^^^^^^^^^^^^^^^^^^^^^^
  File "C:\Python 3.11.1\Lib\site-packages\django\template\base.py", line 966, in render_annotated
    return self.render(context)
           ^^^^^^^^^^^^^^^^^^^^
  File "C:\Python 3.11.1\Lib\site-packages\django\template\loader_tags.py", line 132, in render
    compiled_parent = self.get_parent(context)
                      ^^^^^^^^^^^^^^^^^^^^^^^^
  File "C:\Python 3.11.1\Lib\site-packages\django\template\loader_tags.py", line 129, in get_parent
    return self.find_template(parent, context)
           ^^^^^^^^^^^^^^^^^^^^^^^^^^^^^^^^^^^
  File "C:\Python 3.11.1\Lib\site-packages\django\template\loader_tags.py", line 107, in find_template
    template, origin = context.template.engine.find_template(
                       ^^^^^^^^^^^^^^^^^^^^^^^^^^^^^^^^^^^^^^
  File "C:\Python 3.11.1\Lib\site-packages\django\template\engine.py", line 161, in find_template
    raise TemplateDoesNotExist(name, tried=tried)
django.template.exceptions.TemplateDoesNotExist: base.html

The above exception was the direct cause of the following exception:

Traceback (most recent call last):
  File "C:\Python 3.11.1\Lib\site-packages\django\core\handlers\exception.py", line 55, in inner
    response = get_response(request)
               ^^^^^^^^^^^^^^^^^^^^^
  File "C:\Python 3.11.1\Lib\site-packages\django\core\handlers\base.py", line 197, in _get_response
    response = wrapped_callback(request, *callback_args, **callback_kwargs)
               ^^^^^^^^^^^^^^^^^^^^^^^^^^^^^^^^^^^^^^^^^^^^^^^^^^^^^^^^^^^^
  File "C:\Users\anees\Desktop\clone\SkillMatchApp\core\views.py", line 11, in home
    return render(request, 'core/home.html')
           ^^^^^^^^^^^^^^^^^^^^^^^^^^^^^^^^^
  File "C:\Python 3.11.1\Lib\site-packages\django\shortcuts.py", line 24, in render
    content = loader.render_to_string(template_name, context, request, using=using)
              ^^^^^^^^^^^^^^^^^^^^^^^^^^^^^^^^^^^^^^^^^^^^^^^^^^^^^^^^^^^^^^^^^^^^^
  File "C:\Python 3.11.1\Lib\site-packages\django\template\loader.py", line 62, in render_to_string
    return template.render(context, request)
           ^^^^^^^^^^^^^^^^^^^^^^^^^^^^^^^^^
  File "C:\Python 3.11.1\Lib\site-packages\django\template\backends\django.py", line 63, in render
    reraise(exc, self.backend)
  File "C:\Python 3.11.1\Lib\site-packages\django\template\backends\django.py", line 84, in reraise
    raise new from exc
django.template.exceptions.TemplateDoesNotExist: base.html
ERROR 2025-03-26 22:03:29,782 log Internal Server Error: /dashboard/
Traceback (most recent call last):
  File "C:\Python 3.11.1\Lib\site-packages\django\template\backends\django.py", line 61, in render
    return self.template.render(context)
           ^^^^^^^^^^^^^^^^^^^^^^^^^^^^^
  File "C:\Python 3.11.1\Lib\site-packages\django\template\base.py", line 175, in render
    return self._render(context)
           ^^^^^^^^^^^^^^^^^^^^^
  File "C:\Python 3.11.1\Lib\site-packages\django\template\base.py", line 167, in _render
    return self.nodelist.render(context)
           ^^^^^^^^^^^^^^^^^^^^^^^^^^^^^
  File "C:\Python 3.11.1\Lib\site-packages\django\template\base.py", line 1005, in render
    return SafeString("".join([node.render_annotated(context) for node in self]))
                              ^^^^^^^^^^^^^^^^^^^^^^^^^^^^^^^^^^^^^^^^^^^^^^^^^
  File "C:\Python 3.11.1\Lib\site-packages\django\template\base.py", line 1005, in <listcomp>
    return SafeString("".join([node.render_annotated(context) for node in self]))
                               ^^^^^^^^^^^^^^^^^^^^^^^^^^^^^^
  File "C:\Python 3.11.1\Lib\site-packages\django\template\base.py", line 966, in render_annotated
    return self.render(context)
           ^^^^^^^^^^^^^^^^^^^^
  File "C:\Python 3.11.1\Lib\site-packages\django\template\loader_tags.py", line 132, in render
    compiled_parent = self.get_parent(context)
                      ^^^^^^^^^^^^^^^^^^^^^^^^
  File "C:\Python 3.11.1\Lib\site-packages\django\template\loader_tags.py", line 129, in get_parent
    return self.find_template(parent, context)
           ^^^^^^^^^^^^^^^^^^^^^^^^^^^^^^^^^^^
  File "C:\Python 3.11.1\Lib\site-packages\django\template\loader_tags.py", line 107, in find_template
    template, origin = context.template.engine.find_template(
                       ^^^^^^^^^^^^^^^^^^^^^^^^^^^^^^^^^^^^^^
  File "C:\Python 3.11.1\Lib\site-packages\django\template\engine.py", line 161, in find_template
    raise TemplateDoesNotExist(name, tried=tried)
django.template.exceptions.TemplateDoesNotExist: core/base.html

The above exception was the direct cause of the following exception:

Traceback (most recent call last):
  File "C:\Python 3.11.1\Lib\site-packages\django\core\handlers\exception.py", line 55, in inner
    response = get_response(request)
               ^^^^^^^^^^^^^^^^^^^^^
  File "C:\Python 3.11.1\Lib\site-packages\django\core\handlers\base.py", line 197, in _get_response
    response = wrapped_callback(request, *callback_args, **callback_kwargs)
               ^^^^^^^^^^^^^^^^^^^^^^^^^^^^^^^^^^^^^^^^^^^^^^^^^^^^^^^^^^^^
  File "C:\Python 3.11.1\Lib\site-packages\django\contrib\auth\decorators.py", line 23, in _wrapper_view
    return view_func(request, *args, **kwargs)
           ^^^^^^^^^^^^^^^^^^^^^^^^^^^^^^^^^^^
  File "C:\Users\anees\Desktop\clone\SkillMatchApp\core\views.py", line 108, in dashboard
    return render(request, 'core/dashboard.html', {
           ^^^^^^^^^^^^^^^^^^^^^^^^^^^^^^^^^^^^^^^^
  File "C:\Python 3.11.1\Lib\site-packages\django\shortcuts.py", line 24, in render
    content = loader.render_to_string(template_name, context, request, using=using)
              ^^^^^^^^^^^^^^^^^^^^^^^^^^^^^^^^^^^^^^^^^^^^^^^^^^^^^^^^^^^^^^^^^^^^^
  File "C:\Python 3.11.1\Lib\site-packages\django\template\loader.py", line 62, in render_to_string
    return template.render(context, request)
           ^^^^^^^^^^^^^^^^^^^^^^^^^^^^^^^^^
  File "C:\Python 3.11.1\Lib\site-packages\django\template\backends\django.py", line 63, in render
    reraise(exc, self.backend)
  File "C:\Python 3.11.1\Lib\site-packages\django\template\backends\django.py", line 84, in reraise
    raise new from exc
django.template.exceptions.TemplateDoesNotExist: core/base.html
DEBUG 2025-03-26 22:15:14,329 utils Extracted Skills: ['python']
ERROR 2025-03-26 22:41:26,769 log Internal Server Error: /dashboard/
Traceback (most recent call last):
  File "C:\Python 3.11.1\Lib\site-packages\urllib3\connectionpool.py", line 464, in _make_request
    self._validate_conn(conn)
  File "C:\Python 3.11.1\Lib\site-packages\urllib3\connectionpool.py", line 1093, in _validate_conn
    conn.connect()
  File "C:\Python 3.11.1\Lib\site-packages\urllib3\connection.py", line 741, in connect
    sock_and_verified = _ssl_wrap_socket_and_match_hostname(
                        ^^^^^^^^^^^^^^^^^^^^^^^^^^^^^^^^^^^^
  File "C:\Python 3.11.1\Lib\site-packages\urllib3\connection.py", line 920, in _ssl_wrap_socket_and_match_hostname
    ssl_sock = ssl_wrap_socket(
               ^^^^^^^^^^^^^^^^
  File "C:\Python 3.11.1\Lib\site-packages\urllib3\util\ssl_.py", line 460, in ssl_wrap_socket
    ssl_sock = _ssl_wrap_socket_impl(sock, context, tls_in_tls, server_hostname)
               ^^^^^^^^^^^^^^^^^^^^^^^^^^^^^^^^^^^^^^^^^^^^^^^^^^^^^^^^^^^^^^^^^
  File "C:\Python 3.11.1\Lib\site-packages\urllib3\util\ssl_.py", line 504, in _ssl_wrap_socket_impl
    return ssl_context.wrap_socket(sock, server_hostname=server_hostname)
           ^^^^^^^^^^^^^^^^^^^^^^^^^^^^^^^^^^^^^^^^^^^^^^^^^^^^^^^^^^^^^^
  File "C:\Python 3.11.1\Lib\ssl.py", line 517, in wrap_socket
    return self.sslsocket_class._create(
           ^^^^^^^^^^^^^^^^^^^^^^^^^^^^^
  File "C:\Python 3.11.1\Lib\ssl.py", line 1075, in _create
    self.do_handshake()
  File "C:\Python 3.11.1\Lib\ssl.py", line 1346, in do_handshake
    self._sslobj.do_handshake()
ssl.SSLCertVerificationError: [SSL: CERTIFICATE_VERIFY_FAILED] certificate verify failed: self signed certificate in certificate chain (_ssl.c:992)

During handling of the above exception, another exception occurred:

Traceback (most recent call last):
  File "C:\Python 3.11.1\Lib\site-packages\urllib3\connectionpool.py", line 787, in urlopen
    response = self._make_request(
               ^^^^^^^^^^^^^^^^^^^
  File "C:\Python 3.11.1\Lib\site-packages\urllib3\connectionpool.py", line 488, in _make_request
    raise new_e
urllib3.exceptions.SSLError: [SSL: CERTIFICATE_VERIFY_FAILED] certificate verify failed: self signed certificate in certificate chain (_ssl.c:992)

The above exception was the direct cause of the following exception:

Traceback (most recent call last):
  File "C:\Python 3.11.1\Lib\site-packages\requests\adapters.py", line 667, in send
    resp = conn.urlopen(
           ^^^^^^^^^^^^^
  File "C:\Python 3.11.1\Lib\site-packages\urllib3\connectionpool.py", line 841, in urlopen
    retries = retries.increment(
              ^^^^^^^^^^^^^^^^^^
  File "C:\Python 3.11.1\Lib\site-packages\urllib3\util\retry.py", line 519, in increment
    raise MaxRetryError(_pool, url, reason) from reason  # type: ignore[arg-type]
    ^^^^^^^^^^^^^^^^^^^^^^^^^^^^^^^^^^^^^^^^^^^^^^^^^^^
urllib3.exceptions.MaxRetryError: HTTPSConnectionPool(host='api.adzuna.com', port=443): Max retries exceeded with url: /v1/api/jobs/us/search/1?app_id=b8904878&app_key=bdac86d71aad948f5cea80a71f517150&what=python&sort_by=relevance&results_per_page=10 (Caused by SSLError(SSLCertVerificationError(1, '[SSL: CERTIFICATE_VERIFY_FAILED] certificate verify failed: self signed certificate in certificate chain (_ssl.c:992)')))

During handling of the above exception, another exception occurred:

Traceback (most recent call last):
  File "C:\Python 3.11.1\Lib\site-packages\django\core\handlers\exception.py", line 55, in inner
    response = get_response(request)
               ^^^^^^^^^^^^^^^^^^^^^
  File "C:\Python 3.11.1\Lib\site-packages\django\core\handlers\base.py", line 197, in _get_response
    response = wrapped_callback(request, *callback_args, **callback_kwargs)
               ^^^^^^^^^^^^^^^^^^^^^^^^^^^^^^^^^^^^^^^^^^^^^^^^^^^^^^^^^^^^
  File "C:\Python 3.11.1\Lib\site-packages\django\contrib\auth\decorators.py", line 23, in _wrapper_view
    return view_func(request, *args, **kwargs)
           ^^^^^^^^^^^^^^^^^^^^^^^^^^^^^^^^^^^
  File "C:\Users\anees\Desktop\clone\SkillMatchApp\core\views.py", line 93, in dashboard
    real_time_jobs = fetch_real_time_jobs(user_profile.skills)
                     ^^^^^^^^^^^^^^^^^^^^^^^^^^^^^^^^^^^^^^^^^
  File "C:\Users\anees\Desktop\clone\SkillMatchApp\core\utils.py", line 80, in fetch_real_time_jobs
    response = requests.get(endpoint, params=params)
               ^^^^^^^^^^^^^^^^^^^^^^^^^^^^^^^^^^^^^
  File "C:\Python 3.11.1\Lib\site-packages\requests\api.py", line 73, in get
    return request("get", url, params=params, **kwargs)
           ^^^^^^^^^^^^^^^^^^^^^^^^^^^^^^^^^^^^^^^^^^^^
  File "C:\Python 3.11.1\Lib\site-packages\requests\api.py", line 59, in request
    return session.request(method=method, url=url, **kwargs)
           ^^^^^^^^^^^^^^^^^^^^^^^^^^^^^^^^^^^^^^^^^^^^^^^^^
  File "C:\Python 3.11.1\Lib\site-packages\requests\sessions.py", line 589, in request
    resp = self.send(prep, **send_kwargs)
           ^^^^^^^^^^^^^^^^^^^^^^^^^^^^^^
  File "C:\Python 3.11.1\Lib\site-packages\requests\sessions.py", line 703, in send
    r = adapter.send(request, **kwargs)
        ^^^^^^^^^^^^^^^^^^^^^^^^^^^^^^^
  File "C:\Python 3.11.1\Lib\site-packages\requests\adapters.py", line 698, in send
    raise SSLError(e, request=request)
requests.exceptions.SSLError: HTTPSConnectionPool(host='api.adzuna.com', port=443): Max retries exceeded with url: /v1/api/jobs/us/search/1?app_id=b8904878&app_key=bdac86d71aad948f5cea80a71f517150&what=python&sort_by=relevance&results_per_page=10 (Caused by SSLError(SSLCertVerificationError(1, '[SSL: CERTIFICATE_VERIFY_FAILED] certificate verify failed: self signed certificate in certificate chain (_ssl.c:992)')))
DEBUG 2025-03-27 11:36:01,553 utils Extracted Skills: []
INFO 2025-03-27 11:36:10,416 utils No skills provided for GitHub API query.
INFO 2025-03-27 11:36:11,136 utils No skills provided for GitHub API query.
DEBUG 2025-03-27 11:36:26,701 utils Extracted Skills: []
INFO 2025-03-27 11:36:31,097 utils No skills provided for GitHub API query.
ERROR 2025-03-27 12:00:40,974 log Internal Server Error: /dashboard/
Traceback (most recent call last):
  File "C:\Python 3.11.1\Lib\site-packages\urllib3\connection.py", line 198, in _new_conn
    sock = connection.create_connection(
           ^^^^^^^^^^^^^^^^^^^^^^^^^^^^^
  File "C:\Python 3.11.1\Lib\site-packages\urllib3\util\connection.py", line 60, in create_connection
    for res in socket.getaddrinfo(host, port, family, socket.SOCK_STREAM):
               ^^^^^^^^^^^^^^^^^^^^^^^^^^^^^^^^^^^^^^^^^^^^^^^^^^^^^^^^^^
  File "C:\Python 3.11.1\Lib\socket.py", line 962, in getaddrinfo
    for res in _socket.getaddrinfo(host, port, family, type, proto, flags):
               ^^^^^^^^^^^^^^^^^^^^^^^^^^^^^^^^^^^^^^^^^^^^^^^^^^^^^^^^^^^
socket.gaierror: [Errno 11001] getaddrinfo failed

The above exception was the direct cause of the following exception:

Traceback (most recent call last):
  File "C:\Python 3.11.1\Lib\site-packages\urllib3\connectionpool.py", line 787, in urlopen
    response = self._make_request(
               ^^^^^^^^^^^^^^^^^^^
  File "C:\Python 3.11.1\Lib\site-packages\urllib3\connectionpool.py", line 488, in _make_request
    raise new_e
  File "C:\Python 3.11.1\Lib\site-packages\urllib3\connectionpool.py", line 464, in _make_request
    self._validate_conn(conn)
  File "C:\Python 3.11.1\Lib\site-packages\urllib3\connectionpool.py", line 1093, in _validate_conn
    conn.connect()
  File "C:\Python 3.11.1\Lib\site-packages\urllib3\connection.py", line 704, in connect
    self.sock = sock = self._new_conn()
                       ^^^^^^^^^^^^^^^^
  File "C:\Python 3.11.1\Lib\site-packages\urllib3\connection.py", line 205, in _new_conn
    raise NameResolutionError(self.host, self, e) from e
urllib3.exceptions.NameResolutionError: <urllib3.connection.HTTPSConnection object at 0x000002CFBF9B1E90>: Failed to resolve 'api.adzuna.com' ([Errno 11001] getaddrinfo failed)

The above exception was the direct cause of the following exception:

Traceback (most recent call last):
  File "C:\Python 3.11.1\Lib\site-packages\requests\adapters.py", line 667, in send
    resp = conn.urlopen(
           ^^^^^^^^^^^^^
  File "C:\Python 3.11.1\Lib\site-packages\urllib3\connectionpool.py", line 841, in urlopen
    retries = retries.increment(
              ^^^^^^^^^^^^^^^^^^
  File "C:\Python 3.11.1\Lib\site-packages\urllib3\util\retry.py", line 519, in increment
    raise MaxRetryError(_pool, url, reason) from reason  # type: ignore[arg-type]
    ^^^^^^^^^^^^^^^^^^^^^^^^^^^^^^^^^^^^^^^^^^^^^^^^^^^
urllib3.exceptions.MaxRetryError: HTTPSConnectionPool(host='api.adzuna.com', port=443): Max retries exceeded with url: /v1/api/jobs/us/search/1?app_id=b8904878&app_key=bdac86d71aad948f5cea80a71f517150&what=&sort_by=relevance&results_per_page=10 (Caused by NameResolutionError("<urllib3.connection.HTTPSConnection object at 0x000002CFBF9B1E90>: Failed to resolve 'api.adzuna.com' ([Errno 11001] getaddrinfo failed)"))

During handling of the above exception, another exception occurred:

Traceback (most recent call last):
  File "C:\Python 3.11.1\Lib\site-packages\django\core\handlers\exception.py", line 55, in inner
    response = get_response(request)
               ^^^^^^^^^^^^^^^^^^^^^
  File "C:\Python 3.11.1\Lib\site-packages\django\core\handlers\base.py", line 197, in _get_response
    response = wrapped_callback(request, *callback_args, **callback_kwargs)
               ^^^^^^^^^^^^^^^^^^^^^^^^^^^^^^^^^^^^^^^^^^^^^^^^^^^^^^^^^^^^
  File "C:\Python 3.11.1\Lib\site-packages\django\contrib\auth\decorators.py", line 23, in _wrapper_view
    return view_func(request, *args, **kwargs)
           ^^^^^^^^^^^^^^^^^^^^^^^^^^^^^^^^^^^
  File "C:\Users\anees\Desktop\clone\SkillMatchApp\core\views.py", line 93, in dashboard
    real_time_jobs = fetch_real_time_jobs(user_profile.skills)
                     ^^^^^^^^^^^^^^^^^^^^^^^^^^^^^^^^^^^^^^^^^
  File "C:\Users\anees\Desktop\clone\SkillMatchApp\core\utils.py", line 80, in fetch_real_time_jobs
    response = requests.get(endpoint, params=params)
               ^^^^^^^^^^^^^^^^^^^^^^^^^^^^^^^^^^^^^
  File "C:\Python 3.11.1\Lib\site-packages\requests\api.py", line 73, in get
    return request("get", url, params=params, **kwargs)
           ^^^^^^^^^^^^^^^^^^^^^^^^^^^^^^^^^^^^^^^^^^^^
  File "C:\Python 3.11.1\Lib\site-packages\requests\api.py", line 59, in request
    return session.request(method=method, url=url, **kwargs)
           ^^^^^^^^^^^^^^^^^^^^^^^^^^^^^^^^^^^^^^^^^^^^^^^^^
  File "C:\Python 3.11.1\Lib\site-packages\requests\sessions.py", line 589, in request
    resp = self.send(prep, **send_kwargs)
           ^^^^^^^^^^^^^^^^^^^^^^^^^^^^^^
  File "C:\Python 3.11.1\Lib\site-packages\requests\sessions.py", line 703, in send
    r = adapter.send(request, **kwargs)
        ^^^^^^^^^^^^^^^^^^^^^^^^^^^^^^^
  File "C:\Python 3.11.1\Lib\site-packages\requests\adapters.py", line 700, in send
    raise ConnectionError(e, request=request)
requests.exceptions.ConnectionError: HTTPSConnectionPool(host='api.adzuna.com', port=443): Max retries exceeded with url: /v1/api/jobs/us/search/1?app_id=b8904878&app_key=bdac86d71aad948f5cea80a71f517150&what=&sort_by=relevance&results_per_page=10 (Caused by NameResolutionError("<urllib3.connection.HTTPSConnection object at 0x000002CFBF9B1E90>: Failed to resolve 'api.adzuna.com' ([Errno 11001] getaddrinfo failed)"))
INFO 2025-03-27 12:07:58,346 utils No skills provided for GitHub API query.
INFO 2025-03-27 12:13:35,825 utils No skills provided for GitHub API query.
INFO 2025-03-27 12:14:04,002 utils No skills provided for GitHub API query.
INFO 2025-03-27 12:14:34,929 utils No skills provided for GitHub API query.
INFO 2025-03-27 12:16:22,406 utils No skills provided for GitHub API query.
DEBUG 2025-03-27 12:17:18,348 utils Extracted Skills: ['python']
DEBUG 2025-03-27 12:22:39,516 utils Extracted Skills: []
INFO 2025-03-27 12:22:42,855 utils No skills provided for GitHub API query.
DEBUG 2025-03-27 12:23:04,526 utils Extracted Skills: []
INFO 2025-03-27 12:23:05,675 utils No skills provided for GitHub API query.
INFO 2025-03-27 12:23:16,805 utils No skills provided for GitHub API query.
INFO 2025-03-27 12:27:50,239 utils No skills provided for GitHub API query.
DEBUG 2025-03-27 12:28:15,612 utils Extracted Skills: ['python']
DEBUG 2025-03-27 12:30:33,557 utils Extracted Skills: []
ERROR 2025-03-27 13:15:27,539 log Internal Server Error: /home/
Traceback (most recent call last):
  File "C:\Python 3.11.1\Lib\site-packages\django\urls\base.py", line 71, in reverse
    extra, resolver = resolver.namespace_dict[ns]
                      ~~~~~~~~~~~~~~~~~~~~~~~^^^^
KeyError: 'jobs'

During handling of the above exception, another exception occurred:

Traceback (most recent call last):
  File "C:\Python 3.11.1\Lib\site-packages\django\core\handlers\exception.py", line 55, in inner
    response = get_response(request)
               ^^^^^^^^^^^^^^^^^^^^^
  File "C:\Python 3.11.1\Lib\site-packages\django\core\handlers\base.py", line 197, in _get_response
    response = wrapped_callback(request, *callback_args, **callback_kwargs)
               ^^^^^^^^^^^^^^^^^^^^^^^^^^^^^^^^^^^^^^^^^^^^^^^^^^^^^^^^^^^^
  File "C:\Users\anees\Desktop\clone\SkillMatchApp\core\views.py", line 11, in home
    return render(request, 'core/home.html')
           ^^^^^^^^^^^^^^^^^^^^^^^^^^^^^^^^^
  File "C:\Python 3.11.1\Lib\site-packages\django\shortcuts.py", line 24, in render
    content = loader.render_to_string(template_name, context, request, using=using)
              ^^^^^^^^^^^^^^^^^^^^^^^^^^^^^^^^^^^^^^^^^^^^^^^^^^^^^^^^^^^^^^^^^^^^^
  File "C:\Python 3.11.1\Lib\site-packages\django\template\loader.py", line 62, in render_to_string
    return template.render(context, request)
           ^^^^^^^^^^^^^^^^^^^^^^^^^^^^^^^^^
  File "C:\Python 3.11.1\Lib\site-packages\django\template\backends\django.py", line 61, in render
    return self.template.render(context)
           ^^^^^^^^^^^^^^^^^^^^^^^^^^^^^
  File "C:\Python 3.11.1\Lib\site-packages\django\template\base.py", line 175, in render
    return self._render(context)
           ^^^^^^^^^^^^^^^^^^^^^
  File "C:\Python 3.11.1\Lib\site-packages\django\template\base.py", line 167, in _render
    return self.nodelist.render(context)
           ^^^^^^^^^^^^^^^^^^^^^^^^^^^^^
  File "C:\Python 3.11.1\Lib\site-packages\django\template\base.py", line 1005, in render
    return SafeString("".join([node.render_annotated(context) for node in self]))
                              ^^^^^^^^^^^^^^^^^^^^^^^^^^^^^^^^^^^^^^^^^^^^^^^^^
  File "C:\Python 3.11.1\Lib\site-packages\django\template\base.py", line 1005, in <listcomp>
    return SafeString("".join([node.render_annotated(context) for node in self]))
                               ^^^^^^^^^^^^^^^^^^^^^^^^^^^^^^
  File "C:\Python 3.11.1\Lib\site-packages\django\template\base.py", line 966, in render_annotated
    return self.render(context)
           ^^^^^^^^^^^^^^^^^^^^
  File "C:\Python 3.11.1\Lib\site-packages\django\template\loader_tags.py", line 157, in render
    return compiled_parent._render(context)
           ^^^^^^^^^^^^^^^^^^^^^^^^^^^^^^^^
  File "C:\Python 3.11.1\Lib\site-packages\django\template\base.py", line 167, in _render
    return self.nodelist.render(context)
           ^^^^^^^^^^^^^^^^^^^^^^^^^^^^^
  File "C:\Python 3.11.1\Lib\site-packages\django\template\base.py", line 1005, in render
    return SafeString("".join([node.render_annotated(context) for node in self]))
                              ^^^^^^^^^^^^^^^^^^^^^^^^^^^^^^^^^^^^^^^^^^^^^^^^^
  File "C:\Python 3.11.1\Lib\site-packages\django\template\base.py", line 1005, in <listcomp>
    return SafeString("".join([node.render_annotated(context) for node in self]))
                               ^^^^^^^^^^^^^^^^^^^^^^^^^^^^^^
  File "C:\Python 3.11.1\Lib\site-packages\django\template\base.py", line 966, in render_annotated
    return self.render(context)
           ^^^^^^^^^^^^^^^^^^^^
  File "C:\Python 3.11.1\Lib\site-packages\django\template\loader_tags.py", line 63, in render
    result = block.nodelist.render(context)
             ^^^^^^^^^^^^^^^^^^^^^^^^^^^^^^
  File "C:\Python 3.11.1\Lib\site-packages\django\template\base.py", line 1005, in render
    return SafeString("".join([node.render_annotated(context) for node in self]))
                              ^^^^^^^^^^^^^^^^^^^^^^^^^^^^^^^^^^^^^^^^^^^^^^^^^
  File "C:\Python 3.11.1\Lib\site-packages\django\template\base.py", line 1005, in <listcomp>
    return SafeString("".join([node.render_annotated(context) for node in self]))
                               ^^^^^^^^^^^^^^^^^^^^^^^^^^^^^^
  File "C:\Python 3.11.1\Lib\site-packages\django\template\base.py", line 966, in render_annotated
    return self.render(context)
           ^^^^^^^^^^^^^^^^^^^^
  File "C:\Python 3.11.1\Lib\site-packages\django\template\defaulttags.py", line 471, in render
    url = reverse(view_name, args=args, kwargs=kwargs, current_app=current_app)
          ^^^^^^^^^^^^^^^^^^^^^^^^^^^^^^^^^^^^^^^^^^^^^^^^^^^^^^^^^^^^^^^^^^^^^
  File "C:\Python 3.11.1\Lib\site-packages\django\urls\base.py", line 82, in reverse
    raise NoReverseMatch("%s is not a registered namespace" % key)
django.urls.exceptions.NoReverseMatch: 'jobs' is not a registered namespace
WARNING 2025-03-27 13:15:27,777 log Not Found: /favicon.ico
DEBUG 2025-03-27 19:42:39,339 psparser seek: 0
DEBUG 2025-03-27 19:42:39,383 pdfdocument find_xref: b''
DEBUG 2025-03-27 19:42:39,383 pdfdocument find_xref: b'%%EOF'
DEBUG 2025-03-27 19:42:39,383 pdfdocument find_xref: b'40811'
DEBUG 2025-03-27 19:42:39,383 pdfdocument find_xref: b'startxref'
DEBUG 2025-03-27 19:42:39,384 pdfdocument xref found: pos=b'40811'
DEBUG 2025-03-27 19:42:39,384 psparser seek: 40811
DEBUG 2025-03-27 19:42:39,386 psparser nexttoken: (40811, /b'xref')
DEBUG 2025-03-27 19:42:39,386 pdfdocument read_xref_from: start=40811, token=/b'xref'
DEBUG 2025-03-27 19:42:39,387 psparser nextline: 40815, b'\n'
DEBUG 2025-03-27 19:42:39,387 psparser nextline: 40816, b'0 103\n'
DEBUG 2025-03-27 19:42:39,388 psparser nextline: 40822, b'0000000000 65535 f \n'
DEBUG 2025-03-27 19:42:39,388 psparser nextline: 40842, b'0000000015 00000 n \n'
DEBUG 2025-03-27 19:42:39,388 psparser nextline: 40862, b'0000000181 00000 n \n'
DEBUG 2025-03-27 19:42:39,388 psparser nextline: 40882, b'0000002685 00000 n \n'
DEBUG 2025-03-27 19:42:39,388 psparser nextline: 40902, b'0000002705 00000 n \n'
DEBUG 2025-03-27 19:42:39,388 psparser nextline: 40922, b'0000002738 00000 n \n'
DEBUG 2025-03-27 19:42:39,388 psparser nextline: 40942, b'0000003867 00000 n \n'
DEBUG 2025-03-27 19:42:39,390 psparser nextline: 40962, b'0000003887 00000 n \n'
DEBUG 2025-03-27 19:42:39,390 psparser nextline: 40982, b'0000003962 00000 n \n'
DEBUG 2025-03-27 19:42:39,390 psparser nextline: 41002, b'0000004113 00000 n \n'
DEBUG 2025-03-27 19:42:39,390 psparser nextline: 41022, b'0000004263 00000 n \n'
DEBUG 2025-03-27 19:42:39,391 psparser nextline: 41042, b'0000004517 00000 n \n'
DEBUG 2025-03-27 19:42:39,392 psparser nextline: 41062, b'0000004670 00000 n \n'
DEBUG 2025-03-27 19:42:39,392 psparser nextline: 41082, b'0000004823 00000 n \n'
DEBUG 2025-03-27 19:42:39,392 psparser nextline: 41102, b'0000034411 00000 n \n'
DEBUG 2025-03-27 19:42:39,393 psparser nextline: 41122, b'0000034503 00000 n \n'
DEBUG 2025-03-27 19:42:39,393 psparser nextline: 41142, b'0000034636 00000 n \n'
DEBUG 2025-03-27 19:42:39,394 psparser nextline: 41162, b'0000034734 00000 n \n'
DEBUG 2025-03-27 19:42:39,394 psparser nextline: 41182, b'0000034884 00000 n \n'
DEBUG 2025-03-27 19:42:39,395 psparser nextline: 41202, b'0000035208 00000 n \n'
DEBUG 2025-03-27 19:42:39,396 psparser nextline: 41222, b'0000035488 00000 n \n'
DEBUG 2025-03-27 19:42:39,396 psparser nextline: 41242, b'0000035647 00000 n \n'
DEBUG 2025-03-27 19:42:39,396 psparser nextline: 41262, b'0000035868 00000 n \n'
DEBUG 2025-03-27 19:42:39,397 psparser nextline: 41282, b'0000036019 00000 n \n'
DEBUG 2025-03-27 19:42:39,397 psparser nextline: 41302, b'0000036170 00000 n \n'
DEBUG 2025-03-27 19:42:39,397 psparser nextline: 41322, b'0000036330 00000 n \n'
DEBUG 2025-03-27 19:42:39,397 psparser nextline: 41342, b'0000036537 00000 n \n'
DEBUG 2025-03-27 19:42:39,397 psparser nextline: 41362, b'0000036773 00000 n \n'
DEBUG 2025-03-27 19:42:39,398 psparser nextline: 41382, b'0000036866 00000 n \n'
DEBUG 2025-03-27 19:42:39,398 psparser nextline: 41402, b'0000037001 00000 n \n'
DEBUG 2025-03-27 19:42:39,398 psparser nextline: 41422, b'0000037093 00000 n \n'
DEBUG 2025-03-27 19:42:39,398 psparser nextline: 41442, b'0000037185 00000 n \n'
DEBUG 2025-03-27 19:42:39,398 psparser nextline: 41462, b'0000038003 00000 n \n'
DEBUG 2025-03-27 19:42:39,398 psparser nextline: 41482, b'0000038355 00000 n \n'
DEBUG 2025-03-27 19:42:39,398 psparser nextline: 41502, b'0000038447 00000 n \n'
DEBUG 2025-03-27 19:42:39,398 psparser nextline: 41522, b'0000038539 00000 n \n'
DEBUG 2025-03-27 19:42:39,398 psparser nextline: 41542, b'0000038641 00000 n \n'
DEBUG 2025-03-27 19:42:39,398 psparser nextline: 41562, b'0000038736 00000 n \n'
DEBUG 2025-03-27 19:42:39,398 psparser nextline: 41582, b'0000038828 00000 n \n'
DEBUG 2025-03-27 19:42:39,399 psparser nextline: 41602, b'0000039001 00000 n \n'
DEBUG 2025-03-27 19:42:39,399 psparser nextline: 41622, b'0000005170 00000 n \n'
DEBUG 2025-03-27 19:42:39,399 psparser nextline: 41642, b'0000007665 00000 n \n'
DEBUG 2025-03-27 19:42:39,399 psparser nextline: 41662, b'0000007686 00000 n \n'
DEBUG 2025-03-27 19:42:39,399 psparser nextline: 41682, b'0000007732 00000 n \n'
DEBUG 2025-03-27 19:42:39,399 psparser nextline: 41702, b'0000040445 00000 n \n'
DEBUG 2025-03-27 19:42:39,399 psparser nextline: 41722, b'0000040164 00000 n \n'
DEBUG 2025-03-27 19:42:39,399 psparser nextline: 41742, b'0000007973 00000 n \n'
DEBUG 2025-03-27 19:42:39,400 psparser nextline: 41762, b'0000039332 00000 n \n'
DEBUG 2025-03-27 19:42:39,400 psparser nextline: 41782, b'0000039465 00000 n \n'
DEBUG 2025-03-27 19:42:39,400 psparser nextline: 41802, b'0000039563 00000 n \n'
DEBUG 2025-03-27 19:42:39,400 psparser nextline: 41822, b'0000039896 00000 n \n'
DEBUG 2025-03-27 19:42:39,400 psparser nextline: 41842, b'0000039987 00000 n \n'
DEBUG 2025-03-27 19:42:39,400 psparser nextline: 41862, b'0000008033 00000 n \n'
DEBUG 2025-03-27 19:42:39,400 psparser nextline: 41882, b'0000008756 00000 n \n'
DEBUG 2025-03-27 19:42:39,400 psparser nextline: 41902, b'0000008776 00000 n \n'
DEBUG 2025-03-27 19:42:39,401 psparser nextline: 41922, b'0000009000 00000 n \n'
DEBUG 2025-03-27 19:42:39,401 psparser nextline: 41942, b'0000009261 00000 n \n'
DEBUG 2025-03-27 19:42:39,401 psparser nextline: 41962, b'0000032455 00000 n \n'
DEBUG 2025-03-27 19:42:39,401 psparser nextline: 41982, b'0000032433 00000 n \n'
DEBUG 2025-03-27 19:42:39,401 psparser nextline: 42002, b'0000032563 00000 n \n'
DEBUG 2025-03-27 19:42:39,401 psparser nextline: 42022, b'0000032582 00000 n \n'
DEBUG 2025-03-27 19:42:39,401 psparser nextline: 42042, b'0000033255 00000 n \n'
DEBUG 2025-03-27 19:42:39,402 psparser nextline: 42062, b'0000032743 00000 n \n'
DEBUG 2025-03-27 19:42:39,402 psparser nextline: 42082, b'0000033855 00000 n \n'
DEBUG 2025-03-27 19:42:39,402 psparser nextline: 42102, b'0000033875 00000 n \n'
DEBUG 2025-03-27 19:42:39,402 psparser nextline: 42122, b'0000040571 00000 n \n'
DEBUG 2025-03-27 19:42:39,402 psparser nextline: 42142, b'0000033938 00000 n \n'
DEBUG 2025-03-27 19:42:39,402 psparser nextline: 42162, b'0000034013 00000 n \n'
DEBUG 2025-03-27 19:42:39,402 psparser nextline: 42182, b'0000034072 00000 n \n'
DEBUG 2025-03-27 19:42:39,402 psparser nextline: 42202, b'0000034130 00000 n \n'
DEBUG 2025-03-27 19:42:39,402 psparser nextline: 42222, b'0000034190 00000 n \n'
DEBUG 2025-03-27 19:42:39,403 psparser nextline: 42242, b'0000034254 00000 n \n'
DEBUG 2025-03-27 19:42:39,403 psparser nextline: 42262, b'0000036632 00000 n \n'
DEBUG 2025-03-27 19:42:39,403 psparser nextline: 42282, b'0000034311 00000 n \n'
DEBUG 2025-03-27 19:42:39,403 psparser nextline: 42302, b'0000034828 00000 n \n'
DEBUG 2025-03-27 19:42:39,403 psparser nextline: 42322, b'0000035152 00000 n \n'
DEBUG 2025-03-27 19:42:39,403 psparser nextline: 42342, b'0000035582 00000 n \n'
DEBUG 2025-03-27 19:42:39,403 psparser nextline: 42362, b'0000036265 00000 n \n'
DEBUG 2025-03-27 19:42:39,404 psparser nextline: 42382, b'0000035740 00000 n \n'
DEBUG 2025-03-27 19:42:39,404 psparser nextline: 42402, b'0000035812 00000 n \n'
DEBUG 2025-03-27 19:42:39,404 psparser nextline: 42422, b'0000035963 00000 n \n'
DEBUG 2025-03-27 19:42:39,404 psparser nextline: 42442, b'0000036114 00000 n \n'
DEBUG 2025-03-27 19:42:39,404 psparser nextline: 42462, b'0000036423 00000 n \n'
DEBUG 2025-03-27 19:42:39,404 psparser nextline: 42482, b'0000036481 00000 n \n'
DEBUG 2025-03-27 19:42:39,405 psparser nextline: 42502, b'0000037965 00000 n \n'
DEBUG 2025-03-27 19:42:39,405 psparser nextline: 42522, b'0000038095 00000 n \n'
DEBUG 2025-03-27 19:42:39,405 psparser nextline: 42542, b'0000038963 00000 n \n'
DEBUG 2025-03-27 19:42:39,406 psparser nextline: 42562, b'0000039093 00000 n \n'
DEBUG 2025-03-27 19:42:39,406 psparser nextline: 42582, b'0000039657 00000 n \n'
DEBUG 2025-03-27 19:42:39,406 psparser nextline: 42602, b'0000040126 00000 n \n'
DEBUG 2025-03-27 19:42:39,406 psparser nextline: 42622, b'0000038155 00000 n \n'
DEBUG 2025-03-27 19:42:39,407 psparser nextline: 42642, b'0000038212 00000 n \n'
DEBUG 2025-03-27 19:42:39,407 psparser nextline: 42662, b'0000038269 00000 n \n'
DEBUG 2025-03-27 19:42:39,407 psparser nextline: 42682, b'0000039153 00000 n \n'
DEBUG 2025-03-27 19:42:39,407 psparser nextline: 42702, b'0000039210 00000 n \n'
DEBUG 2025-03-27 19:42:39,407 psparser nextline: 42722, b'0000039267 00000 n \n'
DEBUG 2025-03-27 19:42:39,409 psparser nextline: 42742, b'0000039717 00000 n \n'
DEBUG 2025-03-27 19:42:39,409 psparser nextline: 42762, b'0000039774 00000 n \n'
DEBUG 2025-03-27 19:42:39,409 psparser nextline: 42782, b'0000039831 00000 n \n'
DEBUG 2025-03-27 19:42:39,409 psparser nextline: 42802, b'0000040085 00000 n \n'
DEBUG 2025-03-27 19:42:39,409 psparser nextline: 42822, b'0000040231 00000 n \n'
DEBUG 2025-03-27 19:42:39,410 psparser nextline: 42842, b'0000040667 00000 n \n'
DEBUG 2025-03-27 19:42:39,410 psparser nextline: 42862, b'0000040712 00000 n \n'
DEBUG 2025-03-27 19:42:39,411 psparser nextline: 42882, b'trailer\n'
DEBUG 2025-03-27 19:42:39,413 psparser seek: 42882
DEBUG 2025-03-27 19:42:39,413 pdfdocument xref objects: {1: (None, 15, 0), 2: (None, 181, 0), 3: (None, 2685, 0), 4: (None, 2705, 0), 5: (None, 2738, 0), 6: (None, 3867, 0), 7: (None, 3887, 0), 8: (None, 3962, 0), 9: (None, 4113, 0), 10: (None, 4263, 0), 11: (None, 4517, 0), 12: (None, 4670, 0), 13: (None, 4823, 0), 14: (None, 34411, 0), 15: (None, 34503, 0), 16: (None, 34636, 0), 17: (None, 34734, 0), 18: (None, 34884, 0), 19: (None, 35208, 0), 20: (None, 35488, 0), 21: (None, 35647, 0), 22: (None, 35868, 0), 23: (None, 36019, 0), 24: (None, 36170, 0), 25: (None, 36330, 0), 26: (None, 36537, 0), 27: (None, 36773, 0), 28: (None, 36866, 0), 29: (None, 37001, 0), 30: (None, 37093, 0), 31: (None, 37185, 0), 32: (None, 38003, 0), 33: (None, 38355, 0), 34: (None, 38447, 0), 35: (None, 38539, 0), 36: (None, 38641, 0), 37: (None, 38736, 0), 38: (None, 38828, 0), 39: (None, 39001, 0), 40: (None, 5170, 0), 41: (None, 7665, 0), 42: (None, 7686, 0), 43: (None, 7732, 0), 44: (None, 40445, 0), 45: (None, 40164, 0), 46: (None, 7973, 0), 47: (None, 39332, 0), 48: (None, 39465, 0), 49: (None, 39563, 0), 50: (None, 39896, 0), 51: (None, 39987, 0), 52: (None, 8033, 0), 53: (None, 8756, 0), 54: (None, 8776, 0), 55: (None, 9000, 0), 56: (None, 9261, 0), 57: (None, 32455, 0), 58: (None, 32433, 0), 59: (None, 32563, 0), 60: (None, 32582, 0), 61: (None, 33255, 0), 62: (None, 32743, 0), 63: (None, 33855, 0), 64: (None, 33875, 0), 65: (None, 40571, 0), 66: (None, 33938, 0), 67: (None, 34013, 0), 68: (None, 34072, 0), 69: (None, 34130, 0), 70: (None, 34190, 0), 71: (None, 34254, 0), 72: (None, 36632, 0), 73: (None, 34311, 0), 74: (None, 34828, 0), 75: (None, 35152, 0), 76: (None, 35582, 0), 77: (None, 36265, 0), 78: (None, 35740, 0), 79: (None, 35812, 0), 80: (None, 35963, 0), 81: (None, 36114, 0), 82: (None, 36423, 0), 83: (None, 36481, 0), 84: (None, 37965, 0), 85: (None, 38095, 0), 86: (None, 38963, 0), 87: (None, 39093, 0), 88: (None, 39657, 0), 89: (None, 40126, 0), 90: (None, 38155, 0), 91: (None, 38212, 0), 92: (None, 38269, 0), 93: (None, 39153, 0), 94: (None, 39210, 0), 95: (None, 39267, 0), 96: (None, 39717, 0), 97: (None, 39774, 0), 98: (None, 39831, 0), 99: (None, 40085, 0), 100: (None, 40231, 0), 101: (None, 40667, 0), 102: (None, 40712, 0)}
DEBUG 2025-03-27 19:42:39,414 psparser nexttoken: (42882, /b'trailer')
DEBUG 2025-03-27 19:42:39,415 psparser nexttoken: (42890, /b'<<')
DEBUG 2025-03-27 19:42:39,416 psparser start_type: pos=42890, type='d'
DEBUG 2025-03-27 19:42:39,416 psparser nexttoken: (42895, /'Root')
DEBUG 2025-03-27 19:42:39,417 psparser nexttoken: (42901, 100)
DEBUG 2025-03-27 19:42:39,417 psparser nexttoken: (42905, 0)
DEBUG 2025-03-27 19:42:39,417 psparser nexttoken: (42907, /b'R')
DEBUG 2025-03-27 19:42:39,418 psparser do_keyword: pos=42907, token=/b'R', stack=[(42895, /'Root'), (42901, 100), (42905, 0)]
DEBUG 2025-03-27 19:42:39,419 psparser nexttoken: (42911, /'Info')
DEBUG 2025-03-27 19:42:39,419 psparser nexttoken: (42917, 1)
DEBUG 2025-03-27 19:42:39,419 psparser nexttoken: (42919, 0)
DEBUG 2025-03-27 19:42:39,419 psparser nexttoken: (42921, /b'R')
DEBUG 2025-03-27 19:42:39,420 psparser do_keyword: pos=42921, token=/b'R', stack=[(42895, /'Root'), (42907, <PDFObjRef:100>), (42911, /'Info'), (42917, 1), (42919, 0)]
DEBUG 2025-03-27 19:42:39,420 psparser nexttoken: (42925, /'ID')
DEBUG 2025-03-27 19:42:39,420 psparser nexttoken: (42929, /b'[')
DEBUG 2025-03-27 19:42:39,420 psparser start_type: pos=42929, type='a'
DEBUG 2025-03-27 19:42:39,422 psparser nexttoken: (42930, b'7\xf2\xbd\xb6\x92F\xbf/;\x04\x88\xe1\xec\x17-}')
DEBUG 2025-03-27 19:42:39,422 psparser nexttoken: (42965, b'7\xf2\xbd\xb6\x92F\xbf/;\x04\x88\xe1\xec\x17-}')
DEBUG 2025-03-27 19:42:39,422 psparser nexttoken: (42999, /b']')
DEBUG 2025-03-27 19:42:39,422 psparser end_type: pos=42929, type='a', objs=[b'7\xf2\xbd\xb6\x92F\xbf/;\x04\x88\xe1\xec\x17-}', b'7\xf2\xbd\xb6\x92F\xbf/;\x04\x88\xe1\xec\x17-}']
DEBUG 2025-03-27 19:42:39,422 psparser nexttoken: (43003, /'Size')
DEBUG 2025-03-27 19:42:39,423 psparser nexttoken: (43009, 103)
DEBUG 2025-03-27 19:42:39,423 psparser nexttoken: (43013, /b'>>')
DEBUG 2025-03-27 19:42:39,423 psparser end_type: pos=42890, type='d', objs=[/'Root', <PDFObjRef:100>, /'Info', <PDFObjRef:1>, /'ID', [b'7\xf2\xbd\xb6\x92F\xbf/;\x04\x88\xe1\xec\x17-}', b'7\xf2\xbd\xb6\x92F\xbf/;\x04\x88\xe1\xec\x17-}'], /'Size', 103]
DEBUG 2025-03-27 19:42:39,425 psparser nexttoken: (43016, /b'startxref')
DEBUG 2025-03-27 19:42:39,425 psparser do_keyword: pos=43016, token=/b'startxref', stack=[(42890, {'Root': <PDFObjRef:100>, 'Info': <PDFObjRef:1>, 'ID': [b'7\xf2\xbd\xb6\x92F\xbf/;\x04\x88\xe1\xec\x17-}', b'7\xf2\xbd\xb6\x92F\xbf/;\x04\x88\xe1\xec\x17-}'], 'Size': 103})]
DEBUG 2025-03-27 19:42:39,426 psparser add_results: ((42890, {'Root': <PDFObjRef:100>, 'Info': <PDFObjRef:1>, 'ID': [b'7\xf2\xbd\xb6\x92F\xbf/;\x04\x88\xe1\xec\x17-}', b'7\xf2\xbd\xb6\x92F\xbf/;\x04\x88\xe1\xec\x17-}'], 'Size': 103}),)
DEBUG 2025-03-27 19:42:39,426 psparser nextobject: (42890, {'Root': <PDFObjRef:100>, 'Info': <PDFObjRef:1>, 'ID': [b'7\xf2\xbd\xb6\x92F\xbf/;\x04\x88\xe1\xec\x17-}', b'7\xf2\xbd\xb6\x92F\xbf/;\x04\x88\xe1\xec\x17-}'], 'Size': 103})
DEBUG 2025-03-27 19:42:39,427 pdfdocument trailer={'Root': <PDFObjRef:100>, 'Info': <PDFObjRef:1>, 'ID': [b'7\xf2\xbd\xb6\x92F\xbf/;\x04\x88\xe1\xec\x17-}', b'7\xf2\xbd\xb6\x92F\xbf/;\x04\x88\xe1\xec\x17-}'], 'Size': 103}
DEBUG 2025-03-27 19:42:39,427 pdfdocument trailer: {'Root': <PDFObjRef:100>, 'Info': <PDFObjRef:1>, 'ID': [b'7\xf2\xbd\xb6\x92F\xbf/;\x04\x88\xe1\xec\x17-}', b'7\xf2\xbd\xb6\x92F\xbf/;\x04\x88\xe1\xec\x17-}'], 'Size': 103}
DEBUG 2025-03-27 19:42:39,428 pdfdocument getobj: objid=1
DEBUG 2025-03-27 19:42:39,429 psparser seek: 15
DEBUG 2025-03-27 19:42:39,430 psparser nexttoken: (15, 1)
DEBUG 2025-03-27 19:42:39,430 psparser nexttoken: (17, 0)
DEBUG 2025-03-27 19:42:39,431 psparser nexttoken: (19, /b'obj')
DEBUG 2025-03-27 19:42:39,431 psparser nexttoken: (23, /b'<<')
DEBUG 2025-03-27 19:42:39,431 psparser start_type: pos=23, type='d'
DEBUG 2025-03-27 19:42:39,431 psparser nexttoken: (26, /'Title')
DEBUG 2025-03-27 19:42:39,431 psparser nexttoken: (33, b'Resume')
DEBUG 2025-03-27 19:42:39,431 psparser nexttoken: (42, /'Author')
DEBUG 2025-03-27 19:42:39,432 psparser nexttoken: (50, b'LinkedIn')
DEBUG 2025-03-27 19:42:39,432 psparser nexttoken: (61, /'Subject')
DEBUG 2025-03-27 19:42:39,432 psparser nexttoken: (70, b'Resume generated from profile')
DEBUG 2025-03-27 19:42:39,432 psparser nexttoken: (102, /'Producer')
DEBUG 2025-03-27 19:42:39,432 psparser nexttoken: (112, b'Apache FOP Version 2.2')
DEBUG 2025-03-27 19:42:39,433 psparser nexttoken: (137, /'CreationDate')
DEBUG 2025-03-27 19:42:39,433 psparser nexttoken: (151, b'D:20250214063644Z')
DEBUG 2025-03-27 19:42:39,433 psparser nexttoken: (171, /b'>>')
DEBUG 2025-03-27 19:42:39,433 psparser end_type: pos=23, type='d', objs=[/'Title', b'Resume', /'Author', b'LinkedIn', /'Subject', b'Resume generated from profile', /'Producer', b'Apache FOP Version 2.2', /'CreationDate', b'D:20250214063644Z']
DEBUG 2025-03-27 19:42:39,435 psparser nexttoken: (174, /b'endobj')
DEBUG 2025-03-27 19:42:39,435 psparser do_keyword: pos=174, token=/b'endobj', stack=[(23, {'Title': b'Resume', 'Author': b'LinkedIn', 'Subject': b'Resume generated from profile', 'Producer': b'Apache FOP Version 2.2', 'CreationDate': b'D:20250214063644Z'})]
DEBUG 2025-03-27 19:42:39,435 psparser add_results: ((23, {'Title': b'Resume', 'Author': b'LinkedIn', 'Subject': b'Resume generated from profile', 'Producer': b'Apache FOP Version 2.2', 'CreationDate': b'D:20250214063644Z'}),)
DEBUG 2025-03-27 19:42:39,435 psparser nextobject: (23, {'Title': b'Resume', 'Author': b'LinkedIn', 'Subject': b'Resume generated from profile', 'Producer': b'Apache FOP Version 2.2', 'CreationDate': b'D:20250214063644Z'})
DEBUG 2025-03-27 19:42:39,435 pdfdocument register: objid=1: {'Title': b'Resume', 'Author': b'LinkedIn', 'Subject': b'Resume generated from profile', 'Producer': b'Apache FOP Version 2.2', 'CreationDate': b'D:20250214063644Z'}
DEBUG 2025-03-27 19:42:39,435 pdfdocument getobj: objid=100
DEBUG 2025-03-27 19:42:39,435 psparser seek: 40231
DEBUG 2025-03-27 19:42:39,435 psparser nexttoken: (40231, 100)
DEBUG 2025-03-27 19:42:39,436 psparser nexttoken: (40235, 0)
DEBUG 2025-03-27 19:42:39,436 psparser nexttoken: (40237, /b'obj')
DEBUG 2025-03-27 19:42:39,436 psparser nexttoken: (40241, /b'<<')
DEBUG 2025-03-27 19:42:39,436 psparser start_type: pos=40241, type='d'
DEBUG 2025-03-27 19:42:39,437 psparser nexttoken: (40246, /'Type')
DEBUG 2025-03-27 19:42:39,437 psparser nexttoken: (40252, /'Catalog')
DEBUG 2025-03-27 19:42:39,437 psparser nexttoken: (40263, /'Pages')
DEBUG 2025-03-27 19:42:39,438 psparser nexttoken: (40270, 45)
DEBUG 2025-03-27 19:42:39,438 psparser nexttoken: (40273, 0)
DEBUG 2025-03-27 19:42:39,438 psparser nexttoken: (40275, /b'R')
DEBUG 2025-03-27 19:42:39,439 psparser do_keyword: pos=40275, token=/b'R', stack=[(40246, /'Type'), (40252, /'Catalog'), (40263, /'Pages'), (40270, 45), (40273, 0)]
DEBUG 2025-03-27 19:42:39,439 psparser nexttoken: (40279, /'Lang')
DEBUG 2025-03-27 19:42:39,439 psparser nexttoken: (40285, b'en')
DEBUG 2025-03-27 19:42:39,439 psparser nexttoken: (40292, /'MarkInfo')
DEBUG 2025-03-27 19:42:39,439 psparser nexttoken: (40302, /b'<<')
DEBUG 2025-03-27 19:42:39,440 psparser start_type: pos=40302, type='d'
DEBUG 2025-03-27 19:42:39,441 psparser nexttoken: (40305, /'Marked')
DEBUG 2025-03-27 19:42:39,442 psparser nexttoken: (40313, True)
DEBUG 2025-03-27 19:42:39,442 psparser nexttoken: (40318, /b'>>')
DEBUG 2025-03-27 19:42:39,443 psparser end_type: pos=40302, type='d', objs=[/'Marked', True]
DEBUG 2025-03-27 19:42:39,443 psparser nexttoken: (40323, /'StructTreeRoot')
DEBUG 2025-03-27 19:42:39,445 psparser nexttoken: (40339, 65)
DEBUG 2025-03-27 19:42:39,445 psparser nexttoken: (40342, 0)
DEBUG 2025-03-27 19:42:39,445 psparser nexttoken: (40344, /b'R')
DEBUG 2025-03-27 19:42:39,445 psparser do_keyword: pos=40344, token=/b'R', stack=[(40246, /'Type'), (40252, /'Catalog'), (40263, /'Pages'), (40275, <PDFObjRef:45>), (40279, /'Lang'), (40285, b'en'), (40292, /'MarkInfo'), (40302, {'Marked': True}), (40323, /'StructTreeRoot'), (40339, 65), (40342, 0)]
DEBUG 2025-03-27 19:42:39,446 psparser nexttoken: (40348, /'Metadata')
DEBUG 2025-03-27 19:42:39,446 psparser nexttoken: (40358, 5)
DEBUG 2025-03-27 19:42:39,446 psparser nexttoken: (40360, 0)
DEBUG 2025-03-27 19:42:39,446 psparser nexttoken: (40362, /b'R')
DEBUG 2025-03-27 19:42:39,447 psparser do_keyword: pos=40362, token=/b'R', stack=[(40246, /'Type'), (40252, /'Catalog'), (40263, /'Pages'), (40275, <PDFObjRef:45>), (40279, /'Lang'), (40285, b'en'), (40292, /'MarkInfo'), (40302, {'Marked': True}), (40323, /'StructTreeRoot'), (40344, <PDFObjRef:65>), (40348, /'Metadata'), (40358, 5), (40360, 0)]
DEBUG 2025-03-27 19:42:39,447 psparser nexttoken: (40366, /'PageLabels')
DEBUG 2025-03-27 19:42:39,447 psparser nexttoken: (40378, 101)
DEBUG 2025-03-27 19:42:39,447 psparser nexttoken: (40382, 0)
DEBUG 2025-03-27 19:42:39,447 psparser nexttoken: (40384, /b'R')
DEBUG 2025-03-27 19:42:39,447 psparser do_keyword: pos=40384, token=/b'R', stack=[(40246, /'Type'), (40252, /'Catalog'), (40263, /'Pages'), (40275, <PDFObjRef:45>), (40279, /'Lang'), (40285, b'en'), (40292, /'MarkInfo'), (40302, {'Marked': True}), (40323, /'StructTreeRoot'), (40344, <PDFObjRef:65>), (40348, /'Metadata'), (40362, <PDFObjRef:5>), (40366, /'PageLabels'), (40378, 101), (40382, 0)]
DEBUG 2025-03-27 19:42:39,447 psparser nexttoken: (40388, /'ViewerPreferences')
DEBUG 2025-03-27 19:42:39,448 psparser nexttoken: (40407, /b'<<')
DEBUG 2025-03-27 19:42:39,448 psparser start_type: pos=40407, type='d'
DEBUG 2025-03-27 19:42:39,448 psparser nexttoken: (40410, /'DisplayDocTitle')
DEBUG 2025-03-27 19:42:39,448 psparser nexttoken: (40427, True)
DEBUG 2025-03-27 19:42:39,448 psparser nexttoken: (40432, /b'>>')
DEBUG 2025-03-27 19:42:39,448 psparser end_type: pos=40407, type='d', objs=[/'DisplayDocTitle', True]
DEBUG 2025-03-27 19:42:39,448 psparser nexttoken: (40435, /b'>>')
DEBUG 2025-03-27 19:42:39,450 psparser end_type: pos=40241, type='d', objs=[/'Type', /'Catalog', /'Pages', <PDFObjRef:45>, /'Lang', b'en', /'MarkInfo', {'Marked': True}, /'StructTreeRoot', <PDFObjRef:65>, /'Metadata', <PDFObjRef:5>, /'PageLabels', <PDFObjRef:101>, /'ViewerPreferences', {'DisplayDocTitle': True}]
DEBUG 2025-03-27 19:42:39,450 psparser nexttoken: (40438, /b'endobj')
DEBUG 2025-03-27 19:42:39,450 psparser do_keyword: pos=40438, token=/b'endobj', stack=[(40241, {'Type': /'Catalog', 'Pages': <PDFObjRef:45>, 'Lang': b'en', 'MarkInfo': {'Marked': True}, 'StructTreeRoot': <PDFObjRef:65>, 'Metadata': <PDFObjRef:5>, 'PageLabels': <PDFObjRef:101>, 'ViewerPreferences': {'DisplayDocTitle': True}})]
DEBUG 2025-03-27 19:42:39,450 psparser add_results: ((40241, {'Type': /'Catalog', 'Pages': <PDFObjRef:45>, 'Lang': b'en', 'MarkInfo': {'Marked': True}, 'StructTreeRoot': <PDFObjRef:65>, 'Metadata': <PDFObjRef:5>, 'PageLabels': <PDFObjRef:101>, 'ViewerPreferences': {'DisplayDocTitle': True}}),)
DEBUG 2025-03-27 19:42:39,450 psparser nextobject: (40241, {'Type': /'Catalog', 'Pages': <PDFObjRef:45>, 'Lang': b'en', 'MarkInfo': {'Marked': True}, 'StructTreeRoot': <PDFObjRef:65>, 'Metadata': <PDFObjRef:5>, 'PageLabels': <PDFObjRef:101>, 'ViewerPreferences': {'DisplayDocTitle': True}})
DEBUG 2025-03-27 19:42:39,450 pdfdocument register: objid=100: {'Type': /'Catalog', 'Pages': <PDFObjRef:45>, 'Lang': b'en', 'MarkInfo': {'Marked': True}, 'StructTreeRoot': <PDFObjRef:65>, 'Metadata': <PDFObjRef:5>, 'PageLabels': <PDFObjRef:101>, 'ViewerPreferences': {'DisplayDocTitle': True}}
DEBUG 2025-03-27 19:42:39,466 pdfdocument getobj: objid=101
DEBUG 2025-03-27 19:42:39,466 psparser seek: 40667
DEBUG 2025-03-27 19:42:39,466 psparser nexttoken: (40667, 101)
DEBUG 2025-03-27 19:42:39,466 psparser nexttoken: (40671, 0)
DEBUG 2025-03-27 19:42:39,467 psparser nexttoken: (40673, /b'obj')
DEBUG 2025-03-27 19:42:39,467 psparser nexttoken: (40677, /b'<<')
DEBUG 2025-03-27 19:42:39,467 psparser start_type: pos=40677, type='d'
DEBUG 2025-03-27 19:42:39,467 psparser nexttoken: (40680, /'Nums')
DEBUG 2025-03-27 19:42:39,468 psparser nexttoken: (40686, /b'[')
DEBUG 2025-03-27 19:42:39,468 psparser start_type: pos=40686, type='a'
DEBUG 2025-03-27 19:42:39,468 psparser nexttoken: (40687, 0)
DEBUG 2025-03-27 19:42:39,468 psparser nexttoken: (40689, /b'<<')
DEBUG 2025-03-27 19:42:39,468 psparser start_type: pos=40689, type='d'
DEBUG 2025-03-27 19:42:39,468 psparser nexttoken: (40692, /'S')
DEBUG 2025-03-27 19:42:39,468 psparser nexttoken: (40695, /'D')
DEBUG 2025-03-27 19:42:39,468 psparser nexttoken: (40698, /b'>>')
DEBUG 2025-03-27 19:42:39,469 psparser end_type: pos=40689, type='d', objs=[/'S', /'D']
DEBUG 2025-03-27 19:42:39,469 psparser nexttoken: (40700, /b']')
DEBUG 2025-03-27 19:42:39,469 psparser end_type: pos=40686, type='a', objs=[0, {'S': /'D'}]
DEBUG 2025-03-27 19:42:39,469 psparser nexttoken: (40702, /b'>>')
DEBUG 2025-03-27 19:42:39,469 psparser end_type: pos=40677, type='d', objs=[/'Nums', [0, {'S': /'D'}]]
DEBUG 2025-03-27 19:42:39,469 psparser nexttoken: (40705, /b'endobj')
DEBUG 2025-03-27 19:42:39,469 psparser do_keyword: pos=40705, token=/b'endobj', stack=[(40677, {'Nums': [0, {'S': /'D'}]})]
DEBUG 2025-03-27 19:42:39,469 psparser add_results: ((40677, {'Nums': [0, {'S': /'D'}]}),)
DEBUG 2025-03-27 19:42:39,469 psparser nextobject: (40677, {'Nums': [0, {'S': /'D'}]})
DEBUG 2025-03-27 19:42:39,469 pdfdocument register: objid=101: {'Nums': [0, {'S': /'D'}]}
DEBUG 2025-03-27 19:42:39,470 pdfdocument getobj: objid=45
DEBUG 2025-03-27 19:42:39,471 psparser seek: 40164
DEBUG 2025-03-27 19:42:39,471 psparser nexttoken: (40164, 45)
DEBUG 2025-03-27 19:42:39,471 psparser nexttoken: (40167, 0)
DEBUG 2025-03-27 19:42:39,471 psparser nexttoken: (40169, /b'obj')
DEBUG 2025-03-27 19:42:39,472 psparser nexttoken: (40173, /b'<<')
DEBUG 2025-03-27 19:42:39,472 psparser start_type: pos=40173, type='d'
DEBUG 2025-03-27 19:42:39,472 psparser nexttoken: (40176, /'Type')
DEBUG 2025-03-27 19:42:39,472 psparser nexttoken: (40182, /'Pages')
DEBUG 2025-03-27 19:42:39,472 psparser nexttoken: (40189, /'Count')
DEBUG 2025-03-27 19:42:39,472 psparser nexttoken: (40196, 2)
DEBUG 2025-03-27 19:42:39,473 psparser nexttoken: (40198, /'Kids')
DEBUG 2025-03-27 19:42:39,473 psparser nexttoken: (40204, /b'[')
DEBUG 2025-03-27 19:42:39,474 psparser start_type: pos=40204, type='a'
DEBUG 2025-03-27 19:42:39,474 psparser nexttoken: (40205, 43)
DEBUG 2025-03-27 19:42:39,475 psparser nexttoken: (40208, 0)
DEBUG 2025-03-27 19:42:39,475 psparser nexttoken: (40210, /b'R')
DEBUG 2025-03-27 19:42:39,476 psparser do_keyword: pos=40210, token=/b'R', stack=[(40205, 43), (40208, 0)]
DEBUG 2025-03-27 19:42:39,476 psparser nexttoken: (40212, 54)
DEBUG 2025-03-27 19:42:39,476 psparser nexttoken: (40215, 0)
DEBUG 2025-03-27 19:42:39,476 psparser nexttoken: (40217, /b'R')
DEBUG 2025-03-27 19:42:39,477 psparser do_keyword: pos=40217, token=/b'R', stack=[(40210, <PDFObjRef:43>), (40212, 54), (40215, 0)]
DEBUG 2025-03-27 19:42:39,479 psparser nexttoken: (40219, /b']')
DEBUG 2025-03-27 19:42:39,479 psparser end_type: pos=40204, type='a', objs=[<PDFObjRef:43>, <PDFObjRef:54>]
DEBUG 2025-03-27 19:42:39,479 psparser nexttoken: (40221, /b'>>')
DEBUG 2025-03-27 19:42:39,479 psparser end_type: pos=40173, type='d', objs=[/'Type', /'Pages', /'Count', 2, /'Kids', [<PDFObjRef:43>, <PDFObjRef:54>]]
DEBUG 2025-03-27 19:42:39,479 psparser nexttoken: (40224, /b'endobj')
DEBUG 2025-03-27 19:42:39,479 psparser do_keyword: pos=40224, token=/b'endobj', stack=[(40173, {'Type': /'Pages', 'Count': 2, 'Kids': [<PDFObjRef:43>, <PDFObjRef:54>]})]
DEBUG 2025-03-27 19:42:39,480 psparser add_results: ((40173, {'Type': /'Pages', 'Count': 2, 'Kids': [<PDFObjRef:43>, <PDFObjRef:54>]}),)
DEBUG 2025-03-27 19:42:39,480 psparser nextobject: (40173, {'Type': /'Pages', 'Count': 2, 'Kids': [<PDFObjRef:43>, <PDFObjRef:54>]})
DEBUG 2025-03-27 19:42:39,480 pdfdocument register: objid=45: {'Type': /'Pages', 'Count': 2, 'Kids': [<PDFObjRef:43>, <PDFObjRef:54>]}
DEBUG 2025-03-27 19:42:39,481 pdfpage Pages: Kids=[<PDFObjRef:43>, <PDFObjRef:54>]
DEBUG 2025-03-27 19:42:39,481 pdfdocument getobj: objid=43
DEBUG 2025-03-27 19:42:39,481 psparser seek: 7732
DEBUG 2025-03-27 19:42:39,481 psparser nexttoken: (7732, 43)
DEBUG 2025-03-27 19:42:39,481 psparser nexttoken: (7735, 0)
DEBUG 2025-03-27 19:42:39,482 psparser nexttoken: (7737, /b'obj')
DEBUG 2025-03-27 19:42:39,482 psparser nexttoken: (7741, /b'<<')
DEBUG 2025-03-27 19:42:39,482 psparser start_type: pos=7741, type='d'
DEBUG 2025-03-27 19:42:39,482 psparser nexttoken: (7746, /'Resources')
DEBUG 2025-03-27 19:42:39,482 psparser nexttoken: (7757, 44)
DEBUG 2025-03-27 19:42:39,483 psparser nexttoken: (7760, 0)
DEBUG 2025-03-27 19:42:39,483 psparser nexttoken: (7762, /b'R')
DEBUG 2025-03-27 19:42:39,483 psparser do_keyword: pos=7762, token=/b'R', stack=[(7746, /'Resources'), (7757, 44), (7760, 0)]
DEBUG 2025-03-27 19:42:39,483 psparser nexttoken: (7766, /'Type')
DEBUG 2025-03-27 19:42:39,483 psparser nexttoken: (7772, /'Page')
DEBUG 2025-03-27 19:42:39,484 psparser nexttoken: (7780, /'MediaBox')
DEBUG 2025-03-27 19:42:39,484 psparser nexttoken: (7790, /b'[')
DEBUG 2025-03-27 19:42:39,484 psparser start_type: pos=7790, type='a'
DEBUG 2025-03-27 19:42:39,484 psparser nexttoken: (7791, 0)
DEBUG 2025-03-27 19:42:39,484 psparser nexttoken: (7793, 0)
DEBUG 2025-03-27 19:42:39,484 psparser nexttoken: (7795, 612)
DEBUG 2025-03-27 19:42:39,485 psparser nexttoken: (7799, 792)
DEBUG 2025-03-27 19:42:39,485 psparser nexttoken: (7802, /b']')
DEBUG 2025-03-27 19:42:39,485 psparser end_type: pos=7790, type='a', objs=[0, 0, 612, 792]
DEBUG 2025-03-27 19:42:39,485 psparser nexttoken: (7806, /'CropBox')
DEBUG 2025-03-27 19:42:39,487 psparser nexttoken: (7815, /b'[')
DEBUG 2025-03-27 19:42:39,487 psparser start_type: pos=7815, type='a'
DEBUG 2025-03-27 19:42:39,487 psparser nexttoken: (7816, 0)
DEBUG 2025-03-27 19:42:39,487 psparser nexttoken: (7818, 0)
DEBUG 2025-03-27 19:42:39,487 psparser nexttoken: (7820, 612)
DEBUG 2025-03-27 19:42:39,487 psparser nexttoken: (7824, 792)
DEBUG 2025-03-27 19:42:39,488 psparser nexttoken: (7827, /b']')
DEBUG 2025-03-27 19:42:39,488 psparser end_type: pos=7815, type='a', objs=[0, 0, 612, 792]
DEBUG 2025-03-27 19:42:39,488 psparser nexttoken: (7831, /'BleedBox')
DEBUG 2025-03-27 19:42:39,488 psparser nexttoken: (7841, /b'[')
DEBUG 2025-03-27 19:42:39,489 psparser start_type: pos=7841, type='a'
DEBUG 2025-03-27 19:42:39,489 psparser nexttoken: (7842, 0)
DEBUG 2025-03-27 19:42:39,489 psparser nexttoken: (7844, 0)
DEBUG 2025-03-27 19:42:39,489 psparser nexttoken: (7846, 612)
DEBUG 2025-03-27 19:42:39,489 psparser nexttoken: (7850, 792)
DEBUG 2025-03-27 19:42:39,489 psparser nexttoken: (7853, /b']')
DEBUG 2025-03-27 19:42:39,490 psparser end_type: pos=7841, type='a', objs=[0, 0, 612, 792]
DEBUG 2025-03-27 19:42:39,492 psparser nexttoken: (7857, /'TrimBox')
DEBUG 2025-03-27 19:42:39,493 psparser nexttoken: (7866, /b'[')
DEBUG 2025-03-27 19:42:39,493 psparser start_type: pos=7866, type='a'
DEBUG 2025-03-27 19:42:39,494 psparser nexttoken: (7867, 0)
DEBUG 2025-03-27 19:42:39,495 psparser nexttoken: (7869, 0)
DEBUG 2025-03-27 19:42:39,496 psparser nexttoken: (7871, 612)
DEBUG 2025-03-27 19:42:39,496 psparser nexttoken: (7875, 792)
DEBUG 2025-03-27 19:42:39,496 psparser nexttoken: (7878, /b']')
DEBUG 2025-03-27 19:42:39,496 psparser end_type: pos=7866, type='a', objs=[0, 0, 612, 792]
DEBUG 2025-03-27 19:42:39,496 psparser nexttoken: (7882, /'Parent')
DEBUG 2025-03-27 19:42:39,496 psparser nexttoken: (7890, 45)
DEBUG 2025-03-27 19:42:39,496 psparser nexttoken: (7893, 0)
DEBUG 2025-03-27 19:42:39,496 psparser nexttoken: (7895, /b'R')
DEBUG 2025-03-27 19:42:39,496 psparser do_keyword: pos=7895, token=/b'R', stack=[(7746, /'Resources'), (7762, <PDFObjRef:44>), (7766, /'Type'), (7772, /'Page'), (7780, /'MediaBox'), (7790, [0, 0, 612, 792]), (7806, /'CropBox'), (7815, [0, 0, 612, 792]), (7831, /'BleedBox'), (7841, [0, 0, 612, 792]), (7857, /'TrimBox'), (7866, [0, 0, 612, 792]), (7882, /'Parent'), (7890, 45), (7893, 0)]
DEBUG 2025-03-27 19:42:39,497 psparser nexttoken: (7899, /'StructParents')
DEBUG 2025-03-27 19:42:39,497 psparser nexttoken: (7914, 0)
DEBUG 2025-03-27 19:42:39,497 psparser nexttoken: (7918, /'Tabs')
DEBUG 2025-03-27 19:42:39,497 psparser nexttoken: (7924, /'S')
DEBUG 2025-03-27 19:42:39,497 psparser nexttoken: (7929, /'Annots')
DEBUG 2025-03-27 19:42:39,497 psparser nexttoken: (7937, 42)
DEBUG 2025-03-27 19:42:39,497 psparser nexttoken: (7940, 0)
DEBUG 2025-03-27 19:42:39,497 psparser nexttoken: (7942, /b'R')
DEBUG 2025-03-27 19:42:39,498 psparser do_keyword: pos=7942, token=/b'R', stack=[(7746, /'Resources'), (7762, <PDFObjRef:44>), (7766, /'Type'), (7772, /'Page'), (7780, /'MediaBox'), (7790, [0, 0, 612, 792]), (7806, /'CropBox'), (7815, [0, 0, 612, 792]), (7831, /'BleedBox'), (7841, [0, 0, 612, 792]), (7857, /'TrimBox'), (7866, [0, 0, 612, 792]), (7882, /'Parent'), (7895, <PDFObjRef:45>), (7899, /'StructParents'), (7914, 0), (7918, /'Tabs'), (7924, /'S'), (7929, /'Annots'), (7937, 42), (7940, 0)]
DEBUG 2025-03-27 19:42:39,500 psparser nexttoken: (7946, /'Contents')
DEBUG 2025-03-27 19:42:39,500 psparser nexttoken: (7956, 40)
DEBUG 2025-03-27 19:42:39,500 psparser nexttoken: (7959, 0)
DEBUG 2025-03-27 19:42:39,500 psparser nexttoken: (7961, /b'R')
DEBUG 2025-03-27 19:42:39,500 psparser do_keyword: pos=7961, token=/b'R', stack=[(7746, /'Resources'), (7762, <PDFObjRef:44>), (7766, /'Type'), (7772, /'Page'), (7780, /'MediaBox'), (7790, [0, 0, 612, 792]), (7806, /'CropBox'), (7815, [0, 0, 612, 792]), (7831, /'BleedBox'), (7841, [0, 0, 612, 792]), (7857, /'TrimBox'), (7866, [0, 0, 612, 792]), (7882, /'Parent'), (7895, <PDFObjRef:45>), (7899, /'StructParents'), (7914, 0), (7918, /'Tabs'), (7924, /'S'), (7929, /'Annots'), (7942, <PDFObjRef:42>), (7946, /'Contents'), (7956, 40), (7959, 0)]
DEBUG 2025-03-27 19:42:39,500 psparser nexttoken: (7963, /b'>>')
DEBUG 2025-03-27 19:42:39,500 psparser end_type: pos=7741, type='d', objs=[/'Resources', <PDFObjRef:44>, /'Type', /'Page', /'MediaBox', [0, 0, 612, 792], /'CropBox', [0, 0, 612, 792], /'BleedBox', [0, 0, 612, 792], /'TrimBox', [0, 0, 612, 792], /'Parent', <PDFObjRef:45>, /'StructParents', 0, /'Tabs', /'S', /'Annots', <PDFObjRef:42>, /'Contents', <PDFObjRef:40>]
DEBUG 2025-03-27 19:42:39,500 psparser nexttoken: (7966, /b'endobj')
DEBUG 2025-03-27 19:42:39,500 psparser do_keyword: pos=7966, token=/b'endobj', stack=[(7741, {'Resources': <PDFObjRef:44>, 'Type': /'Page', 'MediaBox': [0, 0, 612, 792], 'CropBox': [0, 0, 612, 792], 'BleedBox': [0, 0, 612, 792], 'TrimBox': [0, 0, 612, 792], 'Parent': <PDFObjRef:45>, 'StructParents': 0, 'Tabs': /'S', 'Annots': <PDFObjRef:42>, 'Contents': <PDFObjRef:40>})]
DEBUG 2025-03-27 19:42:39,500 psparser add_results: ((7741, {'Resources': <PDFObjRef:44>, 'Type': /'Page', 'MediaBox': [0, 0, 612, 792], 'CropBox': [0, 0, 612, 792], 'BleedBox': [0, 0, 612, 792], 'TrimBox': [0, 0, 612, 792], 'Parent': <PDFObjRef:45>, 'StructParents': 0, 'Tabs': /'S', 'Annots': <PDFObjRef:42>, 'Contents': <PDFObjRef:40>}),)
DEBUG 2025-03-27 19:42:39,501 psparser nextobject: (7741, {'Resources': <PDFObjRef:44>, 'Type': /'Page', 'MediaBox': [0, 0, 612, 792], 'CropBox': [0, 0, 612, 792], 'BleedBox': [0, 0, 612, 792], 'TrimBox': [0, 0, 612, 792], 'Parent': <PDFObjRef:45>, 'StructParents': 0, 'Tabs': /'S', 'Annots': <PDFObjRef:42>, 'Contents': <PDFObjRef:40>})
DEBUG 2025-03-27 19:42:39,501 pdfdocument register: objid=43: {'Resources': <PDFObjRef:44>, 'Type': /'Page', 'MediaBox': [0, 0, 612, 792], 'CropBox': [0, 0, 612, 792], 'BleedBox': [0, 0, 612, 792], 'TrimBox': [0, 0, 612, 792], 'Parent': <PDFObjRef:45>, 'StructParents': 0, 'Tabs': /'S', 'Annots': <PDFObjRef:42>, 'Contents': <PDFObjRef:40>}
DEBUG 2025-03-27 19:42:39,501 pdfpage Page: {'Resources': <PDFObjRef:44>, 'Type': /'Page', 'MediaBox': [0, 0, 612, 792], 'CropBox': [0, 0, 612, 792], 'BleedBox': [0, 0, 612, 792], 'TrimBox': [0, 0, 612, 792], 'Parent': <PDFObjRef:45>, 'StructParents': 0, 'Tabs': /'S', 'Annots': <PDFObjRef:42>, 'Contents': <PDFObjRef:40>}
DEBUG 2025-03-27 19:42:39,503 pdfdocument getobj: objid=44
DEBUG 2025-03-27 19:42:39,503 psparser seek: 40445
DEBUG 2025-03-27 19:42:39,505 psparser nexttoken: (40445, 44)
DEBUG 2025-03-27 19:42:39,505 psparser nexttoken: (40448, 0)
DEBUG 2025-03-27 19:42:39,505 psparser nexttoken: (40450, /b'obj')
DEBUG 2025-03-27 19:42:39,505 psparser nexttoken: (40454, /b'<<')
DEBUG 2025-03-27 19:42:39,506 psparser start_type: pos=40454, type='d'
DEBUG 2025-03-27 19:42:39,506 psparser nexttoken: (40459, /'Font')
DEBUG 2025-03-27 19:42:39,506 psparser nexttoken: (40465, /b'<<')
DEBUG 2025-03-27 19:42:39,506 psparser start_type: pos=40465, type='d'
DEBUG 2025-03-27 19:42:39,506 psparser nexttoken: (40468, /'F15')
DEBUG 2025-03-27 19:42:39,507 psparser nexttoken: (40473, 60)
DEBUG 2025-03-27 19:42:39,508 psparser nexttoken: (40476, 0)
DEBUG 2025-03-27 19:42:39,508 psparser nexttoken: (40478, /b'R')
DEBUG 2025-03-27 19:42:39,508 psparser do_keyword: pos=40478, token=/b'R', stack=[(40468, /'F15'), (40473, 60), (40476, 0)]
DEBUG 2025-03-27 19:42:39,508 psparser nexttoken: (40480, /b'>>')
DEBUG 2025-03-27 19:42:39,509 psparser end_type: pos=40465, type='d', objs=[/'F15', <PDFObjRef:60>]
DEBUG 2025-03-27 19:42:39,509 psparser nexttoken: (40485, /'ProcSet')
DEBUG 2025-03-27 19:42:39,510 psparser nexttoken: (40494, /b'[')
DEBUG 2025-03-27 19:42:39,510 psparser start_type: pos=40494, type='a'
DEBUG 2025-03-27 19:42:39,510 psparser nexttoken: (40495, /'PDF')
DEBUG 2025-03-27 19:42:39,512 psparser nexttoken: (40500, /'ImageB')
DEBUG 2025-03-27 19:42:39,513 psparser nexttoken: (40508, /'ImageC')
DEBUG 2025-03-27 19:42:39,513 psparser nexttoken: (40516, /'Text')
DEBUG 2025-03-27 19:42:39,513 psparser nexttoken: (40521, /b']')
DEBUG 2025-03-27 19:42:39,513 psparser end_type: pos=40494, type='a', objs=[/'PDF', /'ImageB', /'ImageC', /'Text']
DEBUG 2025-03-27 19:42:39,513 psparser nexttoken: (40525, /'ColorSpace')
DEBUG 2025-03-27 19:42:39,513 psparser nexttoken: (40537, /b'<<')
DEBUG 2025-03-27 19:42:39,514 psparser start_type: pos=40537, type='d'
DEBUG 2025-03-27 19:42:39,514 psparser nexttoken: (40540, /'DefaultRGB')
DEBUG 2025-03-27 19:42:39,514 psparser nexttoken: (40552, 4)
DEBUG 2025-03-27 19:42:39,514 psparser nexttoken: (40554, 0)
DEBUG 2025-03-27 19:42:39,514 psparser nexttoken: (40556, /b'R')
DEBUG 2025-03-27 19:42:39,514 psparser do_keyword: pos=40556, token=/b'R', stack=[(40540, /'DefaultRGB'), (40552, 4), (40554, 0)]
DEBUG 2025-03-27 19:42:39,514 psparser nexttoken: (40558, /b'>>')
DEBUG 2025-03-27 19:42:39,514 psparser end_type: pos=40537, type='d', objs=[/'DefaultRGB', <PDFObjRef:4>]
DEBUG 2025-03-27 19:42:39,514 psparser nexttoken: (40561, /b'>>')
DEBUG 2025-03-27 19:42:39,515 psparser end_type: pos=40454, type='d', objs=[/'Font', {'F15': <PDFObjRef:60>}, /'ProcSet', [/'PDF', /'ImageB', /'ImageC', /'Text'], /'ColorSpace', {'DefaultRGB': <PDFObjRef:4>}]
DEBUG 2025-03-27 19:42:39,515 psparser nexttoken: (40564, /b'endobj')
DEBUG 2025-03-27 19:42:39,515 psparser do_keyword: pos=40564, token=/b'endobj', stack=[(40454, {'Font': {'F15': <PDFObjRef:60>}, 'ProcSet': [/'PDF', /'ImageB', /'ImageC', /'Text'], 'ColorSpace': {'DefaultRGB': <PDFObjRef:4>}})]
DEBUG 2025-03-27 19:42:39,515 psparser add_results: ((40454, {'Font': {'F15': <PDFObjRef:60>}, 'ProcSet': [/'PDF', /'ImageB', /'ImageC', /'Text'], 'ColorSpace': {'DefaultRGB': <PDFObjRef:4>}}),)
DEBUG 2025-03-27 19:42:39,515 psparser nextobject: (40454, {'Font': {'F15': <PDFObjRef:60>}, 'ProcSet': [/'PDF', /'ImageB', /'ImageC', /'Text'], 'ColorSpace': {'DefaultRGB': <PDFObjRef:4>}})
DEBUG 2025-03-27 19:42:39,516 pdfdocument register: objid=44: {'Font': {'F15': <PDFObjRef:60>}, 'ProcSet': [/'PDF', /'ImageB', /'ImageC', /'Text'], 'ColorSpace': {'DefaultRGB': <PDFObjRef:4>}}
DEBUG 2025-03-27 19:42:39,516 pdfdocument getobj: objid=40
DEBUG 2025-03-27 19:42:39,516 psparser seek: 5170
DEBUG 2025-03-27 19:42:39,516 psparser nexttoken: (5170, 40)
DEBUG 2025-03-27 19:42:39,516 psparser nexttoken: (5173, 0)
DEBUG 2025-03-27 19:42:39,516 psparser nexttoken: (5175, /b'obj')
DEBUG 2025-03-27 19:42:39,516 psparser nexttoken: (5179, /b'<<')
DEBUG 2025-03-27 19:42:39,516 psparser start_type: pos=5179, type='d'
DEBUG 2025-03-27 19:42:39,516 psparser nexttoken: (5182, /'Length')
DEBUG 2025-03-27 19:42:39,517 psparser nexttoken: (5190, 41)
DEBUG 2025-03-27 19:42:39,517 psparser nexttoken: (5193, 0)
DEBUG 2025-03-27 19:42:39,517 psparser nexttoken: (5195, /b'R')
DEBUG 2025-03-27 19:42:39,517 psparser do_keyword: pos=5195, token=/b'R', stack=[(5182, /'Length'), (5190, 41), (5193, 0)]
DEBUG 2025-03-27 19:42:39,517 psparser nexttoken: (5197, /'Filter')
DEBUG 2025-03-27 19:42:39,517 psparser nexttoken: (5205, /'FlateDecode')
DEBUG 2025-03-27 19:42:39,517 psparser nexttoken: (5218, /b'>>')
DEBUG 2025-03-27 19:42:39,518 psparser end_type: pos=5179, type='d', objs=[/'Length', <PDFObjRef:41>, /'Filter', /'FlateDecode']
DEBUG 2025-03-27 19:42:39,518 psparser nexttoken: (5221, /b'stream')
DEBUG 2025-03-27 19:42:39,518 psparser do_keyword: pos=5221, token=/b'stream', stack=[(5179, {'Length': <PDFObjRef:41>, 'Filter': /'FlateDecode'})]
DEBUG 2025-03-27 19:42:39,518 pdfdocument getobj: objid=41
DEBUG 2025-03-27 19:42:39,518 psparser seek: 7665
DEBUG 2025-03-27 19:42:39,518 psparser nexttoken: (7665, 41)
DEBUG 2025-03-27 19:42:39,518 psparser nexttoken: (7668, 0)
DEBUG 2025-03-27 19:42:39,518 psparser nexttoken: (7670, /b'obj')
DEBUG 2025-03-27 19:42:39,520 psparser nexttoken: (7674, 2419)
DEBUG 2025-03-27 19:42:39,520 psparser nexttoken: (7679, /b'endobj')
DEBUG 2025-03-27 19:42:39,520 psparser do_keyword: pos=7679, token=/b'endobj', stack=[(7674, 2419)]
DEBUG 2025-03-27 19:42:39,520 psparser add_results: ((7674, 2419),)
DEBUG 2025-03-27 19:42:39,521 psparser nextobject: (7674, 2419)
DEBUG 2025-03-27 19:42:39,521 pdfdocument register: objid=41: 2419
DEBUG 2025-03-27 19:42:39,521 psparser seek: 5221
DEBUG 2025-03-27 19:42:39,521 psparser nextline: 5221, b'stream\n'
DEBUG 2025-03-27 19:42:39,521 psparser seek: 7647
DEBUG 2025-03-27 19:42:39,521 psparser nextline: 7647, b'\n'
DEBUG 2025-03-27 19:42:39,521 psparser nextline: 7648, b'endstream\n'
DEBUG 2025-03-27 19:42:39,521 psparser seek: 7648
DEBUG 2025-03-27 19:42:39,522 pdfparser Stream: pos=5228, objlen=2420, dic={'Length': <PDFObjRef:41>, 'Filter': /'FlateDecode'}, data=bytearray(b'x\x9c\xd5Z\xdb\x8e\x1c\xb7\x11}')...
DEBUG 2025-03-27 19:42:39,523 psparser nexttoken: (7648, /b'endstream')
DEBUG 2025-03-27 19:42:39,524 psparser do_keyword: pos=7648, token=/b'endstream', stack=[(5228, <PDFStream(None): raw=2419, {'Length': <PDFObjRef:41>, 'Filter': /'FlateDecode'}>)]
DEBUG 2025-03-27 19:42:39,524 psparser nexttoken: (7658, /b'endobj')
DEBUG 2025-03-27 19:42:39,524 psparser do_keyword: pos=7658, token=/b'endobj', stack=[(5228, <PDFStream(None): raw=2419, {'Length': <PDFObjRef:41>, 'Filter': /'FlateDecode'}>), (7648, /b'endstream')]
DEBUG 2025-03-27 19:42:39,525 psparser add_results: ((5228, <PDFStream(None): raw=2419, {'Length': <PDFObjRef:41>, 'Filter': /'FlateDecode'}>), (7648, /b'endstream'))
DEBUG 2025-03-27 19:42:39,525 psparser nextobject: (5228, <PDFStream(None): raw=2419, {'Length': <PDFObjRef:41>, 'Filter': /'FlateDecode'}>)
DEBUG 2025-03-27 19:42:39,525 pdfdocument register: objid=40: <PDFStream(40): raw=2419, {'Length': <PDFObjRef:41>, 'Filter': /'FlateDecode'}>
DEBUG 2025-03-27 19:42:39,526 pdfinterp Processing page: <PDFPage: Resources={'Font': {'F15': <PDFObjRef:60>}, 'ProcSet': [/'PDF', /'ImageB', /'ImageC', /'Text'], 'ColorSpace': {'DefaultRGB': <PDFObjRef:4>}}, MediaBox=[0, 0, 612, 792]>
DEBUG 2025-03-27 19:42:39,530 pdfinterp render_contents: resources={'Font': {'F15': <PDFObjRef:60>}, 'ProcSet': [/'PDF', /'ImageB', /'ImageC', /'Text'], 'ColorSpace': {'DefaultRGB': <PDFObjRef:4>}}, streams=[<PDFStream(40): raw=2419, {'Length': <PDFObjRef:41>, 'Filter': /'FlateDecode'}>], ctm=(1, 0, 0, 1, 0, 0)
DEBUG 2025-03-27 19:42:39,534 pdfinterp Resource: 'Font': {'F15': <PDFObjRef:60>}
DEBUG 2025-03-27 19:42:39,534 pdfdocument getobj: objid=60
DEBUG 2025-03-27 19:42:39,534 psparser seek: 32582
DEBUG 2025-03-27 19:42:39,534 psparser nexttoken: (32582, 60)
DEBUG 2025-03-27 19:42:39,535 psparser nexttoken: (32585, 0)
DEBUG 2025-03-27 19:42:39,535 psparser nexttoken: (32587, /b'obj')
DEBUG 2025-03-27 19:42:39,535 psparser nexttoken: (32591, /b'<<')
DEBUG 2025-03-27 19:42:39,535 psparser start_type: pos=32591, type='d'
DEBUG 2025-03-27 19:42:39,535 psparser nexttoken: (32596, /'Type')
DEBUG 2025-03-27 19:42:39,535 psparser nexttoken: (32602, /'Font')
DEBUG 2025-03-27 19:42:39,535 psparser nexttoken: (32610, /'Subtype')
DEBUG 2025-03-27 19:42:39,535 psparser nexttoken: (32619, /'Type0')
DEBUG 2025-03-27 19:42:39,535 psparser nexttoken: (32628, /'BaseFont')
DEBUG 2025-03-27 19:42:39,536 psparser nexttoken: (32638, /'EAAAAA+ArialUnicodeMS')
DEBUG 2025-03-27 19:42:39,536 psparser nexttoken: (32663, /'Encoding')
DEBUG 2025-03-27 19:42:39,536 psparser nexttoken: (32673, /'Identity-H')
DEBUG 2025-03-27 19:42:39,536 psparser nexttoken: (32687, /'ToUnicode')
DEBUG 2025-03-27 19:42:39,537 psparser nexttoken: (32698, 61)
DEBUG 2025-03-27 19:42:39,537 psparser nexttoken: (32701, 0)
DEBUG 2025-03-27 19:42:39,537 psparser nexttoken: (32703, /b'R')
DEBUG 2025-03-27 19:42:39,537 psparser do_keyword: pos=32703, token=/b'R', stack=[(32596, /'Type'), (32602, /'Font'), (32610, /'Subtype'), (32619, /'Type0'), (32628, /'BaseFont'), (32638, /'EAAAAA+ArialUnicodeMS'), (32663, /'Encoding'), (32673, /'Identity-H'), (32687, /'ToUnicode'), (32698, 61), (32701, 0)]
DEBUG 2025-03-27 19:42:39,537 psparser nexttoken: (32707, /'DescendantFonts')
DEBUG 2025-03-27 19:42:39,537 psparser nexttoken: (32724, /b'[')
DEBUG 2025-03-27 19:42:39,537 psparser start_type: pos=32724, type='a'
DEBUG 2025-03-27 19:42:39,537 psparser nexttoken: (32725, 62)
DEBUG 2025-03-27 19:42:39,538 psparser nexttoken: (32728, 0)
DEBUG 2025-03-27 19:42:39,538 psparser nexttoken: (32730, /b'R')
DEBUG 2025-03-27 19:42:39,538 psparser do_keyword: pos=32730, token=/b'R', stack=[(32725, 62), (32728, 0)]
DEBUG 2025-03-27 19:42:39,538 psparser nexttoken: (32731, /b']')
DEBUG 2025-03-27 19:42:39,538 psparser end_type: pos=32724, type='a', objs=[<PDFObjRef:62>]
DEBUG 2025-03-27 19:42:39,538 psparser nexttoken: (32733, /b'>>')
DEBUG 2025-03-27 19:42:39,539 psparser end_type: pos=32591, type='d', objs=[/'Type', /'Font', /'Subtype', /'Type0', /'BaseFont', /'EAAAAA+ArialUnicodeMS', /'Encoding', /'Identity-H', /'ToUnicode', <PDFObjRef:61>, /'DescendantFonts', [<PDFObjRef:62>]]
DEBUG 2025-03-27 19:42:39,539 psparser nexttoken: (32736, /b'endobj')
DEBUG 2025-03-27 19:42:39,539 psparser do_keyword: pos=32736, token=/b'endobj', stack=[(32591, {'Type': /'Font', 'Subtype': /'Type0', 'BaseFont': /'EAAAAA+ArialUnicodeMS', 'Encoding': /'Identity-H', 'ToUnicode': <PDFObjRef:61>, 'DescendantFonts': [<PDFObjRef:62>]})]
DEBUG 2025-03-27 19:42:39,539 psparser add_results: ((32591, {'Type': /'Font', 'Subtype': /'Type0', 'BaseFont': /'EAAAAA+ArialUnicodeMS', 'Encoding': /'Identity-H', 'ToUnicode': <PDFObjRef:61>, 'DescendantFonts': [<PDFObjRef:62>]}),)
DEBUG 2025-03-27 19:42:39,540 psparser nextobject: (32591, {'Type': /'Font', 'Subtype': /'Type0', 'BaseFont': /'EAAAAA+ArialUnicodeMS', 'Encoding': /'Identity-H', 'ToUnicode': <PDFObjRef:61>, 'DescendantFonts': [<PDFObjRef:62>]})
DEBUG 2025-03-27 19:42:39,540 pdfdocument register: objid=60: {'Type': /'Font', 'Subtype': /'Type0', 'BaseFont': /'EAAAAA+ArialUnicodeMS', 'Encoding': /'Identity-H', 'ToUnicode': <PDFObjRef:61>, 'DescendantFonts': [<PDFObjRef:62>]}
DEBUG 2025-03-27 19:42:39,541 pdfinterp get_font: create: objid=60, spec={'Type': /'Font', 'Subtype': /'Type0', 'BaseFont': /'EAAAAA+ArialUnicodeMS', 'Encoding': /'Identity-H', 'ToUnicode': <PDFObjRef:61>, 'DescendantFonts': [<PDFObjRef:62>]}
DEBUG 2025-03-27 19:42:39,542 pdfdocument getobj: objid=62
DEBUG 2025-03-27 19:42:39,542 psparser seek: 32743
DEBUG 2025-03-27 19:42:39,542 psparser nexttoken: (32743, 62)
DEBUG 2025-03-27 19:42:39,543 psparser nexttoken: (32746, 0)
DEBUG 2025-03-27 19:42:39,543 psparser nexttoken: (32748, /b'obj')
DEBUG 2025-03-27 19:42:39,543 psparser nexttoken: (32752, /b'<<')
DEBUG 2025-03-27 19:42:39,543 psparser start_type: pos=32752, type='d'
DEBUG 2025-03-27 19:42:39,544 psparser nexttoken: (32755, /'Type')
DEBUG 2025-03-27 19:42:39,545 psparser nexttoken: (32761, /'Font')
DEBUG 2025-03-27 19:42:39,546 psparser nexttoken: (32767, /'BaseFont')
DEBUG 2025-03-27 19:42:39,546 psparser nexttoken: (32777, /'EAAAAA+ArialUnicodeMS')
DEBUG 2025-03-27 19:42:39,546 psparser nexttoken: (32801, /'CIDToGIDMap')
DEBUG 2025-03-27 19:42:39,547 psparser nexttoken: (32814, /'Identity')
DEBUG 2025-03-27 19:42:39,547 psparser nexttoken: (32825, /'Subtype')
DEBUG 2025-03-27 19:42:39,547 psparser nexttoken: (32834, /'CIDFontType2')
DEBUG 2025-03-27 19:42:39,547 psparser nexttoken: (32848, /'CIDSystemInfo')
DEBUG 2025-03-27 19:42:39,547 psparser nexttoken: (32863, /b'<<')
DEBUG 2025-03-27 19:42:39,548 psparser start_type: pos=32863, type='d'
DEBUG 2025-03-27 19:42:39,548 psparser nexttoken: (32866, /'Registry')
DEBUG 2025-03-27 19:42:39,548 psparser nexttoken: (32876, b'Adobe')
DEBUG 2025-03-27 19:42:39,548 psparser nexttoken: (32884, /'Ordering')
DEBUG 2025-03-27 19:42:39,548 psparser nexttoken: (32894, b'UCS')
DEBUG 2025-03-27 19:42:39,548 psparser nexttoken: (32900, /'Supplement')
DEBUG 2025-03-27 19:42:39,548 psparser nexttoken: (32912, 0)
DEBUG 2025-03-27 19:42:39,549 psparser nexttoken: (32914, /b'>>')
DEBUG 2025-03-27 19:42:39,549 psparser end_type: pos=32863, type='d', objs=[/'Registry', b'Adobe', /'Ordering', b'UCS', /'Supplement', 0]
DEBUG 2025-03-27 19:42:39,549 psparser nexttoken: (32917, /'FontDescriptor')
DEBUG 2025-03-27 19:42:39,549 psparser nexttoken: (32933, 55)
DEBUG 2025-03-27 19:42:39,549 psparser nexttoken: (32936, 0)
DEBUG 2025-03-27 19:42:39,549 psparser nexttoken: (32938, /b'R')
DEBUG 2025-03-27 19:42:39,549 psparser do_keyword: pos=32938, token=/b'R', stack=[(32755, /'Type'), (32761, /'Font'), (32767, /'BaseFont'), (32777, /'EAAAAA+ArialUnicodeMS'), (32801, /'CIDToGIDMap'), (32814, /'Identity'), (32825, /'Subtype'), (32834, /'CIDFontType2'), (32848, /'CIDSystemInfo'), (32863, {'Registry': b'Adobe', 'Ordering': b'UCS', 'Supplement': 0}), (32917, /'FontDescriptor'), (32933, 55), (32936, 0)]
DEBUG 2025-03-27 19:42:39,549 psparser nexttoken: (32940, /'DW')
DEBUG 2025-03-27 19:42:39,549 psparser nexttoken: (32944, 0)
DEBUG 2025-03-27 19:42:39,549 psparser nexttoken: (32946, /'W')
DEBUG 2025-03-27 19:42:39,549 psparser nexttoken: (32949, /b'[')
DEBUG 2025-03-27 19:42:39,550 psparser start_type: pos=32949, type='a'
DEBUG 2025-03-27 19:42:39,550 psparser nexttoken: (32951, 0)
DEBUG 2025-03-27 19:42:39,550 psparser nexttoken: (32953, /b'[')
DEBUG 2025-03-27 19:42:39,550 psparser start_type: pos=32953, type='a'
DEBUG 2025-03-27 19:42:39,550 psparser nexttoken: (32954, 1000)
DEBUG 2025-03-27 19:42:39,551 psparser nexttoken: (32959, 277)
DEBUG 2025-03-27 19:42:39,551 psparser nexttoken: (32963, 333)
DEBUG 2025-03-27 19:42:39,551 psparser nexttoken: (32967, 722)
DEBUG 2025-03-27 19:42:39,551 psparser nexttoken: (32971, 556)
DEBUG 2025-03-27 19:42:39,551 psparser nexttoken: (32975, 556)
DEBUG 2025-03-27 19:42:39,552 psparser nexttoken: (32979, 277)
DEBUG 2025-03-27 19:42:39,552 psparser nexttoken: (32983, 556)
DEBUG 2025-03-27 19:42:39,552 psparser nexttoken: (32987, 500)
DEBUG 2025-03-27 19:42:39,552 psparser nexttoken: (32991, 666)
DEBUG 2025-03-27 19:42:39,553 psparser nexttoken: (32995, 556)
DEBUG 2025-03-27 19:42:39,553 psparser nexttoken: (32999, 556)
DEBUG 2025-03-27 19:42:39,553 psparser nexttoken: (33003, 277)
DEBUG 2025-03-27 19:42:39,553 psparser nexttoken: (33007, 666)
DEBUG 2025-03-27 19:42:39,553 psparser nexttoken: (33011, 556)
DEBUG 2025-03-27 19:42:39,554 psparser nexttoken: (33015, 333)
DEBUG 2025-03-27 19:42:39,554 psparser nexttoken: (33019, 556)
DEBUG 2025-03-27 19:42:39,554 psparser nexttoken: (33023, 556)
DEBUG 2025-03-27 19:42:39,554 psparser nexttoken: (33027, 722)
DEBUG 2025-03-27 19:42:39,554 psparser nexttoken: (33031, 666)
DEBUG 2025-03-27 19:42:39,554 psparser nexttoken: (33035, 222)
DEBUG 2025-03-27 19:42:39,556 psparser nexttoken: (33039, 500)
DEBUG 2025-03-27 19:42:39,556 psparser nexttoken: (33043, 556)
DEBUG 2025-03-27 19:42:39,556 psparser nexttoken: (33047, 500)
DEBUG 2025-03-27 19:42:39,556 psparser nexttoken: (33051, 722)
DEBUG 2025-03-27 19:42:39,557 psparser nexttoken: (33055, 277)
DEBUG 2025-03-27 19:42:39,558 psparser nexttoken: (33059, 556)
DEBUG 2025-03-27 19:42:39,559 psparser nexttoken: (33063, 556)
DEBUG 2025-03-27 19:42:39,559 psparser nexttoken: (33067, 556)
DEBUG 2025-03-27 19:42:39,559 psparser nexttoken: (33071, 556)
DEBUG 2025-03-27 19:42:39,559 psparser nexttoken: (33075, 333)
DEBUG 2025-03-27 19:42:39,559 psparser nexttoken: (33079, 722)
DEBUG 2025-03-27 19:42:39,559 psparser nexttoken: (33083, 833)
DEBUG 2025-03-27 19:42:39,559 psparser nexttoken: (33087, 333)
DEBUG 2025-03-27 19:42:39,559 psparser nexttoken: (33091, 556)
DEBUG 2025-03-27 19:42:39,560 psparser nexttoken: (33095, 500)
DEBUG 2025-03-27 19:42:39,560 psparser nexttoken: (33099, 222)
DEBUG 2025-03-27 19:42:39,561 psparser nexttoken: (33103, 556)
DEBUG 2025-03-27 19:42:39,562 psparser nexttoken: (33107, 556)
DEBUG 2025-03-27 19:42:39,563 psparser nexttoken: (33111, 1015)
DEBUG 2025-03-27 19:42:39,563 psparser nexttoken: (33116, 277)
DEBUG 2025-03-27 19:42:39,563 psparser nexttoken: (33120, 500)
DEBUG 2025-03-27 19:42:39,563 psparser nexttoken: (33124, 556)
DEBUG 2025-03-27 19:42:39,563 psparser nexttoken: (33128, 556)
DEBUG 2025-03-27 19:42:39,563 psparser nexttoken: (33132, 277)
DEBUG 2025-03-27 19:42:39,563 psparser nexttoken: (33136, 610)
DEBUG 2025-03-27 19:42:39,564 psparser nexttoken: (33140, 556)
DEBUG 2025-03-27 19:42:39,564 psparser nexttoken: (33144, 833)
DEBUG 2025-03-27 19:42:39,564 psparser nexttoken: (33148, 277)
DEBUG 2025-03-27 19:42:39,564 psparser nexttoken: (33152, 666)
DEBUG 2025-03-27 19:42:39,564 psparser nexttoken: (33156, 666)
DEBUG 2025-03-27 19:42:39,564 psparser nexttoken: (33160, 722)
DEBUG 2025-03-27 19:42:39,564 psparser nexttoken: (33164, 722)
DEBUG 2025-03-27 19:42:39,564 psparser nexttoken: (33168, 277)
DEBUG 2025-03-27 19:42:39,565 psparser nexttoken: (33172, 222)
DEBUG 2025-03-27 19:42:39,565 psparser nexttoken: (33176, 500)
DEBUG 2025-03-27 19:42:39,565 psparser nexttoken: (33180, 666)
DEBUG 2025-03-27 19:42:39,565 psparser nexttoken: (33184, 500)
DEBUG 2025-03-27 19:42:39,565 psparser nexttoken: (33188, 556)
DEBUG 2025-03-27 19:42:39,565 psparser nexttoken: (33192, 222)
DEBUG 2025-03-27 19:42:39,565 psparser nexttoken: (33196, 500)
DEBUG 2025-03-27 19:42:39,566 psparser nexttoken: (33200, 277)
DEBUG 2025-03-27 19:42:39,566 psparser nexttoken: (33204, 777)
DEBUG 2025-03-27 19:42:39,566 psparser nexttoken: (33208, 610)
DEBUG 2025-03-27 19:42:39,567 psparser nexttoken: (33212, 1000)
DEBUG 2025-03-27 19:42:39,567 psparser nexttoken: (33217, 722)
DEBUG 2025-03-27 19:42:39,567 psparser nexttoken: (33221, 277)
DEBUG 2025-03-27 19:42:39,567 psparser nexttoken: (33225, 943)
DEBUG 2025-03-27 19:42:39,567 psparser nexttoken: (33229, 777)
DEBUG 2025-03-27 19:42:39,568 psparser nexttoken: (33233, 190)
DEBUG 2025-03-27 19:42:39,568 psparser nexttoken: (33237, 277)
DEBUG 2025-03-27 19:42:39,568 psparser nexttoken: (33241, /b']')
DEBUG 2025-03-27 19:42:39,568 psparser end_type: pos=32953, type='a', objs=[1000, 277, 333, 722, 556, 556, 277, 556, 500, 666, 556, 556, 277, 666, 556, 333, 556, 556, 722, 666, 222, 500, 556, 500, 722, 277, 556, 556, 556, 556, 333, 722, 833, 333, 556, 500, 222, 556, 556, 1015, 277, 500, 556, 556, 277, 610, 556, 833, 277, 666, 666, 722, 722, 277, 222, 500, 666, 500, 556, 222, 500, 277, 777, 610, 1000, 722, 277, 943, 777, 190, 277]
DEBUG 2025-03-27 19:42:39,568 psparser nexttoken: (33243, /b']')
DEBUG 2025-03-27 19:42:39,569 psparser end_type: pos=32949, type='a', objs=[0, [1000, 277, 333, 722, 556, 556, 277, 556, 500, 666, 556, 556, 277, 666, 556, 333, 556, 556, 722, 666, 222, 500, 556, 500, 722, 277, 556, 556, 556, 556, 333, 722, 833, 333, 556, 500, 222, 556, 556, 1015, 277, 500, 556, 556, 277, 610, 556, 833, 277, 666, 666, 722, 722, 277, 222, 500, 666, 500, 556, 222, 500, 277, 777, 610, 1000, 722, 277, 943, 777, 190, 277]]
DEBUG 2025-03-27 19:42:39,569 psparser nexttoken: (33245, /b'>>')
DEBUG 2025-03-27 19:42:39,569 psparser end_type: pos=32752, type='d', objs=[/'Type', /'Font', /'BaseFont', /'EAAAAA+ArialUnicodeMS', /'CIDToGIDMap', /'Identity', /'Subtype', /'CIDFontType2', /'CIDSystemInfo', {'Registry': b'Adobe', 'Ordering': b'UCS', 'Supplement': 0}, /'FontDescriptor', <PDFObjRef:55>, /'DW', 0, /'W', [0, [1000, 277, 333, 722, 556, 556, 277, 556, 500, 666, 556, 556, 277, 666, 556, 333, 556, 556, 722, 666, 222, 500, 556, 500, 722, 277, 556, 556, 556, 556, 333, 722, 833, 333, 556, 500, 222, 556, 556, 1015, 277, 500, 556, 556, 277, 610, 556, 833, 277, 666, 666, 722, 722, 277, 222, 500, 666, 500, 556, 222, 500, 277, 777, 610, 1000, 722, 277, 943, 777, 190, 277]]]
DEBUG 2025-03-27 19:42:39,569 psparser nexttoken: (33248, /b'endobj')
DEBUG 2025-03-27 19:42:39,570 psparser do_keyword: pos=33248, token=/b'endobj', stack=[(32752, {'Type': /'Font', 'BaseFont': /'EAAAAA+ArialUnicodeMS', 'CIDToGIDMap': /'Identity', 'Subtype': /'CIDFontType2', 'CIDSystemInfo': {'Registry': b'Adobe', 'Ordering': b'UCS', 'Supplement': 0}, 'FontDescriptor': <PDFObjRef:55>, 'DW': 0, 'W': [0, [1000, 277, 333, 722, 556, 556, 277, 556, 500, 666, 556, 556, 277, 666, 556, 333, 556, 556, 722, 666, 222, 500, 556, 500, 722, 277, 556, 556, 556, 556, 333, 722, 833, 333, 556, 500, 222, 556, 556, 1015, 277, 500, 556, 556, 277, 610, 556, 833, 277, 666, 666, 722, 722, 277, 222, 500, 666, 500, 556, 222, 500, 277, 777, 610, 1000, 722, 277, 943, 777, 190, 277]]})]
DEBUG 2025-03-27 19:42:39,570 psparser add_results: ((32752, {'Type': /'Font', 'BaseFont': /'EAAAAA+ArialUnicodeMS', 'CIDToGIDMap': /'Identity', 'Subtype': /'CIDFontType2', 'CIDSystemInfo': {'Registry': b'Adobe', 'Ordering': b'UCS', 'Supplement': 0}, 'FontDescriptor': <PDFObjRef:55>, 'DW': 0, 'W': [0, [1000, 277, 333, 722, 556, 556, 277, 556, 500, 666, 556, 556, 277, 666, 556, 333, 556, 556, 722, 666, 222, 500, 556, 500, 722, 277, 556, 556, 556, 556, 333, 722, 833, 333, 556, 500, 222, 556, 556, 1015, 277, 500, 556, 556, 277, 610, 556, 833, 277, 666, 666, 722, 722, 277, 222, 500, 666, 500, 556, 222, 500, 277, 777, 610, 1000, 722, 277, 943, 777, 190, 277]]}),)
DEBUG 2025-03-27 19:42:39,570 psparser nextobject: (32752, {'Type': /'Font', 'BaseFont': /'EAAAAA+ArialUnicodeMS', 'CIDToGIDMap': /'Identity', 'Subtype': /'CIDFontType2', 'CIDSystemInfo': {'Registry': b'Adobe', 'Ordering': b'UCS', 'Supplement': 0}, 'FontDescriptor': <PDFObjRef:55>, 'DW': 0, 'W': [0, [1000, 277, 333, 722, 556, 556, 277, 556, 500, 666, 556, 556, 277, 666, 556, 333, 556, 556, 722, 666, 222, 500, 556, 500, 722, 277, 556, 556, 556, 556, 333, 722, 833, 333, 556, 500, 222, 556, 556, 1015, 277, 500, 556, 556, 277, 610, 556, 833, 277, 666, 666, 722, 722, 277, 222, 500, 666, 500, 556, 222, 500, 277, 777, 610, 1000, 722, 277, 943, 777, 190, 277]]})
DEBUG 2025-03-27 19:42:39,571 pdfdocument register: objid=62: {'Type': /'Font', 'BaseFont': /'EAAAAA+ArialUnicodeMS', 'CIDToGIDMap': /'Identity', 'Subtype': /'CIDFontType2', 'CIDSystemInfo': {'Registry': b'Adobe', 'Ordering': b'UCS', 'Supplement': 0}, 'FontDescriptor': <PDFObjRef:55>, 'DW': 0, 'W': [0, [1000, 277, 333, 722, 556, 556, 277, 556, 500, 666, 556, 556, 277, 666, 556, 333, 556, 556, 722, 666, 222, 500, 556, 500, 722, 277, 556, 556, 556, 556, 333, 722, 833, 333, 556, 500, 222, 556, 556, 1015, 277, 500, 556, 556, 277, 610, 556, 833, 277, 666, 666, 722, 722, 277, 222, 500, 666, 500, 556, 222, 500, 277, 777, 610, 1000, 722, 277, 943, 777, 190, 277]]}
DEBUG 2025-03-27 19:42:39,571 pdfdocument getobj: objid=61
DEBUG 2025-03-27 19:42:39,571 psparser seek: 33255
DEBUG 2025-03-27 19:42:39,571 psparser nexttoken: (33255, 61)
DEBUG 2025-03-27 19:42:39,572 psparser nexttoken: (33258, 0)
DEBUG 2025-03-27 19:42:39,572 psparser nexttoken: (33260, /b'obj')
DEBUG 2025-03-27 19:42:39,572 psparser nexttoken: (33264, /b'<<')
DEBUG 2025-03-27 19:42:39,572 psparser start_type: pos=33264, type='d'
DEBUG 2025-03-27 19:42:39,574 psparser nexttoken: (33267, /'Length')
DEBUG 2025-03-27 19:42:39,575 psparser nexttoken: (33275, 63)
DEBUG 2025-03-27 19:42:39,575 psparser nexttoken: (33278, 0)
DEBUG 2025-03-27 19:42:39,575 psparser nexttoken: (33280, /b'R')
DEBUG 2025-03-27 19:42:39,576 psparser do_keyword: pos=33280, token=/b'R', stack=[(33267, /'Length'), (33275, 63), (33278, 0)]
DEBUG 2025-03-27 19:42:39,576 psparser nexttoken: (33282, /'Filter')
DEBUG 2025-03-27 19:42:39,576 psparser nexttoken: (33290, /'FlateDecode')
DEBUG 2025-03-27 19:42:39,576 psparser nexttoken: (33303, /b'>>')
DEBUG 2025-03-27 19:42:39,576 psparser end_type: pos=33264, type='d', objs=[/'Length', <PDFObjRef:63>, /'Filter', /'FlateDecode']
DEBUG 2025-03-27 19:42:39,578 psparser nexttoken: (33306, /b'stream')
DEBUG 2025-03-27 19:42:39,578 psparser do_keyword: pos=33306, token=/b'stream', stack=[(33264, {'Length': <PDFObjRef:63>, 'Filter': /'FlateDecode'})]
DEBUG 2025-03-27 19:42:39,578 pdfdocument getobj: objid=63
DEBUG 2025-03-27 19:42:39,578 psparser seek: 33855
DEBUG 2025-03-27 19:42:39,578 psparser nexttoken: (33855, 63)
DEBUG 2025-03-27 19:42:39,579 psparser nexttoken: (33858, 0)
DEBUG 2025-03-27 19:42:39,579 psparser nexttoken: (33860, /b'obj')
DEBUG 2025-03-27 19:42:39,579 psparser nexttoken: (33864, 524)
DEBUG 2025-03-27 19:42:39,580 psparser nexttoken: (33868, /b'endobj')
DEBUG 2025-03-27 19:42:39,580 psparser do_keyword: pos=33868, token=/b'endobj', stack=[(33864, 524)]
DEBUG 2025-03-27 19:42:39,580 psparser add_results: ((33864, 524),)
DEBUG 2025-03-27 19:42:39,580 psparser nextobject: (33864, 524)
DEBUG 2025-03-27 19:42:39,581 pdfdocument register: objid=63: 524
DEBUG 2025-03-27 19:42:39,581 psparser seek: 33306
DEBUG 2025-03-27 19:42:39,581 psparser nextline: 33306, b'stream\n'
DEBUG 2025-03-27 19:42:39,581 psparser seek: 33837
DEBUG 2025-03-27 19:42:39,581 psparser nextline: 33837, b'\n'
DEBUG 2025-03-27 19:42:39,581 psparser nextline: 33838, b'endstream\n'
DEBUG 2025-03-27 19:42:39,581 psparser seek: 33838
DEBUG 2025-03-27 19:42:39,582 pdfparser Stream: pos=33313, objlen=525, dic={'Length': <PDFObjRef:63>, 'Filter': /'FlateDecode'}, data=bytearray(b'x\x9c]\x94[\x8b\xdb0\x10F')...
DEBUG 2025-03-27 19:42:39,582 psparser nexttoken: (33838, /b'endstream')
DEBUG 2025-03-27 19:42:39,582 psparser do_keyword: pos=33838, token=/b'endstream', stack=[(33313, <PDFStream(None): raw=524, {'Length': <PDFObjRef:63>, 'Filter': /'FlateDecode'}>)]
DEBUG 2025-03-27 19:42:39,582 psparser nexttoken: (33848, /b'endobj')
DEBUG 2025-03-27 19:42:39,582 psparser do_keyword: pos=33848, token=/b'endobj', stack=[(33313, <PDFStream(None): raw=524, {'Length': <PDFObjRef:63>, 'Filter': /'FlateDecode'}>), (33838, /b'endstream')]
DEBUG 2025-03-27 19:42:39,582 psparser add_results: ((33313, <PDFStream(None): raw=524, {'Length': <PDFObjRef:63>, 'Filter': /'FlateDecode'}>), (33838, /b'endstream'))
DEBUG 2025-03-27 19:42:39,583 psparser nextobject: (33313, <PDFStream(None): raw=524, {'Length': <PDFObjRef:63>, 'Filter': /'FlateDecode'}>)
DEBUG 2025-03-27 19:42:39,583 pdfdocument register: objid=61: <PDFStream(61): raw=524, {'Length': <PDFObjRef:63>, 'Filter': /'FlateDecode'}>
DEBUG 2025-03-27 19:42:39,583 pdfinterp get_font: create: objid=None, spec={'Type': /'Font', 'BaseFont': /'EAAAAA+ArialUnicodeMS', 'CIDToGIDMap': /'Identity', 'Subtype': /'CIDFontType2', 'CIDSystemInfo': {'Registry': b'Adobe', 'Ordering': b'UCS', 'Supplement': 0}, 'FontDescriptor': <PDFObjRef:55>, 'DW': 0, 'W': [0, [1000, 277, 333, 722, 556, 556, 277, 556, 500, 666, 556, 556, 277, 666, 556, 333, 556, 556, 722, 666, 222, 500, 556, 500, 722, 277, 556, 556, 556, 556, 333, 722, 833, 333, 556, 500, 222, 556, 556, 1015, 277, 500, 556, 556, 277, 610, 556, 833, 277, 666, 666, 722, 722, 277, 222, 500, 666, 500, 556, 222, 500, 277, 777, 610, 1000, 722, 277, 943, 777, 190, 277]], 'Encoding': /'Identity-H', 'ToUnicode': <PDFStream(61): raw=524, {'Length': <PDFObjRef:63>, 'Filter': /'FlateDecode'}>}
DEBUG 2025-03-27 19:42:39,586 pdfdocument getobj: objid=55
DEBUG 2025-03-27 19:42:39,586 psparser seek: 9000
DEBUG 2025-03-27 19:42:39,586 psparser nexttoken: (9000, 55)
DEBUG 2025-03-27 19:42:39,586 psparser nexttoken: (9003, 0)
DEBUG 2025-03-27 19:42:39,586 psparser nexttoken: (9005, /b'obj')
DEBUG 2025-03-27 19:42:39,586 psparser nexttoken: (9009, /b'<<')
DEBUG 2025-03-27 19:42:39,586 psparser start_type: pos=9009, type='d'
DEBUG 2025-03-27 19:42:39,587 psparser nexttoken: (9014, /'Type')
DEBUG 2025-03-27 19:42:39,587 psparser nexttoken: (9020, /'FontDescriptor')
DEBUG 2025-03-27 19:42:39,587 psparser nexttoken: (9038, /'FontName')
DEBUG 2025-03-27 19:42:39,587 psparser nexttoken: (9048, /'EAAAAA+ArialUnicodeMS')
DEBUG 2025-03-27 19:42:39,587 psparser nexttoken: (9073, /'FontBBox')
DEBUG 2025-03-27 19:42:39,587 psparser nexttoken: (9083, /b'[')
DEBUG 2025-03-27 19:42:39,587 psparser start_type: pos=9083, type='a'
DEBUG 2025-03-27 19:42:39,587 psparser nexttoken: (9084, -1011)
DEBUG 2025-03-27 19:42:39,588 psparser nexttoken: (9090, -329)
DEBUG 2025-03-27 19:42:39,588 psparser nexttoken: (9095, 2260)
DEBUG 2025-03-27 19:42:39,588 psparser nexttoken: (9100, 1078)
DEBUG 2025-03-27 19:42:39,588 psparser nexttoken: (9104, /b']')
DEBUG 2025-03-27 19:42:39,588 psparser end_type: pos=9083, type='a', objs=[-1011, -329, 2260, 1078]
DEBUG 2025-03-27 19:42:39,588 psparser nexttoken: (9108, /'Flags')
DEBUG 2025-03-27 19:42:39,588 psparser nexttoken: (9115, 33)
DEBUG 2025-03-27 19:42:39,588 psparser nexttoken: (9120, /'CapHeight')
DEBUG 2025-03-27 19:42:39,589 psparser nexttoken: (9131, 715)
DEBUG 2025-03-27 19:42:39,589 psparser nexttoken: (9137, /'Ascent')
DEBUG 2025-03-27 19:42:39,589 psparser nexttoken: (9145, 1078)
DEBUG 2025-03-27 19:42:39,589 psparser nexttoken: (9152, /'Descent')
DEBUG 2025-03-27 19:42:39,589 psparser nexttoken: (9161, -329)
DEBUG 2025-03-27 19:42:39,589 psparser nexttoken: (9168, /'ItalicAngle')
DEBUG 2025-03-27 19:42:39,589 psparser nexttoken: (9181, 0)
DEBUG 2025-03-27 19:42:39,589 psparser nexttoken: (9185, /'StemV')
DEBUG 2025-03-27 19:42:39,589 psparser nexttoken: (9192, 0)
DEBUG 2025-03-27 19:42:39,590 psparser nexttoken: (9196, /'MissingWidth')
DEBUG 2025-03-27 19:42:39,590 psparser nexttoken: (9210, 500)
DEBUG 2025-03-27 19:42:39,590 psparser nexttoken: (9216, /'FontFile2')
DEBUG 2025-03-27 19:42:39,590 psparser nexttoken: (9227, 56)
DEBUG 2025-03-27 19:42:39,590 psparser nexttoken: (9230, 0)
DEBUG 2025-03-27 19:42:39,591 psparser nexttoken: (9232, /b'R')
DEBUG 2025-03-27 19:42:39,591 psparser do_keyword: pos=9232, token=/b'R', stack=[(9014, /'Type'), (9020, /'FontDescriptor'), (9038, /'FontName'), (9048, /'EAAAAA+ArialUnicodeMS'), (9073, /'FontBBox'), (9083, [-1011, -329, 2260, 1078]), (9108, /'Flags'), (9115, 33), (9120, /'CapHeight'), (9131, 715), (9137, /'Ascent'), (9145, 1078), (9152, /'Descent'), (9161, -329), (9168, /'ItalicAngle'), (9181, 0), (9185, /'StemV'), (9192, 0), (9196, /'MissingWidth'), (9210, 500), (9216, /'FontFile2'), (9227, 56), (9230, 0)]
DEBUG 2025-03-27 19:42:39,592 psparser nexttoken: (9236, /'CIDSet')
DEBUG 2025-03-27 19:42:39,592 psparser nexttoken: (9244, 57)
DEBUG 2025-03-27 19:42:39,592 psparser nexttoken: (9247, 0)
DEBUG 2025-03-27 19:42:39,592 psparser nexttoken: (9249, /b'R')
DEBUG 2025-03-27 19:42:39,592 psparser do_keyword: pos=9249, token=/b'R', stack=[(9014, /'Type'), (9020, /'FontDescriptor'), (9038, /'FontName'), (9048, /'EAAAAA+ArialUnicodeMS'), (9073, /'FontBBox'), (9083, [-1011, -329, 2260, 1078]), (9108, /'Flags'), (9115, 33), (9120, /'CapHeight'), (9131, 715), (9137, /'Ascent'), (9145, 1078), (9152, /'Descent'), (9161, -329), (9168, /'ItalicAngle'), (9181, 0), (9185, /'StemV'), (9192, 0), (9196, /'MissingWidth'), (9210, 500), (9216, /'FontFile2'), (9232, <PDFObjRef:56>), (9236, /'CIDSet'), (9244, 57), (9247, 0)]
DEBUG 2025-03-27 19:42:39,593 psparser nexttoken: (9251, /b'>>')
DEBUG 2025-03-27 19:42:39,593 psparser end_type: pos=9009, type='d', objs=[/'Type', /'FontDescriptor', /'FontName', /'EAAAAA+ArialUnicodeMS', /'FontBBox', [-1011, -329, 2260, 1078], /'Flags', 33, /'CapHeight', 715, /'Ascent', 1078, /'Descent', -329, /'ItalicAngle', 0, /'StemV', 0, /'MissingWidth', 500, /'FontFile2', <PDFObjRef:56>, /'CIDSet', <PDFObjRef:57>]
DEBUG 2025-03-27 19:42:39,593 psparser nexttoken: (9254, /b'endobj')
DEBUG 2025-03-27 19:42:39,594 psparser do_keyword: pos=9254, token=/b'endobj', stack=[(9009, {'Type': /'FontDescriptor', 'FontName': /'EAAAAA+ArialUnicodeMS', 'FontBBox': [-1011, -329, 2260, 1078], 'Flags': 33, 'CapHeight': 715, 'Ascent': 1078, 'Descent': -329, 'ItalicAngle': 0, 'StemV': 0, 'MissingWidth': 500, 'FontFile2': <PDFObjRef:56>, 'CIDSet': <PDFObjRef:57>})]
DEBUG 2025-03-27 19:42:39,594 psparser add_results: ((9009, {'Type': /'FontDescriptor', 'FontName': /'EAAAAA+ArialUnicodeMS', 'FontBBox': [-1011, -329, 2260, 1078], 'Flags': 33, 'CapHeight': 715, 'Ascent': 1078, 'Descent': -329, 'ItalicAngle': 0, 'StemV': 0, 'MissingWidth': 500, 'FontFile2': <PDFObjRef:56>, 'CIDSet': <PDFObjRef:57>}),)
DEBUG 2025-03-27 19:42:39,596 psparser nextobject: (9009, {'Type': /'FontDescriptor', 'FontName': /'EAAAAA+ArialUnicodeMS', 'FontBBox': [-1011, -329, 2260, 1078], 'Flags': 33, 'CapHeight': 715, 'Ascent': 1078, 'Descent': -329, 'ItalicAngle': 0, 'StemV': 0, 'MissingWidth': 500, 'FontFile2': <PDFObjRef:56>, 'CIDSet': <PDFObjRef:57>})
DEBUG 2025-03-27 19:42:39,596 pdfdocument register: objid=55: {'Type': /'FontDescriptor', 'FontName': /'EAAAAA+ArialUnicodeMS', 'FontBBox': [-1011, -329, 2260, 1078], 'Flags': 33, 'CapHeight': 715, 'Ascent': 1078, 'Descent': -329, 'ItalicAngle': 0, 'StemV': 0, 'MissingWidth': 500, 'FontFile2': <PDFObjRef:56>, 'CIDSet': <PDFObjRef:57>}
DEBUG 2025-03-27 19:42:39,596 pdfdocument getobj: objid=56
DEBUG 2025-03-27 19:42:39,596 psparser seek: 9261
DEBUG 2025-03-27 19:42:39,596 psparser nexttoken: (9261, 56)
DEBUG 2025-03-27 19:42:39,596 psparser nexttoken: (9264, 0)
DEBUG 2025-03-27 19:42:39,597 psparser nexttoken: (9266, /b'obj')
DEBUG 2025-03-27 19:42:39,597 psparser nexttoken: (9270, /b'<<')
DEBUG 2025-03-27 19:42:39,597 psparser start_type: pos=9270, type='d'
DEBUG 2025-03-27 19:42:39,598 psparser nexttoken: (9275, /'Length1')
DEBUG 2025-03-27 19:42:39,598 psparser nexttoken: (9284, 35100)
DEBUG 2025-03-27 19:42:39,598 psparser nexttoken: (9292, /'Length')
DEBUG 2025-03-27 19:42:39,598 psparser nexttoken: (9300, 58)
DEBUG 2025-03-27 19:42:39,598 psparser nexttoken: (9303, 0)
DEBUG 2025-03-27 19:42:39,598 psparser nexttoken: (9305, /b'R')
DEBUG 2025-03-27 19:42:39,599 psparser do_keyword: pos=9305, token=/b'R', stack=[(9275, /'Length1'), (9284, 35100), (9292, /'Length'), (9300, 58), (9303, 0)]
DEBUG 2025-03-27 19:42:39,599 psparser nexttoken: (9309, /'Filter')
DEBUG 2025-03-27 19:42:39,599 psparser nexttoken: (9317, /'FlateDecode')
DEBUG 2025-03-27 19:42:39,599 psparser nexttoken: (9330, /b'>>')
DEBUG 2025-03-27 19:42:39,599 psparser end_type: pos=9270, type='d', objs=[/'Length1', 35100, /'Length', <PDFObjRef:58>, /'Filter', /'FlateDecode']
DEBUG 2025-03-27 19:42:39,599 psparser nexttoken: (9333, /b'stream')
DEBUG 2025-03-27 19:42:39,599 psparser do_keyword: pos=9333, token=/b'stream', stack=[(9270, {'Length1': 35100, 'Length': <PDFObjRef:58>, 'Filter': /'FlateDecode'})]
DEBUG 2025-03-27 19:42:39,600 pdfdocument getobj: objid=58
DEBUG 2025-03-27 19:42:39,600 psparser seek: 32433
DEBUG 2025-03-27 19:42:39,600 psparser nexttoken: (32433, 58)
DEBUG 2025-03-27 19:42:39,601 psparser nexttoken: (32436, 0)
DEBUG 2025-03-27 19:42:39,601 psparser nexttoken: (32438, /b'obj')
DEBUG 2025-03-27 19:42:39,601 psparser nexttoken: (32442, 23075)
DEBUG 2025-03-27 19:42:39,601 psparser nexttoken: (32448, /b'endobj')
DEBUG 2025-03-27 19:42:39,601 psparser do_keyword: pos=32448, token=/b'endobj', stack=[(32442, 23075)]
DEBUG 2025-03-27 19:42:39,602 psparser add_results: ((32442, 23075),)
DEBUG 2025-03-27 19:42:39,602 psparser nextobject: (32442, 23075)
DEBUG 2025-03-27 19:42:39,602 pdfdocument register: objid=58: 23075
DEBUG 2025-03-27 19:42:39,602 psparser seek: 9333
DEBUG 2025-03-27 19:42:39,602 psparser nextline: 9333, b'stream\n'
DEBUG 2025-03-27 19:42:39,602 psparser seek: 32415
DEBUG 2025-03-27 19:42:39,602 psparser nextline: 32415, b'\n'
DEBUG 2025-03-27 19:42:39,603 psparser nextline: 32416, b'endstream\n'
DEBUG 2025-03-27 19:42:39,603 psparser seek: 32416
DEBUG 2025-03-27 19:42:39,603 pdfparser Stream: pos=9340, objlen=23076, dic={'Length1': 35100, 'Length': <PDFObjRef:58>, 'Filter': /'FlateDecode'}, data=bytearray(b'x\x9c\xb4}\txTE\xb6\xf0')...
DEBUG 2025-03-27 19:42:39,603 psparser nexttoken: (32416, /b'endstream')
DEBUG 2025-03-27 19:42:39,603 psparser do_keyword: pos=32416, token=/b'endstream', stack=[(9340, <PDFStream(None): raw=23075, {'Length1': 35100, 'Length': <PDFObjRef:58>, 'Filter': /'FlateDecode'}>)]
DEBUG 2025-03-27 19:42:39,604 psparser nexttoken: (32426, /b'endobj')
DEBUG 2025-03-27 19:42:39,604 psparser do_keyword: pos=32426, token=/b'endobj', stack=[(9340, <PDFStream(None): raw=23075, {'Length1': 35100, 'Length': <PDFObjRef:58>, 'Filter': /'FlateDecode'}>), (32416, /b'endstream')]
DEBUG 2025-03-27 19:42:39,604 psparser add_results: ((9340, <PDFStream(None): raw=23075, {'Length1': 35100, 'Length': <PDFObjRef:58>, 'Filter': /'FlateDecode'}>), (32416, /b'endstream'))
DEBUG 2025-03-27 19:42:39,604 psparser nextobject: (9340, <PDFStream(None): raw=23075, {'Length1': 35100, 'Length': <PDFObjRef:58>, 'Filter': /'FlateDecode'}>)
DEBUG 2025-03-27 19:42:39,604 pdfdocument register: objid=56: <PDFStream(56): raw=23075, {'Length1': 35100, 'Length': <PDFObjRef:58>, 'Filter': /'FlateDecode'}>
DEBUG 2025-03-27 19:42:39,613 psparser seek: 0
DEBUG 2025-03-27 19:42:39,613 psparser nexttoken: (0, /'CIDInit')
DEBUG 2025-03-27 19:42:39,615 psparser nexttoken: (9, /'ProcSet')
DEBUG 2025-03-27 19:42:39,615 psparser nexttoken: (18, /b'findresource')
DEBUG 2025-03-27 19:42:39,615 psparser do_keyword: pos=18, token=/b'findresource', stack=[(0, /'CIDInit'), (9, /'ProcSet')]
DEBUG 2025-03-27 19:42:39,615 psparser nexttoken: (31, /b'begin')
DEBUG 2025-03-27 19:42:39,615 psparser do_keyword: pos=31, token=/b'begin', stack=[(0, /'CIDInit'), (9, /'ProcSet'), (18, /b'findresource')]
DEBUG 2025-03-27 19:42:39,616 psparser nexttoken: (37, 12)
DEBUG 2025-03-27 19:42:39,616 psparser nexttoken: (40, /b'dict')
DEBUG 2025-03-27 19:42:39,616 psparser do_keyword: pos=40, token=/b'dict', stack=[(0, /'CIDInit'), (9, /'ProcSet'), (18, /b'findresource'), (31, /b'begin'), (37, 12)]
DEBUG 2025-03-27 19:42:39,616 psparser nexttoken: (45, /b'begin')
DEBUG 2025-03-27 19:42:39,616 psparser do_keyword: pos=45, token=/b'begin', stack=[(0, /'CIDInit'), (9, /'ProcSet'), (18, /b'findresource'), (31, /b'begin'), (37, 12), (40, /b'dict')]
DEBUG 2025-03-27 19:42:39,616 psparser nexttoken: (51, /b'begincmap')
DEBUG 2025-03-27 19:42:39,616 psparser do_keyword: pos=51, token=/b'begincmap', stack=[(0, /'CIDInit'), (9, /'ProcSet'), (18, /b'findresource'), (31, /b'begin'), (37, 12), (40, /b'dict'), (45, /b'begin')]
DEBUG 2025-03-27 19:42:39,616 psparser nexttoken: (61, /'CIDSystemInfo')
DEBUG 2025-03-27 19:42:39,616 psparser nexttoken: (76, 3)
DEBUG 2025-03-27 19:42:39,618 psparser nexttoken: (78, /b'dict')
DEBUG 2025-03-27 19:42:39,618 psparser do_keyword: pos=78, token=/b'dict', stack=[(61, /'CIDSystemInfo'), (76, 3)]
DEBUG 2025-03-27 19:42:39,618 psparser nexttoken: (83, /b'dup')
DEBUG 2025-03-27 19:42:39,618 psparser do_keyword: pos=83, token=/b'dup', stack=[(61, /'CIDSystemInfo'), (76, 3), (78, /b'dict')]
DEBUG 2025-03-27 19:42:39,618 psparser nexttoken: (87, /b'begin')
DEBUG 2025-03-27 19:42:39,618 psparser do_keyword: pos=87, token=/b'begin', stack=[(61, /'CIDSystemInfo'), (76, 3), (78, /b'dict'), (83, /b'dup')]
DEBUG 2025-03-27 19:42:39,618 psparser nexttoken: (95, /'Registry')
DEBUG 2025-03-27 19:42:39,619 psparser nexttoken: (105, b'Adobe')
DEBUG 2025-03-27 19:42:39,619 psparser nexttoken: (113, /b'def')
DEBUG 2025-03-27 19:42:39,619 psparser do_keyword: pos=113, token=/b'def', stack=[(61, /'CIDSystemInfo'), (76, 3), (78, /b'dict'), (83, /b'dup'), (87, /b'begin'), (95, /'Registry'), (105, b'Adobe')]
DEBUG 2025-03-27 19:42:39,619 psparser nexttoken: (119, /'Ordering')
DEBUG 2025-03-27 19:42:39,620 psparser nexttoken: (129, b'UCS')
DEBUG 2025-03-27 19:42:39,620 psparser nexttoken: (135, /b'def')
DEBUG 2025-03-27 19:42:39,620 psparser do_keyword: pos=135, token=/b'def', stack=[(61, /'CIDSystemInfo'), (76, 3), (78, /b'dict'), (83, /b'dup'), (87, /b'begin'), (119, /'Ordering'), (129, b'UCS')]
DEBUG 2025-03-27 19:42:39,620 psparser nexttoken: (141, /'Supplement')
DEBUG 2025-03-27 19:42:39,621 psparser nexttoken: (153, 0)
DEBUG 2025-03-27 19:42:39,621 psparser nexttoken: (155, /b'def')
DEBUG 2025-03-27 19:42:39,621 psparser do_keyword: pos=155, token=/b'def', stack=[(61, /'CIDSystemInfo'), (76, 3), (78, /b'dict'), (83, /b'dup'), (87, /b'begin'), (141, /'Supplement'), (153, 0)]
DEBUG 2025-03-27 19:42:39,621 psparser nexttoken: (159, /b'end')
DEBUG 2025-03-27 19:42:39,621 psparser do_keyword: pos=159, token=/b'end', stack=[(61, /'CIDSystemInfo'), (76, 3), (78, /b'dict'), (83, /b'dup'), (87, /b'begin')]
DEBUG 2025-03-27 19:42:39,621 psparser nexttoken: (163, /b'def')
DEBUG 2025-03-27 19:42:39,622 psparser do_keyword: pos=163, token=/b'def', stack=[(61, /'CIDSystemInfo'), (76, 3), (78, /b'dict'), (83, /b'dup'), (87, /b'begin'), (159, /b'end')]
DEBUG 2025-03-27 19:42:39,622 psparser nexttoken: (167, /'CMapName')
DEBUG 2025-03-27 19:42:39,622 psparser nexttoken: (177, /'Adobe-Identity-UCS')
DEBUG 2025-03-27 19:42:39,622 psparser nexttoken: (197, /b'def')
DEBUG 2025-03-27 19:42:39,622 psparser do_keyword: pos=197, token=/b'def', stack=[(61, /'CIDSystemInfo'), (76, 3), (78, /b'dict'), (83, /b'dup'), (167, /'CMapName'), (177, /'Adobe-Identity-UCS')]
DEBUG 2025-03-27 19:42:39,623 psparser nexttoken: (201, /'CMapType')
DEBUG 2025-03-27 19:42:39,623 psparser nexttoken: (211, 2)
DEBUG 2025-03-27 19:42:39,623 psparser nexttoken: (213, /b'def')
DEBUG 2025-03-27 19:42:39,623 psparser do_keyword: pos=213, token=/b'def', stack=[(61, /'CIDSystemInfo'), (76, 3), (78, /b'dict'), (83, /b'dup'), (201, /'CMapType'), (211, 2)]
DEBUG 2025-03-27 19:42:39,624 psparser nexttoken: (217, 1)
DEBUG 2025-03-27 19:42:39,624 psparser nexttoken: (219, /b'begincodespacerange')
DEBUG 2025-03-27 19:42:39,624 psparser do_keyword: pos=219, token=/b'begincodespacerange', stack=[(61, /'CIDSystemInfo'), (76, 3), (78, /b'dict'), (83, /b'dup'), (217, 1)]
DEBUG 2025-03-27 19:42:39,624 psparser nexttoken: (239, b'\x00\x00')
DEBUG 2025-03-27 19:42:39,624 psparser nexttoken: (246, b'\xff\xff')
DEBUG 2025-03-27 19:42:39,626 psparser nexttoken: (253, /b'endcodespacerange')
DEBUG 2025-03-27 19:42:39,626 psparser do_keyword: pos=253, token=/b'endcodespacerange', stack=[(239, b'\x00\x00'), (246, b'\xff\xff')]
DEBUG 2025-03-27 19:42:39,626 psparser nexttoken: (271, 71)
DEBUG 2025-03-27 19:42:39,627 psparser nexttoken: (274, /b'beginbfchar')
DEBUG 2025-03-27 19:42:39,628 psparser do_keyword: pos=274, token=/b'beginbfchar', stack=[(271, 71)]
DEBUG 2025-03-27 19:42:39,628 psparser nexttoken: (286, b'\x00\x00')
DEBUG 2025-03-27 19:42:39,629 psparser nexttoken: (293, b'\xff\xff')
DEBUG 2025-03-27 19:42:39,629 psparser nexttoken: (300, b'\x00\x01')
DEBUG 2025-03-27 19:42:39,629 psparser nexttoken: (307, b'\x00 ')
DEBUG 2025-03-27 19:42:39,629 psparser nexttoken: (314, b'\x00\x02')
DEBUG 2025-03-27 19:42:39,629 psparser nexttoken: (321, b'\x00-')
DEBUG 2025-03-27 19:42:39,629 psparser nexttoken: (328, b'\x00\x03')
DEBUG 2025-03-27 19:42:39,629 psparser nexttoken: (335, b'\x00C')
DEBUG 2025-03-27 19:42:39,630 psparser nexttoken: (342, b'\x00\x04')
DEBUG 2025-03-27 19:42:39,630 psparser nexttoken: (349, b'\x00o')
DEBUG 2025-03-27 19:42:39,630 psparser nexttoken: (356, b'\x00\x05')
DEBUG 2025-03-27 19:42:39,630 psparser nexttoken: (363, b'\x00n')
DEBUG 2025-03-27 19:42:39,630 psparser nexttoken: (370, b'\x00\x06')
DEBUG 2025-03-27 19:42:39,631 psparser nexttoken: (377, b'\x00t')
DEBUG 2025-03-27 19:42:39,631 psparser nexttoken: (384, b'\x00\x07')
DEBUG 2025-03-27 19:42:39,631 psparser nexttoken: (391, b'\x00a')
DEBUG 2025-03-27 19:42:39,631 psparser nexttoken: (398, b'\x00\x08')
DEBUG 2025-03-27 19:42:39,632 psparser nexttoken: (405, b'\x00c')
DEBUG 2025-03-27 19:42:39,632 psparser nexttoken: (412, b'\x00\t')
DEBUG 2025-03-27 19:42:39,632 psparser nexttoken: (419, b'\x00E')
DEBUG 2025-03-27 19:42:39,632 psparser nexttoken: (426, b'\x00\n')
DEBUG 2025-03-27 19:42:39,632 psparser nexttoken: (433, b'\x003')
DEBUG 2025-03-27 19:42:39,633 psparser nexttoken: (440, b'\x00\x0b')
DEBUG 2025-03-27 19:42:39,633 psparser nexttoken: (447, b'\x005')
DEBUG 2025-03-27 19:42:39,633 psparser nexttoken: (454, b'\x00\x0c')
DEBUG 2025-03-27 19:42:39,633 psparser nexttoken: (461, b'\x00,')
DEBUG 2025-03-27 19:42:39,633 psparser nexttoken: (468, b'\x00\r')
DEBUG 2025-03-27 19:42:39,633 psparser nexttoken: (475, b'\x00S')
DEBUG 2025-03-27 19:42:39,634 psparser nexttoken: (482, b'\x00\x0e')
DEBUG 2025-03-27 19:42:39,634 psparser nexttoken: (489, b'\x00e')
DEBUG 2025-03-27 19:42:39,634 psparser nexttoken: (496, b'\x00\x0f')
DEBUG 2025-03-27 19:42:39,635 psparser nexttoken: (503, b'\x00r')
DEBUG 2025-03-27 19:42:39,635 psparser nexttoken: (510, b'\x00\x10')
DEBUG 2025-03-27 19:42:39,635 psparser nexttoken: (517, b'\x001')
DEBUG 2025-03-27 19:42:39,635 psparser nexttoken: (524, b'\x00\x11')
DEBUG 2025-03-27 19:42:39,635 psparser nexttoken: (531, b'\x00L')
DEBUG 2025-03-27 19:42:39,635 psparser nexttoken: (538, b'\x00\x12')
DEBUG 2025-03-27 19:42:39,635 psparser nexttoken: (545, b'\x00D')
DEBUG 2025-03-27 19:42:39,635 psparser nexttoken: (552, b'\x00\x13')
DEBUG 2025-03-27 19:42:39,636 psparser nexttoken: (559, b'\x00A')
DEBUG 2025-03-27 19:42:39,636 psparser nexttoken: (566, b'\x00\x14')
DEBUG 2025-03-27 19:42:39,636 psparser nexttoken: (573, b'\x00l')
DEBUG 2025-03-27 19:42:39,636 psparser nexttoken: (580, b'\x00\x15')
DEBUG 2025-03-27 19:42:39,636 psparser nexttoken: (587, b'\x00y')
DEBUG 2025-03-27 19:42:39,637 psparser nexttoken: (594, b'\x00\x16')
DEBUG 2025-03-27 19:42:39,637 psparser nexttoken: (601, b'\x00u')
DEBUG 2025-03-27 19:42:39,637 psparser nexttoken: (608, b'\x00\x17')
DEBUG 2025-03-27 19:42:39,637 psparser nexttoken: (615, b'\x00k')
DEBUG 2025-03-27 19:42:39,638 psparser nexttoken: (622, b'\x00\x18')
DEBUG 2025-03-27 19:42:39,638 psparser nexttoken: (629, b'\x00w')
DEBUG 2025-03-27 19:42:39,638 psparser nexttoken: (636, b'\x00\x19')
DEBUG 2025-03-27 19:42:39,638 psparser nexttoken: (643, b'\x00.')
DEBUG 2025-03-27 19:42:39,638 psparser nexttoken: (650, b'\x00\x1a')
DEBUG 2025-03-27 19:42:39,639 psparser nexttoken: (657, b'\x008')
DEBUG 2025-03-27 19:42:39,639 psparser nexttoken: (664, b'\x00\x1b')
DEBUG 2025-03-27 19:42:39,639 psparser nexttoken: (671, b'\x000')
DEBUG 2025-03-27 19:42:39,641 psparser nexttoken: (678, b'\x00\x1c')
DEBUG 2025-03-27 19:42:39,641 psparser nexttoken: (685, b'\x009')
DEBUG 2025-03-27 19:42:39,641 psparser nexttoken: (692, b'\x00\x1d')
DEBUG 2025-03-27 19:42:39,641 psparser nexttoken: (699, b'\x002')
DEBUG 2025-03-27 19:42:39,641 psparser nexttoken: (706, b'\x00\x1e')
DEBUG 2025-03-27 19:42:39,641 psparser nexttoken: (713, b'\x00(')
DEBUG 2025-03-27 19:42:39,642 psparser nexttoken: (720, b'\x00\x1f')
DEBUG 2025-03-27 19:42:39,642 psparser nexttoken: (727, b'\x00H')
DEBUG 2025-03-27 19:42:39,643 psparser nexttoken: (734, b'\x00 ')
DEBUG 2025-03-27 19:42:39,643 psparser nexttoken: (741, b'\x00m')
DEBUG 2025-03-27 19:42:39,644 psparser nexttoken: (748, b'\x00!')
DEBUG 2025-03-27 19:42:39,644 psparser nexttoken: (755, b'\x00)')
DEBUG 2025-03-27 19:42:39,645 psparser nexttoken: (762, b'\x00"')
DEBUG 2025-03-27 19:42:39,645 psparser nexttoken: (769, b'\x00d')
DEBUG 2025-03-27 19:42:39,645 psparser nexttoken: (776, b'\x00#')
DEBUG 2025-03-27 19:42:39,646 psparser nexttoken: (783, b'\x00s')
DEBUG 2025-03-27 19:42:39,646 psparser nexttoken: (790, b'\x00$')
DEBUG 2025-03-27 19:42:39,647 psparser nexttoken: (797, b'\x00i')
DEBUG 2025-03-27 19:42:39,647 psparser nexttoken: (804, b'\x00%')
DEBUG 2025-03-27 19:42:39,647 psparser nexttoken: (811, b'\x00h')
DEBUG 2025-03-27 19:42:39,647 psparser nexttoken: (818, b'\x00&')
DEBUG 2025-03-27 19:42:39,647 psparser nexttoken: (825, b'\x00g')
DEBUG 2025-03-27 19:42:39,648 psparser nexttoken: (832, b"\x00'")
DEBUG 2025-03-27 19:42:39,648 psparser nexttoken: (839, b'\x00@')
DEBUG 2025-03-27 19:42:39,648 psparser nexttoken: (846, b'\x00(')
DEBUG 2025-03-27 19:42:39,648 psparser nexttoken: (853, b'\x00/')
DEBUG 2025-03-27 19:42:39,648 psparser nexttoken: (860, b'\x00)')
DEBUG 2025-03-27 19:42:39,649 psparser nexttoken: (867, b'\x00x')
DEBUG 2025-03-27 19:42:39,649 psparser nexttoken: (874, b'\x00*')
DEBUG 2025-03-27 19:42:39,649 psparser nexttoken: (881, b'\x006')
DEBUG 2025-03-27 19:42:39,649 psparser nexttoken: (888, b'\x00+')
DEBUG 2025-03-27 19:42:39,649 psparser nexttoken: (895, b'\x004')
DEBUG 2025-03-27 19:42:39,649 psparser nexttoken: (902, b'\x00,')
DEBUG 2025-03-27 19:42:39,650 psparser nexttoken: (909, b'\x00I')
DEBUG 2025-03-27 19:42:39,650 psparser nexttoken: (916, b'\x00-')
DEBUG 2025-03-27 19:42:39,650 psparser nexttoken: (923, b'\x00T')
DEBUG 2025-03-27 19:42:39,650 psparser nexttoken: (930, b'\x00.')
DEBUG 2025-03-27 19:42:39,650 psparser nexttoken: (937, b'\x00p')
DEBUG 2025-03-27 19:42:39,650 psparser nexttoken: (944, b'\x00/')
DEBUG 2025-03-27 19:42:39,650 psparser nexttoken: (951, b'\x00M')
DEBUG 2025-03-27 19:42:39,651 psparser nexttoken: (958, b'\x000')
DEBUG 2025-03-27 19:42:39,651 psparser nexttoken: (965, b'\x00f')
DEBUG 2025-03-27 19:42:39,651 psparser nexttoken: (972, b'\x001')
DEBUG 2025-03-27 19:42:39,651 psparser nexttoken: (979, b'\x00P')
DEBUG 2025-03-27 19:42:39,651 psparser nexttoken: (986, b'\x002')
DEBUG 2025-03-27 19:42:39,651 psparser nexttoken: (993, b'\x00K')
DEBUG 2025-03-27 19:42:39,652 psparser nexttoken: (1000, b'\x003')
DEBUG 2025-03-27 19:42:39,652 psparser nexttoken: (1007, b'\x00R')
DEBUG 2025-03-27 19:42:39,652 psparser nexttoken: (1014, b'\x004')
DEBUG 2025-03-27 19:42:39,652 psparser nexttoken: (1021, b'\x00U')
DEBUG 2025-03-27 19:42:39,652 psparser nexttoken: (1028, b'\x005')
DEBUG 2025-03-27 19:42:39,653 psparser nexttoken: (1035, b'\x00!')
DEBUG 2025-03-27 19:42:39,653 psparser nexttoken: (1042, b'\x006')
DEBUG 2025-03-27 19:42:39,653 psparser nexttoken: (1049, b' \x19')
DEBUG 2025-03-27 19:42:39,653 psparser nexttoken: (1056, b'\x007')
DEBUG 2025-03-27 19:42:39,654 psparser nexttoken: (1063, b'\x00v')
DEBUG 2025-03-27 19:42:39,654 psparser nexttoken: (1070, b'\x008')
DEBUG 2025-03-27 19:42:39,654 psparser nexttoken: (1077, b'\x00B')
DEBUG 2025-03-27 19:42:39,654 psparser nexttoken: (1084, b'\x009')
DEBUG 2025-03-27 19:42:39,654 psparser nexttoken: (1091, b'\x00z')
DEBUG 2025-03-27 19:42:39,656 psparser nexttoken: (1098, b'\x00:')
DEBUG 2025-03-27 19:42:39,656 psparser nexttoken: (1105, b'\x00b')
DEBUG 2025-03-27 19:42:39,656 psparser nexttoken: (1112, b'\x00;')
DEBUG 2025-03-27 19:42:39,656 psparser nexttoken: (1119, b'\x00j')
DEBUG 2025-03-27 19:42:39,658 psparser nexttoken: (1126, b'\x00<')
DEBUG 2025-03-27 19:42:39,659 psparser nexttoken: (1133, b'\x00J')
DEBUG 2025-03-27 19:42:39,659 psparser nexttoken: (1140, b'\x00=')
DEBUG 2025-03-27 19:42:39,659 psparser nexttoken: (1147, b'\x00:')
DEBUG 2025-03-27 19:42:39,660 psparser nexttoken: (1154, b'\x00>')
DEBUG 2025-03-27 19:42:39,660 psparser nexttoken: (1161, b'\x00G')
DEBUG 2025-03-27 19:42:39,661 psparser nexttoken: (1168, b'\x00?')
DEBUG 2025-03-27 19:42:39,662 psparser nexttoken: (1175, b'\x00F')
DEBUG 2025-03-27 19:42:39,662 psparser nexttoken: (1182, b'\x00@')
DEBUG 2025-03-27 19:42:39,662 psparser nexttoken: (1189, b' \x14')
DEBUG 2025-03-27 19:42:39,662 psparser nexttoken: (1196, b'\x00A')
DEBUG 2025-03-27 19:42:39,663 psparser nexttoken: (1203, b'\x00N')
DEBUG 2025-03-27 19:42:39,663 psparser nexttoken: (1210, b'\x00B')
DEBUG 2025-03-27 19:42:39,663 psparser nexttoken: (1217, b'\x00\xa0')
DEBUG 2025-03-27 19:42:39,663 psparser nexttoken: (1224, b'\x00C')
DEBUG 2025-03-27 19:42:39,663 psparser nexttoken: (1231, b'\x00W')
DEBUG 2025-03-27 19:42:39,663 psparser nexttoken: (1238, b'\x00D')
DEBUG 2025-03-27 19:42:39,663 psparser nexttoken: (1245, b'\x00O')
DEBUG 2025-03-27 19:42:39,663 psparser nexttoken: (1252, b'\x00E')
DEBUG 2025-03-27 19:42:39,663 psparser nexttoken: (1259, b"\x00'")
DEBUG 2025-03-27 19:42:39,664 psparser nexttoken: (1266, b'\x00F')
DEBUG 2025-03-27 19:42:39,664 psparser nexttoken: (1273, b'\x00\xb7')
DEBUG 2025-03-27 19:42:39,664 psparser nexttoken: (1280, /b'endbfchar')
DEBUG 2025-03-27 19:42:39,664 psparser do_keyword: pos=1280, token=/b'endbfchar', stack=[(286, b'\x00\x00'), (293, b'\xff\xff'), (300, b'\x00\x01'), (307, b'\x00 '), (314, b'\x00\x02'), (321, b'\x00-'), (328, b'\x00\x03'), (335, b'\x00C'), (342, b'\x00\x04'), (349, b'\x00o'), (356, b'\x00\x05'), (363, b'\x00n'), (370, b'\x00\x06'), (377, b'\x00t'), (384, b'\x00\x07'), (391, b'\x00a'), (398, b'\x00\x08'), (405, b'\x00c'), (412, b'\x00\t'), (419, b'\x00E'), (426, b'\x00\n'), (433, b'\x003'), (440, b'\x00\x0b'), (447, b'\x005'), (454, b'\x00\x0c'), (461, b'\x00,'), (468, b'\x00\r'), (475, b'\x00S'), (482, b'\x00\x0e'), (489, b'\x00e'), (496, b'\x00\x0f'), (503, b'\x00r'), (510, b'\x00\x10'), (517, b'\x001'), (524, b'\x00\x11'), (531, b'\x00L'), (538, b'\x00\x12'), (545, b'\x00D'), (552, b'\x00\x13'), (559, b'\x00A'), (566, b'\x00\x14'), (573, b'\x00l'), (580, b'\x00\x15'), (587, b'\x00y'), (594, b'\x00\x16'), (601, b'\x00u'), (608, b'\x00\x17'), (615, b'\x00k'), (622, b'\x00\x18'), (629, b'\x00w'), (636, b'\x00\x19'), (643, b'\x00.'), (650, b'\x00\x1a'), (657, b'\x008'), (664, b'\x00\x1b'), (671, b'\x000'), (678, b'\x00\x1c'), (685, b'\x009'), (692, b'\x00\x1d'), (699, b'\x002'), (706, b'\x00\x1e'), (713, b'\x00('), (720, b'\x00\x1f'), (727, b'\x00H'), (734, b'\x00 '), (741, b'\x00m'), (748, b'\x00!'), (755, b'\x00)'), (762, b'\x00"'), (769, b'\x00d'), (776, b'\x00#'), (783, b'\x00s'), (790, b'\x00$'), (797, b'\x00i'), (804, b'\x00%'), (811, b'\x00h'), (818, b'\x00&'), (825, b'\x00g'), (832, b"\x00'"), (839, b'\x00@'), (846, b'\x00('), (853, b'\x00/'), (860, b'\x00)'), (867, b'\x00x'), (874, b'\x00*'), (881, b'\x006'), (888, b'\x00+'), (895, b'\x004'), (902, b'\x00,'), (909, b'\x00I'), (916, b'\x00-'), (923, b'\x00T'), (930, b'\x00.'), (937, b'\x00p'), (944, b'\x00/'), (951, b'\x00M'), (958, b'\x000'), (965, b'\x00f'), (972, b'\x001'), (979, b'\x00P'), (986, b'\x002'), (993, b'\x00K'), (1000, b'\x003'), (1007, b'\x00R'), (1014, b'\x004'), (1021, b'\x00U'), (1028, b'\x005'), (1035, b'\x00!'), (1042, b'\x006'), (1049, b' \x19'), (1056, b'\x007'), (1063, b'\x00v'), (1070, b'\x008'), (1077, b'\x00B'), (1084, b'\x009'), (1091, b'\x00z'), (1098, b'\x00:'), (1105, b'\x00b'), (1112, b'\x00;'), (1119, b'\x00j'), (1126, b'\x00<'), (1133, b'\x00J'), (1140, b'\x00='), (1147, b'\x00:'), (1154, b'\x00>'), (1161, b'\x00G'), (1168, b'\x00?'), (1175, b'\x00F'), (1182, b'\x00@'), (1189, b' \x14'), (1196, b'\x00A'), (1203, b'\x00N'), (1210, b'\x00B'), (1217, b'\x00\xa0'), (1224, b'\x00C'), (1231, b'\x00W'), (1238, b'\x00D'), (1245, b'\x00O'), (1252, b'\x00E'), (1259, b"\x00'"), (1266, b'\x00F'), (1273, b'\x00\xb7')]
DEBUG 2025-03-27 19:42:39,684 psparser nexttoken: (1290, /b'endcmap')
DEBUG 2025-03-27 19:42:39,685 psparser do_keyword: pos=1290, token=/b'endcmap', stack=[]
DEBUG 2025-03-27 19:42:39,685 psparser nexttoken: (1298, /b'CMapName')
DEBUG 2025-03-27 19:42:39,685 psparser do_keyword: pos=1298, token=/b'CMapName', stack=[]
DEBUG 2025-03-27 19:42:39,685 psparser nexttoken: (1307, /b'currentdict')
DEBUG 2025-03-27 19:42:39,685 psparser do_keyword: pos=1307, token=/b'currentdict', stack=[]
DEBUG 2025-03-27 19:42:39,685 psparser nexttoken: (1319, /'CMap')
DEBUG 2025-03-27 19:42:39,685 psparser nexttoken: (1325, /b'defineresource')
DEBUG 2025-03-27 19:42:39,686 psparser do_keyword: pos=1325, token=/b'defineresource', stack=[(1319, /'CMap')]
DEBUG 2025-03-27 19:42:39,686 psparser nexttoken: (1340, /b'pop')
DEBUG 2025-03-27 19:42:39,686 psparser do_keyword: pos=1340, token=/b'pop', stack=[(1319, /'CMap')]
DEBUG 2025-03-27 19:42:39,686 psparser nexttoken: (1344, /b'end')
DEBUG 2025-03-27 19:42:39,686 psparser do_keyword: pos=1344, token=/b'end', stack=[(1319, /'CMap')]
DEBUG 2025-03-27 19:42:39,687 psparser nexttoken: (1348, /b'end')
DEBUG 2025-03-27 19:42:39,687 psparser do_keyword: pos=1348, token=/b'end', stack=[(1319, /'CMap')]
DEBUG 2025-03-27 19:42:39,689 pdfinterp Resource: 'ProcSet': [/'PDF', /'ImageB', /'ImageC', /'Text']
DEBUG 2025-03-27 19:42:39,689 pdfinterp Resource: 'ColorSpace': {'DefaultRGB': <PDFObjRef:4>}
DEBUG 2025-03-27 19:42:39,689 pdfdocument getobj: objid=4
DEBUG 2025-03-27 19:42:39,689 psparser seek: 2705
DEBUG 2025-03-27 19:42:39,689 psparser nexttoken: (2705, 4)
DEBUG 2025-03-27 19:42:39,690 psparser nexttoken: (2707, 0)
DEBUG 2025-03-27 19:42:39,690 psparser nexttoken: (2709, /b'obj')
DEBUG 2025-03-27 19:42:39,690 psparser nexttoken: (2713, /b'[')
DEBUG 2025-03-27 19:42:39,690 psparser start_type: pos=2713, type='a'
DEBUG 2025-03-27 19:42:39,691 psparser nexttoken: (2714, /'ICCBased')
DEBUG 2025-03-27 19:42:39,691 psparser nexttoken: (2724, 2)
DEBUG 2025-03-27 19:42:39,691 psparser nexttoken: (2726, 0)
DEBUG 2025-03-27 19:42:39,691 psparser nexttoken: (2728, /b'R')
DEBUG 2025-03-27 19:42:39,691 psparser do_keyword: pos=2728, token=/b'R', stack=[(2714, /'ICCBased'), (2724, 2), (2726, 0)]
DEBUG 2025-03-27 19:42:39,692 psparser nexttoken: (2729, /b']')
DEBUG 2025-03-27 19:42:39,692 psparser end_type: pos=2713, type='a', objs=[/'ICCBased', <PDFObjRef:2>]
DEBUG 2025-03-27 19:42:39,692 psparser nexttoken: (2731, /b'endobj')
DEBUG 2025-03-27 19:42:39,692 psparser do_keyword: pos=2731, token=/b'endobj', stack=[(2713, [/'ICCBased', <PDFObjRef:2>])]
DEBUG 2025-03-27 19:42:39,692 psparser add_results: ((2713, [/'ICCBased', <PDFObjRef:2>]),)
DEBUG 2025-03-27 19:42:39,692 psparser nextobject: (2713, [/'ICCBased', <PDFObjRef:2>])
DEBUG 2025-03-27 19:42:39,693 pdfdocument register: objid=4: [/'ICCBased', <PDFObjRef:2>]
DEBUG 2025-03-27 19:42:39,693 pdfdocument getobj: objid=2
DEBUG 2025-03-27 19:42:39,694 psparser seek: 181
DEBUG 2025-03-27 19:42:39,694 psparser nexttoken: (181, 2)
DEBUG 2025-03-27 19:42:39,694 psparser nexttoken: (183, 0)
DEBUG 2025-03-27 19:42:39,695 psparser nexttoken: (185, /b'obj')
DEBUG 2025-03-27 19:42:39,695 psparser nexttoken: (189, /b'<<')
DEBUG 2025-03-27 19:42:39,695 psparser start_type: pos=189, type='d'
DEBUG 2025-03-27 19:42:39,695 psparser nexttoken: (194, /'N')
DEBUG 2025-03-27 19:42:39,696 psparser nexttoken: (197, 3)
DEBUG 2025-03-27 19:42:39,696 psparser nexttoken: (201, /'Length')
DEBUG 2025-03-27 19:42:39,696 psparser nexttoken: (209, 3)
DEBUG 2025-03-27 19:42:39,696 psparser nexttoken: (211, 0)
DEBUG 2025-03-27 19:42:39,696 psparser nexttoken: (213, /b'R')
DEBUG 2025-03-27 19:42:39,696 psparser do_keyword: pos=213, token=/b'R', stack=[(194, /'N'), (197, 3), (201, /'Length'), (209, 3), (211, 0)]
DEBUG 2025-03-27 19:42:39,698 psparser nexttoken: (217, /'Filter')
DEBUG 2025-03-27 19:42:39,698 psparser nexttoken: (225, /'FlateDecode')
DEBUG 2025-03-27 19:42:39,698 psparser nexttoken: (238, /b'>>')
DEBUG 2025-03-27 19:42:39,698 psparser end_type: pos=189, type='d', objs=[/'N', 3, /'Length', <PDFObjRef:3>, /'Filter', /'FlateDecode']
DEBUG 2025-03-27 19:42:39,698 psparser nexttoken: (241, /b'stream')
DEBUG 2025-03-27 19:42:39,698 psparser do_keyword: pos=241, token=/b'stream', stack=[(189, {'N': 3, 'Length': <PDFObjRef:3>, 'Filter': /'FlateDecode'})]
DEBUG 2025-03-27 19:42:39,698 pdfdocument getobj: objid=3
DEBUG 2025-03-27 19:42:39,699 psparser seek: 2685
DEBUG 2025-03-27 19:42:39,699 psparser nexttoken: (2685, 3)
DEBUG 2025-03-27 19:42:39,699 psparser nexttoken: (2687, 0)
DEBUG 2025-03-27 19:42:39,699 psparser nexttoken: (2689, /b'obj')
DEBUG 2025-03-27 19:42:39,699 psparser nexttoken: (2693, 2419)
DEBUG 2025-03-27 19:42:39,699 psparser nexttoken: (2698, /b'endobj')
DEBUG 2025-03-27 19:42:39,699 psparser do_keyword: pos=2698, token=/b'endobj', stack=[(2693, 2419)]
DEBUG 2025-03-27 19:42:39,699 psparser add_results: ((2693, 2419),)
DEBUG 2025-03-27 19:42:39,700 psparser nextobject: (2693, 2419)
DEBUG 2025-03-27 19:42:39,700 pdfdocument register: objid=3: 2419
DEBUG 2025-03-27 19:42:39,700 psparser seek: 241
DEBUG 2025-03-27 19:42:39,700 psparser nextline: 241, b'stream\n'
DEBUG 2025-03-27 19:42:39,700 psparser seek: 2667
DEBUG 2025-03-27 19:42:39,700 psparser nextline: 2667, b'\n'
DEBUG 2025-03-27 19:42:39,701 psparser nextline: 2668, b'endstream\n'
DEBUG 2025-03-27 19:42:39,701 psparser seek: 2668
DEBUG 2025-03-27 19:42:39,701 pdfparser Stream: pos=248, objlen=2420, dic={'N': 3, 'Length': <PDFObjRef:3>, 'Filter': /'FlateDecode'}, data=bytearray(b'x\x9c\xed\x99gP\x14\xd9\x1a\x86')...
DEBUG 2025-03-27 19:42:39,701 psparser nexttoken: (2668, /b'endstream')
DEBUG 2025-03-27 19:42:39,701 psparser do_keyword: pos=2668, token=/b'endstream', stack=[(248, <PDFStream(None): raw=2419, {'N': 3, 'Length': <PDFObjRef:3>, 'Filter': /'FlateDecode'}>)]
DEBUG 2025-03-27 19:42:39,702 psparser nexttoken: (2678, /b'endobj')
DEBUG 2025-03-27 19:42:39,702 psparser do_keyword: pos=2678, token=/b'endobj', stack=[(248, <PDFStream(None): raw=2419, {'N': 3, 'Length': <PDFObjRef:3>, 'Filter': /'FlateDecode'}>), (2668, /b'endstream')]
DEBUG 2025-03-27 19:42:39,703 psparser add_results: ((248, <PDFStream(None): raw=2419, {'N': 3, 'Length': <PDFObjRef:3>, 'Filter': /'FlateDecode'}>), (2668, /b'endstream'))
DEBUG 2025-03-27 19:42:39,703 psparser nextobject: (248, <PDFStream(None): raw=2419, {'N': 3, 'Length': <PDFObjRef:3>, 'Filter': /'FlateDecode'}>)
DEBUG 2025-03-27 19:42:39,703 pdfdocument register: objid=2: <PDFStream(2): raw=2419, {'N': 3, 'Length': <PDFObjRef:3>, 'Filter': /'FlateDecode'}>
DEBUG 2025-03-27 19:42:39,706 psparser seek: 0
DEBUG 2025-03-27 19:42:39,708 psparser nexttoken: (0, /b'q')
DEBUG 2025-03-27 19:42:39,708 psparser do_keyword: pos=0, token=/b'q', stack=[]
DEBUG 2025-03-27 19:42:39,708 psparser add_results: ((0, /b'q'),)
DEBUG 2025-03-27 19:42:39,708 psparser nextobject: (0, /b'q')
DEBUG 2025-03-27 19:42:39,714 pdfinterp exec: q
DEBUG 2025-03-27 19:42:39,714 psparser nexttoken: (2, 1)
DEBUG 2025-03-27 19:42:39,714 psparser add_results: ((2, 1),)
DEBUG 2025-03-27 19:42:39,715 psparser nextobject: (2, 1)
DEBUG 2025-03-27 19:42:39,715 psparser nexttoken: (4, 0)
DEBUG 2025-03-27 19:42:39,715 psparser add_results: ((4, 0),)
DEBUG 2025-03-27 19:42:39,715 psparser nextobject: (4, 0)
DEBUG 2025-03-27 19:42:39,715 psparser nexttoken: (6, 0)
DEBUG 2025-03-27 19:42:39,715 psparser add_results: ((6, 0),)
DEBUG 2025-03-27 19:42:39,715 psparser nextobject: (6, 0)
DEBUG 2025-03-27 19:42:39,715 psparser nexttoken: (8, -1)
DEBUG 2025-03-27 19:42:39,715 psparser add_results: ((8, -1),)
DEBUG 2025-03-27 19:42:39,716 psparser nextobject: (8, -1)
DEBUG 2025-03-27 19:42:39,716 psparser nexttoken: (11, 0)
DEBUG 2025-03-27 19:42:39,716 psparser add_results: ((11, 0),)
DEBUG 2025-03-27 19:42:39,716 psparser nextobject: (11, 0)
DEBUG 2025-03-27 19:42:39,716 psparser nexttoken: (13, 792)
DEBUG 2025-03-27 19:42:39,716 psparser add_results: ((13, 792),)
DEBUG 2025-03-27 19:42:39,716 psparser nextobject: (13, 792)
DEBUG 2025-03-27 19:42:39,716 psparser nexttoken: (17, /b'cm')
DEBUG 2025-03-27 19:42:39,716 psparser do_keyword: pos=17, token=/b'cm', stack=[]
DEBUG 2025-03-27 19:42:39,718 psparser add_results: ((17, /b'cm'),)
DEBUG 2025-03-27 19:42:39,718 psparser nextobject: (17, /b'cm')
DEBUG 2025-03-27 19:42:39,718 pdfinterp exec: cm [1, 0, 0, -1, 0, 792]
DEBUG 2025-03-27 19:42:39,718 psparser nexttoken: (20, /b'q')
DEBUG 2025-03-27 19:42:39,718 psparser do_keyword: pos=20, token=/b'q', stack=[]
DEBUG 2025-03-27 19:42:39,718 psparser add_results: ((20, /b'q'),)
DEBUG 2025-03-27 19:42:39,718 psparser nextobject: (20, /b'q')
DEBUG 2025-03-27 19:42:39,719 pdfinterp exec: q
DEBUG 2025-03-27 19:42:39,719 psparser nexttoken: (22, /b'q')
DEBUG 2025-03-27 19:42:39,719 psparser do_keyword: pos=22, token=/b'q', stack=[]
DEBUG 2025-03-27 19:42:39,719 psparser add_results: ((22, /b'q'),)
DEBUG 2025-03-27 19:42:39,719 psparser nextobject: (22, /b'q')
DEBUG 2025-03-27 19:42:39,719 pdfinterp exec: q
DEBUG 2025-03-27 19:42:39,719 psparser nexttoken: (24, 0)
DEBUG 2025-03-27 19:42:39,719 psparser add_results: ((24, 0),)
DEBUG 2025-03-27 19:42:39,719 psparser nextobject: (24, 0)
DEBUG 2025-03-27 19:42:39,719 psparser nexttoken: (26, 0)
DEBUG 2025-03-27 19:42:39,719 psparser add_results: ((26, 0),)
DEBUG 2025-03-27 19:42:39,719 psparser nextobject: (26, 0)
DEBUG 2025-03-27 19:42:39,719 psparser nexttoken: (28, /b'm')
DEBUG 2025-03-27 19:42:39,719 psparser do_keyword: pos=28, token=/b'm', stack=[]
DEBUG 2025-03-27 19:42:39,719 psparser add_results: ((28, /b'm'),)
DEBUG 2025-03-27 19:42:39,719 psparser nextobject: (28, /b'm')
DEBUG 2025-03-27 19:42:39,720 pdfinterp exec: m [0, 0]
DEBUG 2025-03-27 19:42:39,720 psparser nexttoken: (30, 201.960007)
DEBUG 2025-03-27 19:42:39,720 psparser add_results: ((30, 201.960007),)
DEBUG 2025-03-27 19:42:39,720 psparser nextobject: (30, 201.960007)
DEBUG 2025-03-27 19:42:39,720 psparser nexttoken: (41, 0)
DEBUG 2025-03-27 19:42:39,720 psparser add_results: ((41, 0),)
DEBUG 2025-03-27 19:42:39,721 psparser nextobject: (41, 0)
DEBUG 2025-03-27 19:42:39,721 psparser nexttoken: (43, /b'l')
DEBUG 2025-03-27 19:42:39,721 psparser do_keyword: pos=43, token=/b'l', stack=[]
DEBUG 2025-03-27 19:42:39,721 psparser add_results: ((43, /b'l'),)
DEBUG 2025-03-27 19:42:39,721 psparser nextobject: (43, /b'l')
DEBUG 2025-03-27 19:42:39,721 pdfinterp exec: l [201.960007, 0]
DEBUG 2025-03-27 19:42:39,722 psparser nexttoken: (45, 201.960007)
DEBUG 2025-03-27 19:42:39,722 psparser add_results: ((45, 201.960007),)
DEBUG 2025-03-27 19:42:39,722 psparser nextobject: (45, 201.960007)
DEBUG 2025-03-27 19:42:39,722 psparser nexttoken: (56, 792)
DEBUG 2025-03-27 19:42:39,722 psparser add_results: ((56, 792),)
DEBUG 2025-03-27 19:42:39,723 psparser nextobject: (56, 792)
DEBUG 2025-03-27 19:42:39,723 psparser nexttoken: (60, /b'l')
DEBUG 2025-03-27 19:42:39,723 psparser do_keyword: pos=60, token=/b'l', stack=[]
DEBUG 2025-03-27 19:42:39,724 psparser add_results: ((60, /b'l'),)
DEBUG 2025-03-27 19:42:39,724 psparser nextobject: (60, /b'l')
DEBUG 2025-03-27 19:42:39,724 pdfinterp exec: l [201.960007, 792]
DEBUG 2025-03-27 19:42:39,725 psparser nexttoken: (62, 0)
DEBUG 2025-03-27 19:42:39,725 psparser add_results: ((62, 0),)
DEBUG 2025-03-27 19:42:39,725 psparser nextobject: (62, 0)
DEBUG 2025-03-27 19:42:39,725 psparser nexttoken: (64, 792)
DEBUG 2025-03-27 19:42:39,726 psparser add_results: ((64, 792),)
DEBUG 2025-03-27 19:42:39,726 psparser nextobject: (64, 792)
DEBUG 2025-03-27 19:42:39,727 psparser nexttoken: (68, /b'l')
DEBUG 2025-03-27 19:42:39,727 psparser do_keyword: pos=68, token=/b'l', stack=[]
DEBUG 2025-03-27 19:42:39,728 psparser add_results: ((68, /b'l'),)
DEBUG 2025-03-27 19:42:39,728 psparser nextobject: (68, /b'l')
DEBUG 2025-03-27 19:42:39,728 pdfinterp exec: l [0, 792]
DEBUG 2025-03-27 19:42:39,729 psparser nexttoken: (70, 0)
DEBUG 2025-03-27 19:42:39,729 psparser add_results: ((70, 0),)
DEBUG 2025-03-27 19:42:39,729 psparser nextobject: (70, 0)
DEBUG 2025-03-27 19:42:39,729 psparser nexttoken: (72, 0)
DEBUG 2025-03-27 19:42:39,729 psparser add_results: ((72, 0),)
DEBUG 2025-03-27 19:42:39,729 psparser nextobject: (72, 0)
DEBUG 2025-03-27 19:42:39,730 psparser nexttoken: (74, /b'l')
DEBUG 2025-03-27 19:42:39,730 psparser do_keyword: pos=74, token=/b'l', stack=[]
DEBUG 2025-03-27 19:42:39,730 psparser add_results: ((74, /b'l'),)
DEBUG 2025-03-27 19:42:39,731 psparser nextobject: (74, /b'l')
DEBUG 2025-03-27 19:42:39,731 pdfinterp exec: l [0, 0]
DEBUG 2025-03-27 19:42:39,731 psparser nexttoken: (76, /b'W')
DEBUG 2025-03-27 19:42:39,731 psparser do_keyword: pos=76, token=/b'W', stack=[]
DEBUG 2025-03-27 19:42:39,731 psparser add_results: ((76, /b'W'),)
DEBUG 2025-03-27 19:42:39,732 psparser nextobject: (76, /b'W')
DEBUG 2025-03-27 19:42:39,732 pdfinterp exec: W
DEBUG 2025-03-27 19:42:39,732 psparser nexttoken: (78, /b'n')
DEBUG 2025-03-27 19:42:39,732 psparser do_keyword: pos=78, token=/b'n', stack=[]
DEBUG 2025-03-27 19:42:39,732 psparser add_results: ((78, /b'n'),)
DEBUG 2025-03-27 19:42:39,733 psparser nextobject: (78, /b'n')
DEBUG 2025-03-27 19:42:39,733 pdfinterp exec: n
DEBUG 2025-03-27 19:42:39,733 psparser nexttoken: (80, /'Artifact')
DEBUG 2025-03-27 19:42:39,733 psparser add_results: ((80, /'Artifact'),)
DEBUG 2025-03-27 19:42:39,733 psparser nextobject: (80, /'Artifact')
DEBUG 2025-03-27 19:42:39,733 psparser nexttoken: (90, /b'BMC')
DEBUG 2025-03-27 19:42:39,733 psparser do_keyword: pos=90, token=/b'BMC', stack=[]
DEBUG 2025-03-27 19:42:39,733 psparser add_results: ((90, /b'BMC'),)
DEBUG 2025-03-27 19:42:39,733 psparser nextobject: (90, /b'BMC')
DEBUG 2025-03-27 19:42:39,733 pdfinterp exec: BMC [/'Artifact']
DEBUG 2025-03-27 19:42:39,734 psparser nexttoken: (94, 0.1608)
DEBUG 2025-03-27 19:42:39,734 psparser add_results: ((94, 0.1608),)
DEBUG 2025-03-27 19:42:39,734 psparser nextobject: (94, 0.1608)
DEBUG 2025-03-27 19:42:39,734 psparser nexttoken: (101, 0.2431)
DEBUG 2025-03-27 19:42:39,734 psparser add_results: ((101, 0.2431),)
DEBUG 2025-03-27 19:42:39,734 psparser nextobject: (101, 0.2431)
DEBUG 2025-03-27 19:42:39,734 psparser nexttoken: (108, 0.2863)
DEBUG 2025-03-27 19:42:39,734 psparser add_results: ((108, 0.2863),)
DEBUG 2025-03-27 19:42:39,734 psparser nextobject: (108, 0.2863)
DEBUG 2025-03-27 19:42:39,734 psparser nexttoken: (115, /b'rg')
DEBUG 2025-03-27 19:42:39,734 psparser do_keyword: pos=115, token=/b'rg', stack=[]
DEBUG 2025-03-27 19:42:39,734 psparser add_results: ((115, /b'rg'),)
DEBUG 2025-03-27 19:42:39,734 psparser nextobject: (115, /b'rg')
DEBUG 2025-03-27 19:42:39,734 pdfinterp exec: rg [0.1608, 0.2431, 0.2863]
DEBUG 2025-03-27 19:42:39,734 psparser nexttoken: (118, 0)
DEBUG 2025-03-27 19:42:39,734 psparser add_results: ((118, 0),)
DEBUG 2025-03-27 19:42:39,734 psparser nextobject: (118, 0)
DEBUG 2025-03-27 19:42:39,734 psparser nexttoken: (120, 0)
DEBUG 2025-03-27 19:42:39,735 psparser add_results: ((120, 0),)
DEBUG 2025-03-27 19:42:39,735 psparser nextobject: (120, 0)
DEBUG 2025-03-27 19:42:39,735 psparser nexttoken: (122, 201.960007)
DEBUG 2025-03-27 19:42:39,735 psparser add_results: ((122, 201.960007),)
DEBUG 2025-03-27 19:42:39,735 psparser nextobject: (122, 201.960007)
DEBUG 2025-03-27 19:42:39,735 psparser nexttoken: (133, 792)
DEBUG 2025-03-27 19:42:39,735 psparser add_results: ((133, 792),)
DEBUG 2025-03-27 19:42:39,735 psparser nextobject: (133, 792)
DEBUG 2025-03-27 19:42:39,735 psparser nexttoken: (137, /b're')
DEBUG 2025-03-27 19:42:39,736 psparser do_keyword: pos=137, token=/b're', stack=[]
DEBUG 2025-03-27 19:42:39,736 psparser add_results: ((137, /b're'),)
DEBUG 2025-03-27 19:42:39,736 psparser nextobject: (137, /b're')
DEBUG 2025-03-27 19:42:39,737 pdfinterp exec: re [0, 0, 201.960007, 792]
DEBUG 2025-03-27 19:42:39,737 psparser nexttoken: (140, /b'f')
DEBUG 2025-03-27 19:42:39,738 psparser do_keyword: pos=140, token=/b'f', stack=[]
DEBUG 2025-03-27 19:42:39,738 psparser add_results: ((140, /b'f'),)
DEBUG 2025-03-27 19:42:39,738 psparser nextobject: (140, /b'f')
DEBUG 2025-03-27 19:42:39,738 pdfinterp exec: f
DEBUG 2025-03-27 19:42:39,739 psparser nexttoken: (142, /b'EMC')
DEBUG 2025-03-27 19:42:39,739 psparser do_keyword: pos=142, token=/b'EMC', stack=[]
DEBUG 2025-03-27 19:42:39,739 psparser add_results: ((142, /b'EMC'),)
DEBUG 2025-03-27 19:42:39,739 psparser nextobject: (142, /b'EMC')
DEBUG 2025-03-27 19:42:39,739 pdfinterp exec: EMC
DEBUG 2025-03-27 19:42:39,739 psparser nexttoken: (146, /b'Q')
DEBUG 2025-03-27 19:42:39,740 psparser do_keyword: pos=146, token=/b'Q', stack=[]
DEBUG 2025-03-27 19:42:39,740 psparser add_results: ((146, /b'Q'),)
DEBUG 2025-03-27 19:42:39,740 psparser nextobject: (146, /b'Q')
DEBUG 2025-03-27 19:42:39,740 pdfinterp exec: Q
DEBUG 2025-03-27 19:42:39,740 psparser nexttoken: (148, 0)
DEBUG 2025-03-27 19:42:39,740 psparser add_results: ((148, 0),)
DEBUG 2025-03-27 19:42:39,741 psparser nextobject: (148, 0)
DEBUG 2025-03-27 19:42:39,741 psparser nexttoken: (150, /b'g')
DEBUG 2025-03-27 19:42:39,741 psparser do_keyword: pos=150, token=/b'g', stack=[]
DEBUG 2025-03-27 19:42:39,741 psparser add_results: ((150, /b'g'),)
DEBUG 2025-03-27 19:42:39,742 psparser nextobject: (150, /b'g')
DEBUG 2025-03-27 19:42:39,742 pdfinterp exec: g [0]
DEBUG 2025-03-27 19:42:39,743 psparser nexttoken: (152, /'Artifact')
DEBUG 2025-03-27 19:42:39,743 psparser add_results: ((152, /'Artifact'),)
DEBUG 2025-03-27 19:42:39,743 psparser nextobject: (152, /'Artifact')
DEBUG 2025-03-27 19:42:39,744 psparser nexttoken: (162, /b'BMC')
DEBUG 2025-03-27 19:42:39,745 psparser do_keyword: pos=162, token=/b'BMC', stack=[]
DEBUG 2025-03-27 19:42:39,746 psparser add_results: ((162, /b'BMC'),)
DEBUG 2025-03-27 19:42:39,746 psparser nextobject: (162, /b'BMC')
DEBUG 2025-03-27 19:42:39,746 pdfinterp exec: BMC [/'Artifact']
DEBUG 2025-03-27 19:42:39,746 psparser nexttoken: (166, /b'BT')
DEBUG 2025-03-27 19:42:39,747 psparser do_keyword: pos=166, token=/b'BT', stack=[]
DEBUG 2025-03-27 19:42:39,747 psparser add_results: ((166, /b'BT'),)
DEBUG 2025-03-27 19:42:39,747 psparser nextobject: (166, /b'BT')
DEBUG 2025-03-27 19:42:39,747 pdfinterp exec: BT
DEBUG 2025-03-27 19:42:39,747 psparser nexttoken: (169, /'F15')
DEBUG 2025-03-27 19:42:39,747 psparser add_results: ((169, /'F15'),)
DEBUG 2025-03-27 19:42:39,747 psparser nextobject: (169, /'F15')
DEBUG 2025-03-27 19:42:39,747 psparser nexttoken: (174, 12)
DEBUG 2025-03-27 19:42:39,747 psparser add_results: ((174, 12),)
DEBUG 2025-03-27 19:42:39,748 psparser nextobject: (174, 12)
DEBUG 2025-03-27 19:42:39,748 psparser nexttoken: (177, /b'Tf')
DEBUG 2025-03-27 19:42:39,748 psparser do_keyword: pos=177, token=/b'Tf', stack=[]
DEBUG 2025-03-27 19:42:39,748 psparser add_results: ((177, /b'Tf'),)
DEBUG 2025-03-27 19:42:39,748 psparser nextobject: (177, /b'Tf')
DEBUG 2025-03-27 19:42:39,748 pdfinterp exec: Tf [/'F15', 12]
DEBUG 2025-03-27 19:42:39,749 psparser nexttoken: (180, 1)
DEBUG 2025-03-27 19:42:39,749 psparser add_results: ((180, 1),)
DEBUG 2025-03-27 19:42:39,749 psparser nextobject: (180, 1)
DEBUG 2025-03-27 19:42:39,749 psparser nexttoken: (182, 0)
DEBUG 2025-03-27 19:42:39,749 psparser add_results: ((182, 0),)
DEBUG 2025-03-27 19:42:39,749 psparser nextobject: (182, 0)
DEBUG 2025-03-27 19:42:39,749 psparser nexttoken: (184, 0)
DEBUG 2025-03-27 19:42:39,749 psparser add_results: ((184, 0),)
DEBUG 2025-03-27 19:42:39,750 psparser nextobject: (184, 0)
DEBUG 2025-03-27 19:42:39,750 psparser nexttoken: (186, -1)
DEBUG 2025-03-27 19:42:39,750 psparser add_results: ((186, -1),)
DEBUG 2025-03-27 19:42:39,751 psparser nextobject: (186, -1)
DEBUG 2025-03-27 19:42:39,751 psparser nexttoken: (189, 0)
DEBUG 2025-03-27 19:42:39,751 psparser add_results: ((189, 0),)
DEBUG 2025-03-27 19:42:39,751 psparser nextobject: (189, 0)
DEBUG 2025-03-27 19:42:39,751 psparser nexttoken: (191, 10.31400013)
DEBUG 2025-03-27 19:42:39,751 psparser add_results: ((191, 10.31400013),)
DEBUG 2025-03-27 19:42:39,751 psparser nextobject: (191, 10.31400013)
DEBUG 2025-03-27 19:42:39,751 psparser nexttoken: (203, /b'Tm')
DEBUG 2025-03-27 19:42:39,751 psparser do_keyword: pos=203, token=/b'Tm', stack=[]
DEBUG 2025-03-27 19:42:39,751 psparser add_results: ((203, /b'Tm'),)
DEBUG 2025-03-27 19:42:39,752 psparser nextobject: (203, /b'Tm')
DEBUG 2025-03-27 19:42:39,752 pdfinterp exec: Tm [1, 0, 0, -1, 0, 10.31400013]
DEBUG 2025-03-27 19:42:39,752 psparser nexttoken: (206, /b'[')
DEBUG 2025-03-27 19:42:39,752 psparser start_type: pos=206, type='a'
DEBUG 2025-03-27 19:42:39,752 psparser nexttoken: (207, b'\x00B')
DEBUG 2025-03-27 19:42:39,752 psparser nexttoken: (213, /b']')
DEBUG 2025-03-27 19:42:39,752 psparser end_type: pos=206, type='a', objs=[b'\x00B']
DEBUG 2025-03-27 19:42:39,752 psparser add_results: ((206, [b'\x00B']),)
DEBUG 2025-03-27 19:42:39,753 psparser nextobject: (206, [b'\x00B'])
DEBUG 2025-03-27 19:42:39,753 psparser nexttoken: (215, /b'TJ')
DEBUG 2025-03-27 19:42:39,753 psparser do_keyword: pos=215, token=/b'TJ', stack=[]
DEBUG 2025-03-27 19:42:39,753 psparser add_results: ((215, /b'TJ'),)
DEBUG 2025-03-27 19:42:39,753 psparser nextobject: (215, /b'TJ')
DEBUG 2025-03-27 19:42:39,753 pdfinterp exec: TJ [[b'\x00B']]
DEBUG 2025-03-27 19:42:39,754 cmapdb get_unichr: <UnicodeMap: /'Adobe-Identity-UCS'>, 66
DEBUG 2025-03-27 19:42:39,757 psparser nexttoken: (218, /b'ET')
DEBUG 2025-03-27 19:42:39,758 psparser do_keyword: pos=218, token=/b'ET', stack=[]
DEBUG 2025-03-27 19:42:39,758 psparser add_results: ((218, /b'ET'),)
DEBUG 2025-03-27 19:42:39,759 psparser nextobject: (218, /b'ET')
DEBUG 2025-03-27 19:42:39,759 pdfinterp exec: ET
DEBUG 2025-03-27 19:42:39,759 psparser nexttoken: (221, /b'EMC')
DEBUG 2025-03-27 19:42:39,759 psparser do_keyword: pos=221, token=/b'EMC', stack=[]
DEBUG 2025-03-27 19:42:39,759 psparser add_results: ((221, /b'EMC'),)
DEBUG 2025-03-27 19:42:39,759 psparser nextobject: (221, /b'EMC')
DEBUG 2025-03-27 19:42:39,759 pdfinterp exec: EMC
DEBUG 2025-03-27 19:42:39,760 psparser nexttoken: (225, /b'q')
DEBUG 2025-03-27 19:42:39,760 psparser do_keyword: pos=225, token=/b'q', stack=[]
DEBUG 2025-03-27 19:42:39,760 psparser add_results: ((225, /b'q'),)
DEBUG 2025-03-27 19:42:39,761 psparser nextobject: (225, /b'q')
DEBUG 2025-03-27 19:42:39,761 pdfinterp exec: q
DEBUG 2025-03-27 19:42:39,762 psparser nexttoken: (227, 1)
DEBUG 2025-03-27 19:42:39,762 psparser add_results: ((227, 1),)
DEBUG 2025-03-27 19:42:39,762 psparser nextobject: (227, 1)
DEBUG 2025-03-27 19:42:39,762 psparser nexttoken: (229, 0)
DEBUG 2025-03-27 19:42:39,763 psparser add_results: ((229, 0),)
DEBUG 2025-03-27 19:42:39,763 psparser nextobject: (229, 0)
DEBUG 2025-03-27 19:42:39,763 psparser nexttoken: (231, 0)
DEBUG 2025-03-27 19:42:39,763 psparser add_results: ((231, 0),)
DEBUG 2025-03-27 19:42:39,763 psparser nextobject: (231, 0)
DEBUG 2025-03-27 19:42:39,764 psparser nexttoken: (233, 1)
DEBUG 2025-03-27 19:42:39,764 psparser add_results: ((233, 1),)
DEBUG 2025-03-27 19:42:39,764 psparser nextobject: (233, 1)
DEBUG 2025-03-27 19:42:39,764 psparser nexttoken: (235, 201.96)
DEBUG 2025-03-27 19:42:39,764 psparser add_results: ((235, 201.96),)
DEBUG 2025-03-27 19:42:39,764 psparser nextobject: (235, 201.96)
DEBUG 2025-03-27 19:42:39,764 psparser nexttoken: (242, 0)
DEBUG 2025-03-27 19:42:39,764 psparser add_results: ((242, 0),)
DEBUG 2025-03-27 19:42:39,765 psparser nextobject: (242, 0)
DEBUG 2025-03-27 19:42:39,765 psparser nexttoken: (244, /b'cm')
DEBUG 2025-03-27 19:42:39,765 psparser do_keyword: pos=244, token=/b'cm', stack=[]
DEBUG 2025-03-27 19:42:39,765 psparser add_results: ((244, /b'cm'),)
DEBUG 2025-03-27 19:42:39,765 psparser nextobject: (244, /b'cm')
DEBUG 2025-03-27 19:42:39,765 pdfinterp exec: cm [1, 0, 0, 1, 201.96, 0]
DEBUG 2025-03-27 19:42:39,765 psparser nexttoken: (247, /'Artifact')
DEBUG 2025-03-27 19:42:39,766 psparser add_results: ((247, /'Artifact'),)
DEBUG 2025-03-27 19:42:39,766 psparser nextobject: (247, /'Artifact')
DEBUG 2025-03-27 19:42:39,766 psparser nexttoken: (257, /b'BMC')
DEBUG 2025-03-27 19:42:39,766 psparser do_keyword: pos=257, token=/b'BMC', stack=[]
DEBUG 2025-03-27 19:42:39,766 psparser add_results: ((257, /b'BMC'),)
DEBUG 2025-03-27 19:42:39,766 psparser nextobject: (257, /b'BMC')
DEBUG 2025-03-27 19:42:39,766 pdfinterp exec: BMC [/'Artifact']
DEBUG 2025-03-27 19:42:39,767 psparser nexttoken: (261, /b'BT')
DEBUG 2025-03-27 19:42:39,767 psparser do_keyword: pos=261, token=/b'BT', stack=[]
DEBUG 2025-03-27 19:42:39,767 psparser add_results: ((261, /b'BT'),)
DEBUG 2025-03-27 19:42:39,767 psparser nextobject: (261, /b'BT')
DEBUG 2025-03-27 19:42:39,767 pdfinterp exec: BT
DEBUG 2025-03-27 19:42:39,767 psparser nexttoken: (264, /'F15')
DEBUG 2025-03-27 19:42:39,767 psparser add_results: ((264, /'F15'),)
DEBUG 2025-03-27 19:42:39,767 psparser nextobject: (264, /'F15')
DEBUG 2025-03-27 19:42:39,769 psparser nexttoken: (269, 12)
DEBUG 2025-03-27 19:42:39,769 psparser add_results: ((269, 12),)
DEBUG 2025-03-27 19:42:39,769 psparser nextobject: (269, 12)
DEBUG 2025-03-27 19:42:39,769 psparser nexttoken: (272, /b'Tf')
DEBUG 2025-03-27 19:42:39,769 psparser do_keyword: pos=272, token=/b'Tf', stack=[]
DEBUG 2025-03-27 19:42:39,769 psparser add_results: ((272, /b'Tf'),)
DEBUG 2025-03-27 19:42:39,769 psparser nextobject: (272, /b'Tf')
DEBUG 2025-03-27 19:42:39,769 pdfinterp exec: Tf [/'F15', 12]
DEBUG 2025-03-27 19:42:39,770 psparser nexttoken: (275, 1)
DEBUG 2025-03-27 19:42:39,770 psparser add_results: ((275, 1),)
DEBUG 2025-03-27 19:42:39,770 psparser nextobject: (275, 1)
DEBUG 2025-03-27 19:42:39,770 psparser nexttoken: (277, 0)
DEBUG 2025-03-27 19:42:39,770 psparser add_results: ((277, 0),)
DEBUG 2025-03-27 19:42:39,770 psparser nextobject: (277, 0)
DEBUG 2025-03-27 19:42:39,771 psparser nexttoken: (279, 0)
DEBUG 2025-03-27 19:42:39,771 psparser add_results: ((279, 0),)
DEBUG 2025-03-27 19:42:39,772 psparser nextobject: (279, 0)
DEBUG 2025-03-27 19:42:39,772 psparser nexttoken: (281, -1)
DEBUG 2025-03-27 19:42:39,772 psparser add_results: ((281, -1),)
DEBUG 2025-03-27 19:42:39,772 psparser nextobject: (281, -1)
DEBUG 2025-03-27 19:42:39,772 psparser nexttoken: (284, 203.35800171)
DEBUG 2025-03-27 19:42:39,774 psparser add_results: ((284, 203.35800171),)
DEBUG 2025-03-27 19:42:39,774 psparser nextobject: (284, 203.35800171)
DEBUG 2025-03-27 19:42:39,774 psparser nexttoken: (297, 10.31400013)
DEBUG 2025-03-27 19:42:39,774 psparser add_results: ((297, 10.31400013),)
DEBUG 2025-03-27 19:42:39,774 psparser nextobject: (297, 10.31400013)
DEBUG 2025-03-27 19:42:39,775 psparser nexttoken: (309, /b'Tm')
DEBUG 2025-03-27 19:42:39,775 psparser do_keyword: pos=309, token=/b'Tm', stack=[]
DEBUG 2025-03-27 19:42:39,775 psparser add_results: ((309, /b'Tm'),)
DEBUG 2025-03-27 19:42:39,775 psparser nextobject: (309, /b'Tm')
DEBUG 2025-03-27 19:42:39,775 pdfinterp exec: Tm [1, 0, 0, -1, 203.35800171, 10.31400013]
DEBUG 2025-03-27 19:42:39,776 psparser nexttoken: (312, /b'[')
DEBUG 2025-03-27 19:42:39,776 psparser start_type: pos=312, type='a'
DEBUG 2025-03-27 19:42:39,776 psparser nexttoken: (313, b'\x00B')
DEBUG 2025-03-27 19:42:39,776 psparser nexttoken: (319, /b']')
DEBUG 2025-03-27 19:42:39,776 psparser end_type: pos=312, type='a', objs=[b'\x00B']
DEBUG 2025-03-27 19:42:39,776 psparser add_results: ((312, [b'\x00B']),)
DEBUG 2025-03-27 19:42:39,776 psparser nextobject: (312, [b'\x00B'])
DEBUG 2025-03-27 19:42:39,777 psparser nexttoken: (321, /b'TJ')
DEBUG 2025-03-27 19:42:39,777 psparser do_keyword: pos=321, token=/b'TJ', stack=[]
DEBUG 2025-03-27 19:42:39,777 psparser add_results: ((321, /b'TJ'),)
DEBUG 2025-03-27 19:42:39,778 psparser nextobject: (321, /b'TJ')
DEBUG 2025-03-27 19:42:39,778 pdfinterp exec: TJ [[b'\x00B']]
DEBUG 2025-03-27 19:42:39,778 cmapdb get_unichr: <UnicodeMap: /'Adobe-Identity-UCS'>, 66
DEBUG 2025-03-27 19:42:39,778 psparser nexttoken: (324, /b'ET')
DEBUG 2025-03-27 19:42:39,778 psparser do_keyword: pos=324, token=/b'ET', stack=[]
DEBUG 2025-03-27 19:42:39,780 psparser add_results: ((324, /b'ET'),)
DEBUG 2025-03-27 19:42:39,780 psparser nextobject: (324, /b'ET')
DEBUG 2025-03-27 19:42:39,780 pdfinterp exec: ET
DEBUG 2025-03-27 19:42:39,781 psparser nexttoken: (327, /b'EMC')
DEBUG 2025-03-27 19:42:39,781 psparser do_keyword: pos=327, token=/b'EMC', stack=[]
DEBUG 2025-03-27 19:42:39,781 psparser add_results: ((327, /b'EMC'),)
DEBUG 2025-03-27 19:42:39,781 psparser nextobject: (327, /b'EMC')
DEBUG 2025-03-27 19:42:39,781 pdfinterp exec: EMC
DEBUG 2025-03-27 19:42:39,781 psparser nexttoken: (331, /b'Q')
DEBUG 2025-03-27 19:42:39,781 psparser do_keyword: pos=331, token=/b'Q', stack=[]
DEBUG 2025-03-27 19:42:39,781 psparser add_results: ((331, /b'Q'),)
DEBUG 2025-03-27 19:42:39,781 psparser nextobject: (331, /b'Q')
DEBUG 2025-03-27 19:42:39,781 pdfinterp exec: Q
DEBUG 2025-03-27 19:42:39,781 psparser nexttoken: (333, /b'Q')
DEBUG 2025-03-27 19:42:39,782 psparser do_keyword: pos=333, token=/b'Q', stack=[]
DEBUG 2025-03-27 19:42:39,782 psparser add_results: ((333, /b'Q'),)
DEBUG 2025-03-27 19:42:39,782 psparser nextobject: (333, /b'Q')
DEBUG 2025-03-27 19:42:39,782 pdfinterp exec: Q
DEBUG 2025-03-27 19:42:39,782 psparser nexttoken: (335, /b'q')
DEBUG 2025-03-27 19:42:39,782 psparser do_keyword: pos=335, token=/b'q', stack=[]
DEBUG 2025-03-27 19:42:39,783 psparser add_results: ((335, /b'q'),)
DEBUG 2025-03-27 19:42:39,783 psparser nextobject: (335, /b'q')
DEBUG 2025-03-27 19:42:39,783 pdfinterp exec: q
DEBUG 2025-03-27 19:42:39,783 psparser nexttoken: (337, 1)
DEBUG 2025-03-27 19:42:39,783 psparser add_results: ((337, 1),)
DEBUG 2025-03-27 19:42:39,783 psparser nextobject: (337, 1)
DEBUG 2025-03-27 19:42:39,783 psparser nexttoken: (339, 0)
DEBUG 2025-03-27 19:42:39,783 psparser add_results: ((339, 0),)
DEBUG 2025-03-27 19:42:39,783 psparser nextobject: (339, 0)
DEBUG 2025-03-27 19:42:39,784 psparser nexttoken: (341, 0)
DEBUG 2025-03-27 19:42:39,784 psparser add_results: ((341, 0),)
DEBUG 2025-03-27 19:42:39,784 psparser nextobject: (341, 0)
DEBUG 2025-03-27 19:42:39,784 psparser nexttoken: (343, 1)
DEBUG 2025-03-27 19:42:39,784 psparser add_results: ((343, 1),)
DEBUG 2025-03-27 19:42:39,784 psparser nextobject: (343, 1)
DEBUG 2025-03-27 19:42:39,784 psparser nexttoken: (345, 0)
DEBUG 2025-03-27 19:42:39,784 psparser add_results: ((345, 0),)
DEBUG 2025-03-27 19:42:39,784 psparser nextobject: (345, 0)
DEBUG 2025-03-27 19:42:39,785 psparser nexttoken: (347, 43.2)
DEBUG 2025-03-27 19:42:39,785 psparser add_results: ((347, 43.2),)
DEBUG 2025-03-27 19:42:39,785 psparser nextobject: (347, 43.2)
DEBUG 2025-03-27 19:42:39,785 psparser nexttoken: (352, /b'cm')
DEBUG 2025-03-27 19:42:39,785 psparser do_keyword: pos=352, token=/b'cm', stack=[]
DEBUG 2025-03-27 19:42:39,785 psparser add_results: ((352, /b'cm'),)
DEBUG 2025-03-27 19:42:39,785 psparser nextobject: (352, /b'cm')
DEBUG 2025-03-27 19:42:39,785 pdfinterp exec: cm [1, 0, 0, 1, 0, 43.2]
DEBUG 2025-03-27 19:42:39,785 psparser nexttoken: (355, /b'q')
DEBUG 2025-03-27 19:42:39,786 psparser do_keyword: pos=355, token=/b'q', stack=[]
DEBUG 2025-03-27 19:42:39,786 psparser add_results: ((355, /b'q'),)
DEBUG 2025-03-27 19:42:39,786 psparser nextobject: (355, /b'q')
DEBUG 2025-03-27 19:42:39,786 pdfinterp exec: q
DEBUG 2025-03-27 19:42:39,786 psparser nexttoken: (357, /b'q')
DEBUG 2025-03-27 19:42:39,786 psparser do_keyword: pos=357, token=/b'q', stack=[]
DEBUG 2025-03-27 19:42:39,787 psparser add_results: ((357, /b'q'),)
DEBUG 2025-03-27 19:42:39,787 psparser nextobject: (357, /b'q')
DEBUG 2025-03-27 19:42:39,787 pdfinterp exec: q
DEBUG 2025-03-27 19:42:39,787 psparser nexttoken: (359, 1)
DEBUG 2025-03-27 19:42:39,787 psparser add_results: ((359, 1),)
DEBUG 2025-03-27 19:42:39,788 psparser nextobject: (359, 1)
DEBUG 2025-03-27 19:42:39,788 psparser nexttoken: (361, 0)
DEBUG 2025-03-27 19:42:39,788 psparser add_results: ((361, 0),)
DEBUG 2025-03-27 19:42:39,790 psparser nextobject: (361, 0)
DEBUG 2025-03-27 19:42:39,790 psparser nexttoken: (363, 0)
DEBUG 2025-03-27 19:42:39,790 psparser add_results: ((363, 0),)
DEBUG 2025-03-27 19:42:39,790 psparser nextobject: (363, 0)
DEBUG 2025-03-27 19:42:39,790 psparser nexttoken: (365, 1)
DEBUG 2025-03-27 19:42:39,791 psparser add_results: ((365, 1),)
DEBUG 2025-03-27 19:42:39,791 psparser nextobject: (365, 1)
DEBUG 2025-03-27 19:42:39,791 psparser nexttoken: (367, 21.6)
DEBUG 2025-03-27 19:42:39,792 psparser add_results: ((367, 21.6),)
DEBUG 2025-03-27 19:42:39,792 psparser nextobject: (367, 21.6)
DEBUG 2025-03-27 19:42:39,792 psparser nexttoken: (372, 0)
DEBUG 2025-03-27 19:42:39,792 psparser add_results: ((372, 0),)
DEBUG 2025-03-27 19:42:39,793 psparser nextobject: (372, 0)
DEBUG 2025-03-27 19:42:39,793 psparser nexttoken: (374, /b'cm')
DEBUG 2025-03-27 19:42:39,793 psparser do_keyword: pos=374, token=/b'cm', stack=[]
DEBUG 2025-03-27 19:42:39,793 psparser add_results: ((374, /b'cm'),)
DEBUG 2025-03-27 19:42:39,794 psparser nextobject: (374, /b'cm')
DEBUG 2025-03-27 19:42:39,794 pdfinterp exec: cm [1, 0, 0, 1, 21.6, 0]
DEBUG 2025-03-27 19:42:39,795 psparser nexttoken: (377, /b'q')
DEBUG 2025-03-27 19:42:39,796 psparser do_keyword: pos=377, token=/b'q', stack=[]
DEBUG 2025-03-27 19:42:39,796 psparser add_results: ((377, /b'q'),)
DEBUG 2025-03-27 19:42:39,796 psparser nextobject: (377, /b'q')
DEBUG 2025-03-27 19:42:39,796 pdfinterp exec: q
DEBUG 2025-03-27 19:42:39,796 psparser nexttoken: (379, -21.6)
DEBUG 2025-03-27 19:42:39,796 psparser add_results: ((379, -21.6),)
DEBUG 2025-03-27 19:42:39,796 psparser nextobject: (379, -21.6)
DEBUG 2025-03-27 19:42:39,796 psparser nexttoken: (385, 0)
DEBUG 2025-03-27 19:42:39,797 psparser add_results: ((385, 0),)
DEBUG 2025-03-27 19:42:39,797 psparser nextobject: (385, 0)
DEBUG 2025-03-27 19:42:39,797 psparser nexttoken: (387, /b'm')
DEBUG 2025-03-27 19:42:39,797 psparser do_keyword: pos=387, token=/b'm', stack=[]
DEBUG 2025-03-27 19:42:39,797 psparser add_results: ((387, /b'm'),)
DEBUG 2025-03-27 19:42:39,797 psparser nextobject: (387, /b'm')
DEBUG 2025-03-27 19:42:39,798 pdfinterp exec: m [-21.6, 0]
DEBUG 2025-03-27 19:42:39,798 psparser nexttoken: (389, 180.360001)
DEBUG 2025-03-27 19:42:39,798 psparser add_results: ((389, 180.360001),)
DEBUG 2025-03-27 19:42:39,798 psparser nextobject: (389, 180.360001)
DEBUG 2025-03-27 19:42:39,798 psparser nexttoken: (400, 0)
DEBUG 2025-03-27 19:42:39,799 psparser add_results: ((400, 0),)
DEBUG 2025-03-27 19:42:39,799 psparser nextobject: (400, 0)
DEBUG 2025-03-27 19:42:39,799 psparser nexttoken: (402, /b'l')
DEBUG 2025-03-27 19:42:39,799 psparser do_keyword: pos=402, token=/b'l', stack=[]
DEBUG 2025-03-27 19:42:39,799 psparser add_results: ((402, /b'l'),)
DEBUG 2025-03-27 19:42:39,800 psparser nextobject: (402, /b'l')
DEBUG 2025-03-27 19:42:39,800 pdfinterp exec: l [180.360001, 0]
DEBUG 2025-03-27 19:42:39,801 psparser nexttoken: (404, 180.360001)
DEBUG 2025-03-27 19:42:39,801 psparser add_results: ((404, 180.360001),)
DEBUG 2025-03-27 19:42:39,801 psparser nextobject: (404, 180.360001)
DEBUG 2025-03-27 19:42:39,801 psparser nexttoken: (415, 709.924988)
DEBUG 2025-03-27 19:42:39,801 psparser add_results: ((415, 709.924988),)
DEBUG 2025-03-27 19:42:39,801 psparser nextobject: (415, 709.924988)
DEBUG 2025-03-27 19:42:39,801 psparser nexttoken: (426, /b'l')
DEBUG 2025-03-27 19:42:39,801 psparser do_keyword: pos=426, token=/b'l', stack=[]
DEBUG 2025-03-27 19:42:39,802 psparser add_results: ((426, /b'l'),)
DEBUG 2025-03-27 19:42:39,802 psparser nextobject: (426, /b'l')
DEBUG 2025-03-27 19:42:39,802 pdfinterp exec: l [180.360001, 709.924988]
DEBUG 2025-03-27 19:42:39,802 psparser nexttoken: (428, -21.6)
DEBUG 2025-03-27 19:42:39,802 psparser add_results: ((428, -21.6),)
DEBUG 2025-03-27 19:42:39,802 psparser nextobject: (428, -21.6)
DEBUG 2025-03-27 19:42:39,803 psparser nexttoken: (434, 709.924988)
DEBUG 2025-03-27 19:42:39,803 psparser add_results: ((434, 709.924988),)
DEBUG 2025-03-27 19:42:39,803 psparser nextobject: (434, 709.924988)
DEBUG 2025-03-27 19:42:39,803 psparser nexttoken: (445, /b'l')
DEBUG 2025-03-27 19:42:39,803 psparser do_keyword: pos=445, token=/b'l', stack=[]
DEBUG 2025-03-27 19:42:39,803 psparser add_results: ((445, /b'l'),)
DEBUG 2025-03-27 19:42:39,803 psparser nextobject: (445, /b'l')
DEBUG 2025-03-27 19:42:39,803 pdfinterp exec: l [-21.6, 709.924988]
DEBUG 2025-03-27 19:42:39,804 psparser nexttoken: (447, -21.6)
DEBUG 2025-03-27 19:42:39,804 psparser add_results: ((447, -21.6),)
DEBUG 2025-03-27 19:42:39,804 psparser nextobject: (447, -21.6)
DEBUG 2025-03-27 19:42:39,804 psparser nexttoken: (453, 0)
DEBUG 2025-03-27 19:42:39,804 psparser add_results: ((453, 0),)
DEBUG 2025-03-27 19:42:39,804 psparser nextobject: (453, 0)
DEBUG 2025-03-27 19:42:39,804 psparser nexttoken: (455, /b'l')
DEBUG 2025-03-27 19:42:39,804 psparser do_keyword: pos=455, token=/b'l', stack=[]
DEBUG 2025-03-27 19:42:39,805 psparser add_results: ((455, /b'l'),)
DEBUG 2025-03-27 19:42:39,805 psparser nextobject: (455, /b'l')
DEBUG 2025-03-27 19:42:39,805 pdfinterp exec: l [-21.6, 0]
DEBUG 2025-03-27 19:42:39,805 psparser nexttoken: (457, /b'W')
DEBUG 2025-03-27 19:42:39,805 psparser do_keyword: pos=457, token=/b'W', stack=[]
DEBUG 2025-03-27 19:42:39,805 psparser add_results: ((457, /b'W'),)
DEBUG 2025-03-27 19:42:39,806 psparser nextobject: (457, /b'W')
DEBUG 2025-03-27 19:42:39,806 pdfinterp exec: W
DEBUG 2025-03-27 19:42:39,806 psparser nexttoken: (459, /b'n')
DEBUG 2025-03-27 19:42:39,806 psparser do_keyword: pos=459, token=/b'n', stack=[]
DEBUG 2025-03-27 19:42:39,806 psparser add_results: ((459, /b'n'),)
DEBUG 2025-03-27 19:42:39,806 psparser nextobject: (459, /b'n')
DEBUG 2025-03-27 19:42:39,806 pdfinterp exec: n
DEBUG 2025-03-27 19:42:39,807 psparser nexttoken: (461, /'Artifact')
DEBUG 2025-03-27 19:42:39,807 psparser add_results: ((461, /'Artifact'),)
DEBUG 2025-03-27 19:42:39,807 psparser nextobject: (461, /'Artifact')
DEBUG 2025-03-27 19:42:39,807 psparser nexttoken: (471, /b'BMC')
DEBUG 2025-03-27 19:42:39,808 psparser do_keyword: pos=471, token=/b'BMC', stack=[]
DEBUG 2025-03-27 19:42:39,809 psparser add_results: ((471, /b'BMC'),)
DEBUG 2025-03-27 19:42:39,809 psparser nextobject: (471, /b'BMC')
DEBUG 2025-03-27 19:42:39,809 pdfinterp exec: BMC [/'Artifact']
DEBUG 2025-03-27 19:42:39,810 psparser nexttoken: (475, 0.1608)
DEBUG 2025-03-27 19:42:39,810 psparser add_results: ((475, 0.1608),)
DEBUG 2025-03-27 19:42:39,813 psparser nextobject: (475, 0.1608)
DEBUG 2025-03-27 19:42:39,814 psparser nexttoken: (482, 0.2431)
DEBUG 2025-03-27 19:42:39,814 psparser add_results: ((482, 0.2431),)
DEBUG 2025-03-27 19:42:39,815 psparser nextobject: (482, 0.2431)
DEBUG 2025-03-27 19:42:39,815 psparser nexttoken: (489, 0.2863)
DEBUG 2025-03-27 19:42:39,815 psparser add_results: ((489, 0.2863),)
DEBUG 2025-03-27 19:42:39,815 psparser nextobject: (489, 0.2863)
DEBUG 2025-03-27 19:42:39,815 psparser nexttoken: (496, /b'rg')
DEBUG 2025-03-27 19:42:39,815 psparser do_keyword: pos=496, token=/b'rg', stack=[]
DEBUG 2025-03-27 19:42:39,815 psparser add_results: ((496, /b'rg'),)
DEBUG 2025-03-27 19:42:39,815 psparser nextobject: (496, /b'rg')
DEBUG 2025-03-27 19:42:39,816 pdfinterp exec: rg [0.1608, 0.2431, 0.2863]
DEBUG 2025-03-27 19:42:39,816 psparser nexttoken: (499, -21.6)
DEBUG 2025-03-27 19:42:39,816 psparser add_results: ((499, -21.6),)
DEBUG 2025-03-27 19:42:39,817 psparser nextobject: (499, -21.6)
DEBUG 2025-03-27 19:42:39,817 psparser nexttoken: (505, 0)
DEBUG 2025-03-27 19:42:39,817 psparser add_results: ((505, 0),)
DEBUG 2025-03-27 19:42:39,817 psparser nextobject: (505, 0)
DEBUG 2025-03-27 19:42:39,817 psparser nexttoken: (507, 201.960007)
DEBUG 2025-03-27 19:42:39,817 psparser add_results: ((507, 201.960007),)
DEBUG 2025-03-27 19:42:39,817 psparser nextobject: (507, 201.960007)
DEBUG 2025-03-27 19:42:39,817 psparser nexttoken: (518, 709.924988)
DEBUG 2025-03-27 19:42:39,817 psparser add_results: ((518, 709.924988),)
DEBUG 2025-03-27 19:42:39,817 psparser nextobject: (518, 709.924988)
DEBUG 2025-03-27 19:42:39,818 psparser nexttoken: (529, /b're')
DEBUG 2025-03-27 19:42:39,818 psparser do_keyword: pos=529, token=/b're', stack=[]
DEBUG 2025-03-27 19:42:39,818 psparser add_results: ((529, /b're'),)
DEBUG 2025-03-27 19:42:39,818 psparser nextobject: (529, /b're')
DEBUG 2025-03-27 19:42:39,818 pdfinterp exec: re [-21.6, 0, 201.960007, 709.924988]
DEBUG 2025-03-27 19:42:39,818 psparser nexttoken: (532, /b'f')
DEBUG 2025-03-27 19:42:39,818 psparser do_keyword: pos=532, token=/b'f', stack=[]
DEBUG 2025-03-27 19:42:39,818 psparser add_results: ((532, /b'f'),)
DEBUG 2025-03-27 19:42:39,818 psparser nextobject: (532, /b'f')
DEBUG 2025-03-27 19:42:39,818 pdfinterp exec: f
DEBUG 2025-03-27 19:42:39,818 psparser nexttoken: (534, /b'EMC')
DEBUG 2025-03-27 19:42:39,818 psparser do_keyword: pos=534, token=/b'EMC', stack=[]
DEBUG 2025-03-27 19:42:39,818 psparser add_results: ((534, /b'EMC'),)
DEBUG 2025-03-27 19:42:39,818 psparser nextobject: (534, /b'EMC')
DEBUG 2025-03-27 19:42:39,818 pdfinterp exec: EMC
DEBUG 2025-03-27 19:42:39,818 psparser nexttoken: (538, /b'Q')
DEBUG 2025-03-27 19:42:39,820 psparser do_keyword: pos=538, token=/b'Q', stack=[]
DEBUG 2025-03-27 19:42:39,820 psparser add_results: ((538, /b'Q'),)
DEBUG 2025-03-27 19:42:39,820 psparser nextobject: (538, /b'Q')
DEBUG 2025-03-27 19:42:39,820 pdfinterp exec: Q
DEBUG 2025-03-27 19:42:39,820 psparser nexttoken: (540, 0.8824)
DEBUG 2025-03-27 19:42:39,820 psparser add_results: ((540, 0.8824),)
DEBUG 2025-03-27 19:42:39,820 psparser nextobject: (540, 0.8824)
DEBUG 2025-03-27 19:42:39,820 psparser nexttoken: (547, 0.9137)
DEBUG 2025-03-27 19:42:39,820 psparser add_results: ((547, 0.9137),)
DEBUG 2025-03-27 19:42:39,821 psparser nextobject: (547, 0.9137)
DEBUG 2025-03-27 19:42:39,821 psparser nexttoken: (554, 0.9333)
DEBUG 2025-03-27 19:42:39,821 psparser add_results: ((554, 0.9333),)
DEBUG 2025-03-27 19:42:39,821 psparser nextobject: (554, 0.9333)
DEBUG 2025-03-27 19:42:39,821 psparser nexttoken: (561, /b'rg')
DEBUG 2025-03-27 19:42:39,822 psparser do_keyword: pos=561, token=/b'rg', stack=[]
DEBUG 2025-03-27 19:42:39,822 psparser add_results: ((561, /b'rg'),)
DEBUG 2025-03-27 19:42:39,822 psparser nextobject: (561, /b'rg')
DEBUG 2025-03-27 19:42:39,822 pdfinterp exec: rg [0.8824, 0.9137, 0.9333]
DEBUG 2025-03-27 19:42:39,823 psparser nexttoken: (564, /'H1')
DEBUG 2025-03-27 19:42:39,823 psparser add_results: ((564, /'H1'),)
DEBUG 2025-03-27 19:42:39,823 psparser nextobject: (564, /'H1')
DEBUG 2025-03-27 19:42:39,823 psparser nexttoken: (568, /b'<<')
DEBUG 2025-03-27 19:42:39,824 psparser start_type: pos=568, type='d'
DEBUG 2025-03-27 19:42:39,824 psparser nexttoken: (570, /'MCID')
DEBUG 2025-03-27 19:42:39,824 psparser nexttoken: (576, 0)
DEBUG 2025-03-27 19:42:39,824 psparser nexttoken: (577, /b'>>')
DEBUG 2025-03-27 19:42:39,825 psparser end_type: pos=568, type='d', objs=[/'MCID', 0]
DEBUG 2025-03-27 19:42:39,825 psparser add_results: ((568, {'MCID': 0}),)
DEBUG 2025-03-27 19:42:39,825 psparser nextobject: (568, {'MCID': 0})
DEBUG 2025-03-27 19:42:39,825 psparser nexttoken: (580, /b'BDC')
DEBUG 2025-03-27 19:42:39,825 psparser do_keyword: pos=580, token=/b'BDC', stack=[]
DEBUG 2025-03-27 19:42:39,825 psparser add_results: ((580, /b'BDC'),)
DEBUG 2025-03-27 19:42:39,826 psparser nextobject: (580, /b'BDC')
DEBUG 2025-03-27 19:42:39,827 pdfinterp exec: BDC [/'H1', {'MCID': 0}]
DEBUG 2025-03-27 19:42:39,829 psparser nexttoken: (584, /b'BT')
DEBUG 2025-03-27 19:42:39,829 psparser do_keyword: pos=584, token=/b'BT', stack=[]
DEBUG 2025-03-27 19:42:39,829 psparser add_results: ((584, /b'BT'),)
DEBUG 2025-03-27 19:42:39,829 psparser nextobject: (584, /b'BT')
DEBUG 2025-03-27 19:42:39,829 pdfinterp exec: BT
DEBUG 2025-03-27 19:42:39,829 psparser nexttoken: (587, /'F15')
DEBUG 2025-03-27 19:42:39,829 psparser add_results: ((587, /'F15'),)
DEBUG 2025-03-27 19:42:39,830 psparser nextobject: (587, /'F15')
DEBUG 2025-03-27 19:42:39,830 psparser nexttoken: (592, 13)
DEBUG 2025-03-27 19:42:39,830 psparser add_results: ((592, 13),)
DEBUG 2025-03-27 19:42:39,830 psparser nextobject: (592, 13)
DEBUG 2025-03-27 19:42:39,830 psparser nexttoken: (595, /b'Tf')
DEBUG 2025-03-27 19:42:39,830 psparser do_keyword: pos=595, token=/b'Tf', stack=[]
DEBUG 2025-03-27 19:42:39,830 psparser add_results: ((595, /b'Tf'),)
DEBUG 2025-03-27 19:42:39,830 psparser nextobject: (595, /b'Tf')
DEBUG 2025-03-27 19:42:39,831 pdfinterp exec: Tf [/'F15', 13]
DEBUG 2025-03-27 19:42:39,831 psparser nexttoken: (598, 1)
DEBUG 2025-03-27 19:42:39,831 psparser add_results: ((598, 1),)
DEBUG 2025-03-27 19:42:39,831 psparser nextobject: (598, 1)
DEBUG 2025-03-27 19:42:39,831 psparser nexttoken: (600, 0)
DEBUG 2025-03-27 19:42:39,831 psparser add_results: ((600, 0),)
DEBUG 2025-03-27 19:42:39,832 psparser nextobject: (600, 0)
DEBUG 2025-03-27 19:42:39,832 psparser nexttoken: (602, 0)
DEBUG 2025-03-27 19:42:39,832 psparser add_results: ((602, 0),)
DEBUG 2025-03-27 19:42:39,832 psparser nextobject: (602, 0)
DEBUG 2025-03-27 19:42:39,832 psparser nexttoken: (604, -1)
DEBUG 2025-03-27 19:42:39,833 psparser add_results: ((604, -1),)
DEBUG 2025-03-27 19:42:39,833 psparser nextobject: (604, -1)
DEBUG 2025-03-27 19:42:39,833 psparser nexttoken: (607, 0)
DEBUG 2025-03-27 19:42:39,833 psparser add_results: ((607, 0),)
DEBUG 2025-03-27 19:42:39,834 psparser nextobject: (607, 0)
DEBUG 2025-03-27 19:42:39,834 psparser nexttoken: (609, 11.17300034)
DEBUG 2025-03-27 19:42:39,834 psparser add_results: ((609, 11.17300034),)
DEBUG 2025-03-27 19:42:39,834 psparser nextobject: (609, 11.17300034)
DEBUG 2025-03-27 19:42:39,835 psparser nexttoken: (621, /b'Tm')
DEBUG 2025-03-27 19:42:39,835 psparser do_keyword: pos=621, token=/b'Tm', stack=[]
DEBUG 2025-03-27 19:42:39,835 psparser add_results: ((621, /b'Tm'),)
DEBUG 2025-03-27 19:42:39,835 psparser nextobject: (621, /b'Tm')
DEBUG 2025-03-27 19:42:39,835 pdfinterp exec: Tm [1, 0, 0, -1, 0, 11.17300034]
DEBUG 2025-03-27 19:42:39,835 psparser nexttoken: (624, /b'[')
DEBUG 2025-03-27 19:42:39,836 psparser start_type: pos=624, type='a'
DEBUG 2025-03-27 19:42:39,836 psparser nexttoken: (625, b'\x00\x03\x00\x04\x00\x05\x00\x06\x00\x07\x00\x08\x00\x06')
DEBUG 2025-03-27 19:42:39,836 psparser nexttoken: (655, /b']')
DEBUG 2025-03-27 19:42:39,836 psparser end_type: pos=624, type='a', objs=[b'\x00\x03\x00\x04\x00\x05\x00\x06\x00\x07\x00\x08\x00\x06']
DEBUG 2025-03-27 19:42:39,837 psparser add_results: ((624, [b'\x00\x03\x00\x04\x00\x05\x00\x06\x00\x07\x00\x08\x00\x06']),)
DEBUG 2025-03-27 19:42:39,837 psparser nextobject: (624, [b'\x00\x03\x00\x04\x00\x05\x00\x06\x00\x07\x00\x08\x00\x06'])
DEBUG 2025-03-27 19:42:39,837 psparser nexttoken: (657, /b'TJ')
DEBUG 2025-03-27 19:42:39,838 psparser do_keyword: pos=657, token=/b'TJ', stack=[]
DEBUG 2025-03-27 19:42:39,838 psparser add_results: ((657, /b'TJ'),)
DEBUG 2025-03-27 19:42:39,838 psparser nextobject: (657, /b'TJ')
DEBUG 2025-03-27 19:42:39,838 pdfinterp exec: TJ [[b'\x00\x03\x00\x04\x00\x05\x00\x06\x00\x07\x00\x08\x00\x06']]
DEBUG 2025-03-27 19:42:39,839 cmapdb get_unichr: <UnicodeMap: /'Adobe-Identity-UCS'>, 3
DEBUG 2025-03-27 19:42:39,839 cmapdb get_unichr: <UnicodeMap: /'Adobe-Identity-UCS'>, 4
DEBUG 2025-03-27 19:42:39,839 cmapdb get_unichr: <UnicodeMap: /'Adobe-Identity-UCS'>, 5
DEBUG 2025-03-27 19:42:39,840 cmapdb get_unichr: <UnicodeMap: /'Adobe-Identity-UCS'>, 6
DEBUG 2025-03-27 19:42:39,840 cmapdb get_unichr: <UnicodeMap: /'Adobe-Identity-UCS'>, 7
DEBUG 2025-03-27 19:42:39,840 cmapdb get_unichr: <UnicodeMap: /'Adobe-Identity-UCS'>, 8
DEBUG 2025-03-27 19:42:39,841 cmapdb get_unichr: <UnicodeMap: /'Adobe-Identity-UCS'>, 6
DEBUG 2025-03-27 19:42:39,841 psparser nexttoken: (660, /b'ET')
DEBUG 2025-03-27 19:42:39,841 psparser do_keyword: pos=660, token=/b'ET', stack=[]
DEBUG 2025-03-27 19:42:39,842 psparser add_results: ((660, /b'ET'),)
DEBUG 2025-03-27 19:42:39,843 psparser nextobject: (660, /b'ET')
DEBUG 2025-03-27 19:42:39,843 pdfinterp exec: ET
DEBUG 2025-03-27 19:42:39,843 psparser nexttoken: (663, /b'EMC')
DEBUG 2025-03-27 19:42:39,844 psparser do_keyword: pos=663, token=/b'EMC', stack=[]
DEBUG 2025-03-27 19:42:39,844 psparser add_results: ((663, /b'EMC'),)
DEBUG 2025-03-27 19:42:39,844 psparser nextobject: (663, /b'EMC')
DEBUG 2025-03-27 19:42:39,845 pdfinterp exec: EMC
DEBUG 2025-03-27 19:42:39,845 psparser nexttoken: (667, 1)
DEBUG 2025-03-27 19:42:39,845 psparser add_results: ((667, 1),)
DEBUG 2025-03-27 19:42:39,845 psparser nextobject: (667, 1)
DEBUG 2025-03-27 19:42:39,845 psparser nexttoken: (669, /b'g')
DEBUG 2025-03-27 19:42:39,846 psparser do_keyword: pos=669, token=/b'g', stack=[]
DEBUG 2025-03-27 19:42:39,846 psparser add_results: ((669, /b'g'),)
DEBUG 2025-03-27 19:42:39,846 psparser nextobject: (669, /b'g')
DEBUG 2025-03-27 19:42:39,847 pdfinterp exec: g [1]
DEBUG 2025-03-27 19:42:39,848 psparser nexttoken: (671, /'P')
DEBUG 2025-03-27 19:42:39,848 psparser add_results: ((671, /'P'),)
DEBUG 2025-03-27 19:42:39,848 psparser nextobject: (671, /'P')
DEBUG 2025-03-27 19:42:39,848 psparser nexttoken: (674, /b'<<')
DEBUG 2025-03-27 19:42:39,848 psparser start_type: pos=674, type='d'
DEBUG 2025-03-27 19:42:39,848 psparser nexttoken: (676, /'MCID')
DEBUG 2025-03-27 19:42:39,849 psparser nexttoken: (682, 1)
DEBUG 2025-03-27 19:42:39,849 psparser nexttoken: (683, /b'>>')
DEBUG 2025-03-27 19:42:39,849 psparser end_type: pos=674, type='d', objs=[/'MCID', 1]
DEBUG 2025-03-27 19:42:39,849 psparser add_results: ((674, {'MCID': 1}),)
DEBUG 2025-03-27 19:42:39,849 psparser nextobject: (674, {'MCID': 1})
DEBUG 2025-03-27 19:42:39,850 psparser nexttoken: (686, /b'BDC')
DEBUG 2025-03-27 19:42:39,850 psparser do_keyword: pos=686, token=/b'BDC', stack=[]
DEBUG 2025-03-27 19:42:39,850 psparser add_results: ((686, /b'BDC'),)
DEBUG 2025-03-27 19:42:39,850 psparser nextobject: (686, /b'BDC')
DEBUG 2025-03-27 19:42:39,850 pdfinterp exec: BDC [/'P', {'MCID': 1}]
DEBUG 2025-03-27 19:42:39,850 psparser nexttoken: (690, /b'BT')
DEBUG 2025-03-27 19:42:39,850 psparser do_keyword: pos=690, token=/b'BT', stack=[]
DEBUG 2025-03-27 19:42:39,850 psparser add_results: ((690, /b'BT'),)
DEBUG 2025-03-27 19:42:39,850 psparser nextobject: (690, /b'BT')
DEBUG 2025-03-27 19:42:39,850 pdfinterp exec: BT
DEBUG 2025-03-27 19:42:39,852 psparser nexttoken: (693, /'F15')
DEBUG 2025-03-27 19:42:39,852 psparser add_results: ((693, /'F15'),)
DEBUG 2025-03-27 19:42:39,852 psparser nextobject: (693, /'F15')
DEBUG 2025-03-27 19:42:39,852 psparser nexttoken: (698, 10.5)
DEBUG 2025-03-27 19:42:39,852 psparser add_results: ((698, 10.5),)
DEBUG 2025-03-27 19:42:39,852 psparser nextobject: (698, 10.5)
DEBUG 2025-03-27 19:42:39,852 psparser nexttoken: (703, /b'Tf')
DEBUG 2025-03-27 19:42:39,852 psparser do_keyword: pos=703, token=/b'Tf', stack=[]
DEBUG 2025-03-27 19:42:39,853 psparser add_results: ((703, /b'Tf'),)
DEBUG 2025-03-27 19:42:39,853 psparser nextobject: (703, /b'Tf')
DEBUG 2025-03-27 19:42:39,853 pdfinterp exec: Tf [/'F15', 10.5]
DEBUG 2025-03-27 19:42:39,853 psparser nexttoken: (706, 1)
DEBUG 2025-03-27 19:42:39,853 psparser add_results: ((706, 1),)
DEBUG 2025-03-27 19:42:39,853 psparser nextobject: (706, 1)
DEBUG 2025-03-27 19:42:39,853 psparser nexttoken: (708, 0)
DEBUG 2025-03-27 19:42:39,853 psparser add_results: ((708, 0),)
DEBUG 2025-03-27 19:42:39,853 psparser nextobject: (708, 0)
DEBUG 2025-03-27 19:42:39,854 psparser nexttoken: (710, 0)
DEBUG 2025-03-27 19:42:39,854 psparser add_results: ((710, 0),)
DEBUG 2025-03-27 19:42:39,854 psparser nextobject: (710, 0)
DEBUG 2025-03-27 19:42:39,854 psparser nexttoken: (712, -1)
DEBUG 2025-03-27 19:42:39,854 psparser add_results: ((712, -1),)
DEBUG 2025-03-27 19:42:39,854 psparser nextobject: (712, -1)
DEBUG 2025-03-27 19:42:39,855 psparser nexttoken: (715, 0)
DEBUG 2025-03-27 19:42:39,855 psparser add_results: ((715, 0),)
DEBUG 2025-03-27 19:42:39,855 psparser nextobject: (715, 0)
DEBUG 2025-03-27 19:42:39,855 psparser nexttoken: (717, 30.625)
DEBUG 2025-03-27 19:42:39,856 psparser add_results: ((717, 30.625),)
DEBUG 2025-03-27 19:42:39,856 psparser nextobject: (717, 30.625)
DEBUG 2025-03-27 19:42:39,856 psparser nexttoken: (724, /b'Tm')
DEBUG 2025-03-27 19:42:39,856 psparser do_keyword: pos=724, token=/b'Tm', stack=[]
DEBUG 2025-03-27 19:42:39,857 psparser add_results: ((724, /b'Tm'),)
DEBUG 2025-03-27 19:42:39,857 psparser nextobject: (724, /b'Tm')
DEBUG 2025-03-27 19:42:39,857 pdfinterp exec: Tm [1, 0, 0, -1, 0, 30.625]
DEBUG 2025-03-27 19:42:39,858 psparser nexttoken: (727, /b'[')
DEBUG 2025-03-27 19:42:39,860 psparser start_type: pos=727, type='a'
DEBUG 2025-03-27 19:42:39,860 psparser nexttoken: (728, b'\x00\t\x00\x01\x00\n\x00\x0b\x00\x0c\x00\r\x00\x0e\x00\x08\x00\x06\x00\x04\x00\x0f\x00\x01\x00\x03\x00\x01\x00\x10\x00\x01\x00\x0c\x00\x01\x00\x11\x00\x12\x00\x13\x00\x01\x00\x08\x00\x04\x00\x14\x00\x04\x00\x05\x00\x15\x00\x0c')
DEBUG 2025-03-27 19:42:39,861 psparser nexttoken: (846, /b']')
DEBUG 2025-03-27 19:42:39,862 psparser end_type: pos=727, type='a', objs=[b'\x00\t\x00\x01\x00\n\x00\x0b\x00\x0c\x00\r\x00\x0e\x00\x08\x00\x06\x00\x04\x00\x0f\x00\x01\x00\x03\x00\x01\x00\x10\x00\x01\x00\x0c\x00\x01\x00\x11\x00\x12\x00\x13\x00\x01\x00\x08\x00\x04\x00\x14\x00\x04\x00\x05\x00\x15\x00\x0c']
DEBUG 2025-03-27 19:42:39,862 psparser add_results: ((727, [b'\x00\t\x00\x01\x00\n\x00\x0b\x00\x0c\x00\r\x00\x0e\x00\x08\x00\x06\x00\x04\x00\x0f\x00\x01\x00\x03\x00\x01\x00\x10\x00\x01\x00\x0c\x00\x01\x00\x11\x00\x12\x00\x13\x00\x01\x00\x08\x00\x04\x00\x14\x00\x04\x00\x05\x00\x15\x00\x0c']),)
DEBUG 2025-03-27 19:42:39,863 psparser nextobject: (727, [b'\x00\t\x00\x01\x00\n\x00\x0b\x00\x0c\x00\r\x00\x0e\x00\x08\x00\x06\x00\x04\x00\x0f\x00\x01\x00\x03\x00\x01\x00\x10\x00\x01\x00\x0c\x00\x01\x00\x11\x00\x12\x00\x13\x00\x01\x00\x08\x00\x04\x00\x14\x00\x04\x00\x05\x00\x15\x00\x0c'])
DEBUG 2025-03-27 19:42:39,863 psparser nexttoken: (848, /b'TJ')
DEBUG 2025-03-27 19:42:39,863 psparser do_keyword: pos=848, token=/b'TJ', stack=[]
DEBUG 2025-03-27 19:42:39,863 psparser add_results: ((848, /b'TJ'),)
DEBUG 2025-03-27 19:42:39,863 psparser nextobject: (848, /b'TJ')
DEBUG 2025-03-27 19:42:39,863 pdfinterp exec: TJ [[b'\x00\t\x00\x01\x00\n\x00\x0b\x00\x0c\x00\r\x00\x0e\x00\x08\x00\x06\x00\x04\x00\x0f\x00\x01\x00\x03\x00\x01\x00\x10\x00\x01\x00\x0c\x00\x01\x00\x11\x00\x12\x00\x13\x00\x01\x00\x08\x00\x04\x00\x14\x00\x04\x00\x05\x00\x15\x00\x0c']]
DEBUG 2025-03-27 19:42:39,863 cmapdb get_unichr: <UnicodeMap: /'Adobe-Identity-UCS'>, 9
DEBUG 2025-03-27 19:42:39,864 cmapdb get_unichr: <UnicodeMap: /'Adobe-Identity-UCS'>, 1
DEBUG 2025-03-27 19:42:39,864 cmapdb get_unichr: <UnicodeMap: /'Adobe-Identity-UCS'>, 10
DEBUG 2025-03-27 19:42:39,864 cmapdb get_unichr: <UnicodeMap: /'Adobe-Identity-UCS'>, 11
DEBUG 2025-03-27 19:42:39,864 cmapdb get_unichr: <UnicodeMap: /'Adobe-Identity-UCS'>, 12
DEBUG 2025-03-27 19:42:39,864 cmapdb get_unichr: <UnicodeMap: /'Adobe-Identity-UCS'>, 13
DEBUG 2025-03-27 19:42:39,864 cmapdb get_unichr: <UnicodeMap: /'Adobe-Identity-UCS'>, 14
DEBUG 2025-03-27 19:42:39,865 cmapdb get_unichr: <UnicodeMap: /'Adobe-Identity-UCS'>, 8
DEBUG 2025-03-27 19:42:39,865 cmapdb get_unichr: <UnicodeMap: /'Adobe-Identity-UCS'>, 6
DEBUG 2025-03-27 19:42:39,865 cmapdb get_unichr: <UnicodeMap: /'Adobe-Identity-UCS'>, 4
DEBUG 2025-03-27 19:42:39,865 cmapdb get_unichr: <UnicodeMap: /'Adobe-Identity-UCS'>, 15
DEBUG 2025-03-27 19:42:39,865 cmapdb get_unichr: <UnicodeMap: /'Adobe-Identity-UCS'>, 1
DEBUG 2025-03-27 19:42:39,865 cmapdb get_unichr: <UnicodeMap: /'Adobe-Identity-UCS'>, 3
DEBUG 2025-03-27 19:42:39,866 cmapdb get_unichr: <UnicodeMap: /'Adobe-Identity-UCS'>, 1
DEBUG 2025-03-27 19:42:39,866 cmapdb get_unichr: <UnicodeMap: /'Adobe-Identity-UCS'>, 16
DEBUG 2025-03-27 19:42:39,866 cmapdb get_unichr: <UnicodeMap: /'Adobe-Identity-UCS'>, 1
DEBUG 2025-03-27 19:42:39,866 cmapdb get_unichr: <UnicodeMap: /'Adobe-Identity-UCS'>, 12
DEBUG 2025-03-27 19:42:39,866 cmapdb get_unichr: <UnicodeMap: /'Adobe-Identity-UCS'>, 1
DEBUG 2025-03-27 19:42:39,867 cmapdb get_unichr: <UnicodeMap: /'Adobe-Identity-UCS'>, 17
DEBUG 2025-03-27 19:42:39,867 cmapdb get_unichr: <UnicodeMap: /'Adobe-Identity-UCS'>, 18
DEBUG 2025-03-27 19:42:39,867 cmapdb get_unichr: <UnicodeMap: /'Adobe-Identity-UCS'>, 19
DEBUG 2025-03-27 19:42:39,867 cmapdb get_unichr: <UnicodeMap: /'Adobe-Identity-UCS'>, 1
DEBUG 2025-03-27 19:42:39,867 cmapdb get_unichr: <UnicodeMap: /'Adobe-Identity-UCS'>, 8
DEBUG 2025-03-27 19:42:39,867 cmapdb get_unichr: <UnicodeMap: /'Adobe-Identity-UCS'>, 4
DEBUG 2025-03-27 19:42:39,868 cmapdb get_unichr: <UnicodeMap: /'Adobe-Identity-UCS'>, 20
DEBUG 2025-03-27 19:42:39,868 cmapdb get_unichr: <UnicodeMap: /'Adobe-Identity-UCS'>, 4
DEBUG 2025-03-27 19:42:39,868 cmapdb get_unichr: <UnicodeMap: /'Adobe-Identity-UCS'>, 5
DEBUG 2025-03-27 19:42:39,868 cmapdb get_unichr: <UnicodeMap: /'Adobe-Identity-UCS'>, 21
DEBUG 2025-03-27 19:42:39,868 cmapdb get_unichr: <UnicodeMap: /'Adobe-Identity-UCS'>, 12
DEBUG 2025-03-27 19:42:39,868 psparser nexttoken: (851, /b'ET')
DEBUG 2025-03-27 19:42:39,869 psparser do_keyword: pos=851, token=/b'ET', stack=[]
DEBUG 2025-03-27 19:42:39,869 psparser add_results: ((851, /b'ET'),)
DEBUG 2025-03-27 19:42:39,869 psparser nextobject: (851, /b'ET')
DEBUG 2025-03-27 19:42:39,869 pdfinterp exec: ET
DEBUG 2025-03-27 19:42:39,869 psparser nexttoken: (854, /b'EMC')
DEBUG 2025-03-27 19:42:39,869 psparser do_keyword: pos=854, token=/b'EMC', stack=[]
DEBUG 2025-03-27 19:42:39,870 psparser add_results: ((854, /b'EMC'),)
DEBUG 2025-03-27 19:42:39,870 psparser nextobject: (854, /b'EMC')
DEBUG 2025-03-27 19:42:39,870 pdfinterp exec: EMC
DEBUG 2025-03-27 19:42:39,870 psparser nexttoken: (858, /'P')
DEBUG 2025-03-27 19:42:39,870 psparser add_results: ((858, /'P'),)
DEBUG 2025-03-27 19:42:39,870 psparser nextobject: (858, /'P')
DEBUG 2025-03-27 19:42:39,871 psparser nexttoken: (861, /b'<<')
DEBUG 2025-03-27 19:42:39,871 psparser start_type: pos=861, type='d'
DEBUG 2025-03-27 19:42:39,871 psparser nexttoken: (863, /'MCID')
DEBUG 2025-03-27 19:42:39,871 psparser nexttoken: (869, 2)
DEBUG 2025-03-27 19:42:39,872 psparser nexttoken: (870, /b'>>')
DEBUG 2025-03-27 19:42:39,872 psparser end_type: pos=861, type='d', objs=[/'MCID', 2]
DEBUG 2025-03-27 19:42:39,872 psparser add_results: ((861, {'MCID': 2}),)
DEBUG 2025-03-27 19:42:39,872 psparser nextobject: (861, {'MCID': 2})
DEBUG 2025-03-27 19:42:39,872 psparser nexttoken: (873, /b'BDC')
DEBUG 2025-03-27 19:42:39,873 psparser do_keyword: pos=873, token=/b'BDC', stack=[]
DEBUG 2025-03-27 19:42:39,873 psparser add_results: ((873, /b'BDC'),)
DEBUG 2025-03-27 19:42:39,873 psparser nextobject: (873, /b'BDC')
DEBUG 2025-03-27 19:42:39,874 pdfinterp exec: BDC [/'P', {'MCID': 2}]
DEBUG 2025-03-27 19:42:39,875 psparser nexttoken: (877, /b'BT')
DEBUG 2025-03-27 19:42:39,876 psparser do_keyword: pos=877, token=/b'BT', stack=[]
DEBUG 2025-03-27 19:42:39,877 psparser add_results: ((877, /b'BT'),)
DEBUG 2025-03-27 19:42:39,878 psparser nextobject: (877, /b'BT')
DEBUG 2025-03-27 19:42:39,878 pdfinterp exec: BT
DEBUG 2025-03-27 19:42:39,878 psparser nexttoken: (880, /'F15')
DEBUG 2025-03-27 19:42:39,878 psparser add_results: ((880, /'F15'),)
DEBUG 2025-03-27 19:42:39,878 psparser nextobject: (880, /'F15')
DEBUG 2025-03-27 19:42:39,878 psparser nexttoken: (885, 10.5)
DEBUG 2025-03-27 19:42:39,880 psparser add_results: ((885, 10.5),)
DEBUG 2025-03-27 19:42:39,880 psparser nextobject: (885, 10.5)
DEBUG 2025-03-27 19:42:39,880 psparser nexttoken: (890, /b'Tf')
DEBUG 2025-03-27 19:42:39,880 psparser do_keyword: pos=890, token=/b'Tf', stack=[]
DEBUG 2025-03-27 19:42:39,880 psparser add_results: ((890, /b'Tf'),)
DEBUG 2025-03-27 19:42:39,880 psparser nextobject: (890, /b'Tf')
DEBUG 2025-03-27 19:42:39,880 pdfinterp exec: Tf [/'F15', 10.5]
DEBUG 2025-03-27 19:42:39,880 psparser nexttoken: (893, 1)
DEBUG 2025-03-27 19:42:39,881 psparser add_results: ((893, 1),)
DEBUG 2025-03-27 19:42:39,881 psparser nextobject: (893, 1)
DEBUG 2025-03-27 19:42:39,881 psparser nexttoken: (895, 0)
DEBUG 2025-03-27 19:42:39,882 psparser add_results: ((895, 0),)
DEBUG 2025-03-27 19:42:39,882 psparser nextobject: (895, 0)
DEBUG 2025-03-27 19:42:39,882 psparser nexttoken: (897, 0)
DEBUG 2025-03-27 19:42:39,882 psparser add_results: ((897, 0),)
DEBUG 2025-03-27 19:42:39,882 psparser nextobject: (897, 0)
DEBUG 2025-03-27 19:42:39,882 psparser nexttoken: (899, -1)
DEBUG 2025-03-27 19:42:39,882 psparser add_results: ((899, -1),)
DEBUG 2025-03-27 19:42:39,883 psparser nextobject: (899, -1)
DEBUG 2025-03-27 19:42:39,883 psparser nexttoken: (902, 0)
DEBUG 2025-03-27 19:42:39,883 psparser add_results: ((902, 0),)
DEBUG 2025-03-27 19:42:39,883 psparser nextobject: (902, 0)
DEBUG 2025-03-27 19:42:39,883 psparser nexttoken: (904, 43.22499847)
DEBUG 2025-03-27 19:42:39,883 psparser add_results: ((904, 43.22499847),)
DEBUG 2025-03-27 19:42:39,883 psparser nextobject: (904, 43.22499847)
DEBUG 2025-03-27 19:42:39,884 psparser nexttoken: (916, /b'Tm')
DEBUG 2025-03-27 19:42:39,884 psparser do_keyword: pos=916, token=/b'Tm', stack=[]
DEBUG 2025-03-27 19:42:39,884 psparser add_results: ((916, /b'Tm'),)
DEBUG 2025-03-27 19:42:39,884 psparser nextobject: (916, /b'Tm')
DEBUG 2025-03-27 19:42:39,884 pdfinterp exec: Tm [1, 0, 0, -1, 0, 43.22499847]
DEBUG 2025-03-27 19:42:39,884 psparser nexttoken: (919, /b'[')
DEBUG 2025-03-27 19:42:39,885 psparser start_type: pos=919, type='a'
DEBUG 2025-03-27 19:42:39,885 psparser nexttoken: (920, b'\x00\x11\x00\x16\x00\x08\x00\x17\x00\x05\x00\x04\x00\x18\x00\x19')
DEBUG 2025-03-27 19:42:39,885 psparser nexttoken: (954, /b']')
DEBUG 2025-03-27 19:42:39,885 psparser end_type: pos=919, type='a', objs=[b'\x00\x11\x00\x16\x00\x08\x00\x17\x00\x05\x00\x04\x00\x18\x00\x19']
DEBUG 2025-03-27 19:42:39,885 psparser add_results: ((919, [b'\x00\x11\x00\x16\x00\x08\x00\x17\x00\x05\x00\x04\x00\x18\x00\x19']),)
DEBUG 2025-03-27 19:42:39,885 psparser nextobject: (919, [b'\x00\x11\x00\x16\x00\x08\x00\x17\x00\x05\x00\x04\x00\x18\x00\x19'])
DEBUG 2025-03-27 19:42:39,886 psparser nexttoken: (956, /b'TJ')
DEBUG 2025-03-27 19:42:39,886 psparser do_keyword: pos=956, token=/b'TJ', stack=[]
DEBUG 2025-03-27 19:42:39,886 psparser add_results: ((956, /b'TJ'),)
DEBUG 2025-03-27 19:42:39,886 psparser nextobject: (956, /b'TJ')
DEBUG 2025-03-27 19:42:39,886 pdfinterp exec: TJ [[b'\x00\x11\x00\x16\x00\x08\x00\x17\x00\x05\x00\x04\x00\x18\x00\x19']]
DEBUG 2025-03-27 19:42:39,886 cmapdb get_unichr: <UnicodeMap: /'Adobe-Identity-UCS'>, 17
DEBUG 2025-03-27 19:42:39,887 cmapdb get_unichr: <UnicodeMap: /'Adobe-Identity-UCS'>, 22
DEBUG 2025-03-27 19:42:39,887 cmapdb get_unichr: <UnicodeMap: /'Adobe-Identity-UCS'>, 8
DEBUG 2025-03-27 19:42:39,887 cmapdb get_unichr: <UnicodeMap: /'Adobe-Identity-UCS'>, 23
DEBUG 2025-03-27 19:42:39,887 cmapdb get_unichr: <UnicodeMap: /'Adobe-Identity-UCS'>, 5
DEBUG 2025-03-27 19:42:39,887 cmapdb get_unichr: <UnicodeMap: /'Adobe-Identity-UCS'>, 4
DEBUG 2025-03-27 19:42:39,887 cmapdb get_unichr: <UnicodeMap: /'Adobe-Identity-UCS'>, 24
DEBUG 2025-03-27 19:42:39,888 cmapdb get_unichr: <UnicodeMap: /'Adobe-Identity-UCS'>, 25
DEBUG 2025-03-27 19:42:39,888 psparser nexttoken: (959, /b'ET')
DEBUG 2025-03-27 19:42:39,888 psparser do_keyword: pos=959, token=/b'ET', stack=[]
DEBUG 2025-03-27 19:42:39,888 psparser add_results: ((959, /b'ET'),)
DEBUG 2025-03-27 19:42:39,889 psparser nextobject: (959, /b'ET')
DEBUG 2025-03-27 19:42:39,889 pdfinterp exec: ET
DEBUG 2025-03-27 19:42:39,889 psparser nexttoken: (962, /b'EMC')
DEBUG 2025-03-27 19:42:39,889 psparser do_keyword: pos=962, token=/b'EMC', stack=[]
DEBUG 2025-03-27 19:42:39,890 psparser add_results: ((962, /b'EMC'),)
DEBUG 2025-03-27 19:42:39,890 psparser nextobject: (962, /b'EMC')
DEBUG 2025-03-27 19:42:39,890 pdfinterp exec: EMC
DEBUG 2025-03-27 19:42:39,890 psparser nexttoken: (966, /'P')
DEBUG 2025-03-27 19:42:39,890 psparser add_results: ((966, /'P'),)
DEBUG 2025-03-27 19:42:39,890 psparser nextobject: (966, /'P')
DEBUG 2025-03-27 19:42:39,890 psparser nexttoken: (969, /b'<<')
DEBUG 2025-03-27 19:42:39,890 psparser start_type: pos=969, type='d'
DEBUG 2025-03-27 19:42:39,892 psparser nexttoken: (971, /'MCID')
DEBUG 2025-03-27 19:42:39,892 psparser nexttoken: (977, 3)
DEBUG 2025-03-27 19:42:39,892 psparser nexttoken: (978, /b'>>')
DEBUG 2025-03-27 19:42:39,892 psparser end_type: pos=969, type='d', objs=[/'MCID', 3]
DEBUG 2025-03-27 19:42:39,892 psparser add_results: ((969, {'MCID': 3}),)
DEBUG 2025-03-27 19:42:39,892 psparser nextobject: (969, {'MCID': 3})
DEBUG 2025-03-27 19:42:39,892 psparser nexttoken: (981, /b'BDC')
DEBUG 2025-03-27 19:42:39,893 psparser do_keyword: pos=981, token=/b'BDC', stack=[]
DEBUG 2025-03-27 19:42:39,893 psparser add_results: ((981, /b'BDC'),)
DEBUG 2025-03-27 19:42:39,894 psparser nextobject: (981, /b'BDC')
DEBUG 2025-03-27 19:42:39,894 pdfinterp exec: BDC [/'P', {'MCID': 3}]
DEBUG 2025-03-27 19:42:39,895 psparser nexttoken: (985, /b'BT')
DEBUG 2025-03-27 19:42:39,895 psparser do_keyword: pos=985, token=/b'BT', stack=[]
DEBUG 2025-03-27 19:42:39,895 psparser add_results: ((985, /b'BT'),)
DEBUG 2025-03-27 19:42:39,896 psparser nextobject: (985, /b'BT')
DEBUG 2025-03-27 19:42:39,896 pdfinterp exec: BT
DEBUG 2025-03-27 19:42:39,896 psparser nexttoken: (988, /'F15')
DEBUG 2025-03-27 19:42:39,896 psparser add_results: ((988, /'F15'),)
DEBUG 2025-03-27 19:42:39,896 psparser nextobject: (988, /'F15')
DEBUG 2025-03-27 19:42:39,897 psparser nexttoken: (993, 10.5)
DEBUG 2025-03-27 19:42:39,897 psparser add_results: ((993, 10.5),)
DEBUG 2025-03-27 19:42:39,897 psparser nextobject: (993, 10.5)
DEBUG 2025-03-27 19:42:39,897 psparser nexttoken: (998, /b'Tf')
DEBUG 2025-03-27 19:42:39,897 psparser do_keyword: pos=998, token=/b'Tf', stack=[]
DEBUG 2025-03-27 19:42:39,898 psparser add_results: ((998, /b'Tf'),)
DEBUG 2025-03-27 19:42:39,898 psparser nextobject: (998, /b'Tf')
DEBUG 2025-03-27 19:42:39,898 pdfinterp exec: Tf [/'F15', 10.5]
DEBUG 2025-03-27 19:42:39,898 psparser nexttoken: (1001, 1)
DEBUG 2025-03-27 19:42:39,898 psparser add_results: ((1001, 1),)
DEBUG 2025-03-27 19:42:39,899 psparser nextobject: (1001, 1)
DEBUG 2025-03-27 19:42:39,899 psparser nexttoken: (1003, 0)
DEBUG 2025-03-27 19:42:39,899 psparser add_results: ((1003, 0),)
DEBUG 2025-03-27 19:42:39,899 psparser nextobject: (1003, 0)
DEBUG 2025-03-27 19:42:39,899 psparser nexttoken: (1005, 0)
DEBUG 2025-03-27 19:42:39,900 psparser add_results: ((1005, 0),)
DEBUG 2025-03-27 19:42:39,900 psparser nextobject: (1005, 0)
DEBUG 2025-03-27 19:42:39,900 psparser nexttoken: (1007, -1)
DEBUG 2025-03-27 19:42:39,900 psparser add_results: ((1007, -1),)
DEBUG 2025-03-27 19:42:39,900 psparser nextobject: (1007, -1)
DEBUG 2025-03-27 19:42:39,900 psparser nexttoken: (1010, 0)
DEBUG 2025-03-27 19:42:39,900 psparser add_results: ((1010, 0),)
DEBUG 2025-03-27 19:42:39,901 psparser nextobject: (1010, 0)
DEBUG 2025-03-27 19:42:39,901 psparser nexttoken: (1012, 55.82500076)
DEBUG 2025-03-27 19:42:39,901 psparser add_results: ((1012, 55.82500076),)
DEBUG 2025-03-27 19:42:39,901 psparser nextobject: (1012, 55.82500076)
DEBUG 2025-03-27 19:42:39,901 psparser nexttoken: (1024, /b'Tm')
DEBUG 2025-03-27 19:42:39,901 psparser do_keyword: pos=1024, token=/b'Tm', stack=[]
DEBUG 2025-03-27 19:42:39,901 psparser add_results: ((1024, /b'Tm'),)
DEBUG 2025-03-27 19:42:39,901 psparser nextobject: (1024, /b'Tm')
DEBUG 2025-03-27 19:42:39,902 pdfinterp exec: Tm [1, 0, 0, -1, 0, 55.82500076]
DEBUG 2025-03-27 19:42:39,902 psparser nexttoken: (1027, /b'[')
DEBUG 2025-03-27 19:42:39,902 psparser start_type: pos=1027, type='a'
DEBUG 2025-03-27 19:42:39,902 psparser nexttoken: (1028, b'\x00\x1a\x00\x1a\x00\x10\x00\x1b\x00\x1a\x00\x1c\x00\x1d\x00\n\x00\x0b\x00\x0b')
DEBUG 2025-03-27 19:42:39,902 psparser nexttoken: (1070, /b']')
DEBUG 2025-03-27 19:42:39,902 psparser end_type: pos=1027, type='a', objs=[b'\x00\x1a\x00\x1a\x00\x10\x00\x1b\x00\x1a\x00\x1c\x00\x1d\x00\n\x00\x0b\x00\x0b']
DEBUG 2025-03-27 19:42:39,902 psparser add_results: ((1027, [b'\x00\x1a\x00\x1a\x00\x10\x00\x1b\x00\x1a\x00\x1c\x00\x1d\x00\n\x00\x0b\x00\x0b']),)
DEBUG 2025-03-27 19:42:39,902 psparser nextobject: (1027, [b'\x00\x1a\x00\x1a\x00\x10\x00\x1b\x00\x1a\x00\x1c\x00\x1d\x00\n\x00\x0b\x00\x0b'])
DEBUG 2025-03-27 19:42:39,902 psparser nexttoken: (1072, /b'TJ')
DEBUG 2025-03-27 19:42:39,903 psparser do_keyword: pos=1072, token=/b'TJ', stack=[]
DEBUG 2025-03-27 19:42:39,903 psparser add_results: ((1072, /b'TJ'),)
DEBUG 2025-03-27 19:42:39,903 psparser nextobject: (1072, /b'TJ')
DEBUG 2025-03-27 19:42:39,903 pdfinterp exec: TJ [[b'\x00\x1a\x00\x1a\x00\x10\x00\x1b\x00\x1a\x00\x1c\x00\x1d\x00\n\x00\x0b\x00\x0b']]
DEBUG 2025-03-27 19:42:39,903 cmapdb get_unichr: <UnicodeMap: /'Adobe-Identity-UCS'>, 26
DEBUG 2025-03-27 19:42:39,903 cmapdb get_unichr: <UnicodeMap: /'Adobe-Identity-UCS'>, 26
DEBUG 2025-03-27 19:42:39,903 cmapdb get_unichr: <UnicodeMap: /'Adobe-Identity-UCS'>, 16
DEBUG 2025-03-27 19:42:39,904 cmapdb get_unichr: <UnicodeMap: /'Adobe-Identity-UCS'>, 27
DEBUG 2025-03-27 19:42:39,904 cmapdb get_unichr: <UnicodeMap: /'Adobe-Identity-UCS'>, 26
DEBUG 2025-03-27 19:42:39,904 cmapdb get_unichr: <UnicodeMap: /'Adobe-Identity-UCS'>, 28
DEBUG 2025-03-27 19:42:39,904 cmapdb get_unichr: <UnicodeMap: /'Adobe-Identity-UCS'>, 29
DEBUG 2025-03-27 19:42:39,904 cmapdb get_unichr: <UnicodeMap: /'Adobe-Identity-UCS'>, 10
DEBUG 2025-03-27 19:42:39,904 cmapdb get_unichr: <UnicodeMap: /'Adobe-Identity-UCS'>, 11
DEBUG 2025-03-27 19:42:39,904 cmapdb get_unichr: <UnicodeMap: /'Adobe-Identity-UCS'>, 11
DEBUG 2025-03-27 19:42:39,905 psparser nexttoken: (1075, /b'ET')
DEBUG 2025-03-27 19:42:39,906 psparser do_keyword: pos=1075, token=/b'ET', stack=[]
DEBUG 2025-03-27 19:42:39,907 psparser add_results: ((1075, /b'ET'),)
DEBUG 2025-03-27 19:42:39,908 psparser nextobject: (1075, /b'ET')
DEBUG 2025-03-27 19:42:39,908 pdfinterp exec: ET
DEBUG 2025-03-27 19:42:39,909 psparser nexttoken: (1078, /b'EMC')
DEBUG 2025-03-27 19:42:39,909 psparser do_keyword: pos=1078, token=/b'EMC', stack=[]
DEBUG 2025-03-27 19:42:39,910 psparser add_results: ((1078, /b'EMC'),)
DEBUG 2025-03-27 19:42:39,910 psparser nextobject: (1078, /b'EMC')
DEBUG 2025-03-27 19:42:39,911 pdfinterp exec: EMC
DEBUG 2025-03-27 19:42:39,912 psparser nexttoken: (1082, 0.6627)
DEBUG 2025-03-27 19:42:39,912 psparser add_results: ((1082, 0.6627),)
DEBUG 2025-03-27 19:42:39,912 psparser nextobject: (1082, 0.6627)
DEBUG 2025-03-27 19:42:39,913 psparser nexttoken: (1089, 0.6941)
DEBUG 2025-03-27 19:42:39,913 psparser add_results: ((1089, 0.6941),)
DEBUG 2025-03-27 19:42:39,913 psparser nextobject: (1089, 0.6941)
DEBUG 2025-03-27 19:42:39,913 psparser nexttoken: (1096, 0.7137)
DEBUG 2025-03-27 19:42:39,913 psparser add_results: ((1096, 0.7137),)
DEBUG 2025-03-27 19:42:39,913 psparser nextobject: (1096, 0.7137)
DEBUG 2025-03-27 19:42:39,915 psparser nexttoken: (1103, /b'rg')
DEBUG 2025-03-27 19:42:39,915 psparser do_keyword: pos=1103, token=/b'rg', stack=[]
DEBUG 2025-03-27 19:42:39,915 psparser add_results: ((1103, /b'rg'),)
DEBUG 2025-03-27 19:42:39,915 psparser nextobject: (1103, /b'rg')
DEBUG 2025-03-27 19:42:39,915 pdfinterp exec: rg [0.6627, 0.6941, 0.7137]
DEBUG 2025-03-27 19:42:39,915 psparser nexttoken: (1106, /'Span')
DEBUG 2025-03-27 19:42:39,916 psparser add_results: ((1106, /'Span'),)
DEBUG 2025-03-27 19:42:39,916 psparser nextobject: (1106, /'Span')
DEBUG 2025-03-27 19:42:39,916 psparser nexttoken: (1112, /b'<<')
DEBUG 2025-03-27 19:42:39,916 psparser start_type: pos=1112, type='d'
DEBUG 2025-03-27 19:42:39,917 psparser nexttoken: (1114, /'MCID')
DEBUG 2025-03-27 19:42:39,917 psparser nexttoken: (1120, 4)
DEBUG 2025-03-27 19:42:39,917 psparser nexttoken: (1121, /b'>>')
DEBUG 2025-03-27 19:42:39,918 psparser end_type: pos=1112, type='d', objs=[/'MCID', 4]
DEBUG 2025-03-27 19:42:39,918 psparser add_results: ((1112, {'MCID': 4}),)
DEBUG 2025-03-27 19:42:39,918 psparser nextobject: (1112, {'MCID': 4})
DEBUG 2025-03-27 19:42:39,918 psparser nexttoken: (1124, /b'BDC')
DEBUG 2025-03-27 19:42:39,918 psparser do_keyword: pos=1124, token=/b'BDC', stack=[]
DEBUG 2025-03-27 19:42:39,918 psparser add_results: ((1124, /b'BDC'),)
DEBUG 2025-03-27 19:42:39,918 psparser nextobject: (1124, /b'BDC')
DEBUG 2025-03-27 19:42:39,918 pdfinterp exec: BDC [/'Span', {'MCID': 4}]
DEBUG 2025-03-27 19:42:39,918 psparser nexttoken: (1128, /b'BT')
DEBUG 2025-03-27 19:42:39,918 psparser do_keyword: pos=1128, token=/b'BT', stack=[]
DEBUG 2025-03-27 19:42:39,918 psparser add_results: ((1128, /b'BT'),)
DEBUG 2025-03-27 19:42:39,920 psparser nextobject: (1128, /b'BT')
DEBUG 2025-03-27 19:42:39,920 pdfinterp exec: BT
DEBUG 2025-03-27 19:42:39,920 psparser nexttoken: (1131, /'F15')
DEBUG 2025-03-27 19:42:39,920 psparser add_results: ((1131, /'F15'),)
DEBUG 2025-03-27 19:42:39,920 psparser nextobject: (1131, /'F15')
DEBUG 2025-03-27 19:42:39,920 psparser nexttoken: (1136, 10.5)
DEBUG 2025-03-27 19:42:39,920 psparser add_results: ((1136, 10.5),)
DEBUG 2025-03-27 19:42:39,920 psparser nextobject: (1136, 10.5)
DEBUG 2025-03-27 19:42:39,920 psparser nexttoken: (1141, /b'Tf')
DEBUG 2025-03-27 19:42:39,921 psparser do_keyword: pos=1141, token=/b'Tf', stack=[]
DEBUG 2025-03-27 19:42:39,921 psparser add_results: ((1141, /b'Tf'),)
DEBUG 2025-03-27 19:42:39,921 psparser nextobject: (1141, /b'Tf')
DEBUG 2025-03-27 19:42:39,921 pdfinterp exec: Tf [/'F15', 10.5]
DEBUG 2025-03-27 19:42:39,922 psparser nexttoken: (1144, 1)
DEBUG 2025-03-27 19:42:39,922 psparser add_results: ((1144, 1),)
DEBUG 2025-03-27 19:42:39,922 psparser nextobject: (1144, 1)
DEBUG 2025-03-27 19:42:39,922 psparser nexttoken: (1146, 0)
DEBUG 2025-03-27 19:42:39,923 psparser add_results: ((1146, 0),)
DEBUG 2025-03-27 19:42:39,923 psparser nextobject: (1146, 0)
DEBUG 2025-03-27 19:42:39,923 psparser nexttoken: (1148, 0)
DEBUG 2025-03-27 19:42:39,923 psparser add_results: ((1148, 0),)
DEBUG 2025-03-27 19:42:39,925 psparser nextobject: (1148, 0)
DEBUG 2025-03-27 19:42:39,926 psparser nexttoken: (1150, -1)
DEBUG 2025-03-27 19:42:39,928 psparser add_results: ((1150, -1),)
DEBUG 2025-03-27 19:42:39,929 psparser nextobject: (1150, -1)
DEBUG 2025-03-27 19:42:39,929 psparser nexttoken: (1153, 58.38000107)
DEBUG 2025-03-27 19:42:39,930 psparser add_results: ((1153, 58.38000107),)
DEBUG 2025-03-27 19:42:39,930 psparser nextobject: (1153, 58.38000107)
DEBUG 2025-03-27 19:42:39,930 psparser nexttoken: (1165, 55.82500076)
DEBUG 2025-03-27 19:42:39,930 psparser add_results: ((1165, 55.82500076),)
DEBUG 2025-03-27 19:42:39,930 psparser nextobject: (1165, 55.82500076)
DEBUG 2025-03-27 19:42:39,931 psparser nexttoken: (1177, /b'Tm')
DEBUG 2025-03-27 19:42:39,931 psparser do_keyword: pos=1177, token=/b'Tm', stack=[]
DEBUG 2025-03-27 19:42:39,931 psparser add_results: ((1177, /b'Tm'),)
DEBUG 2025-03-27 19:42:39,931 psparser nextobject: (1177, /b'Tm')
DEBUG 2025-03-27 19:42:39,931 pdfinterp exec: Tm [1, 0, 0, -1, 58.38000107, 55.82500076]
DEBUG 2025-03-27 19:42:39,931 psparser nexttoken: (1180, /b'[')
DEBUG 2025-03-27 19:42:39,931 psparser start_type: pos=1180, type='a'
DEBUG 2025-03-27 19:42:39,931 psparser nexttoken: (1181, b'\x00\x01\x00\x1e\x00\x1f\x00\x04\x00 \x00\x0e\x00!')
DEBUG 2025-03-27 19:42:39,932 psparser nexttoken: (1211, /b']')
DEBUG 2025-03-27 19:42:39,932 psparser end_type: pos=1180, type='a', objs=[b'\x00\x01\x00\x1e\x00\x1f\x00\x04\x00 \x00\x0e\x00!']
DEBUG 2025-03-27 19:42:39,932 psparser add_results: ((1180, [b'\x00\x01\x00\x1e\x00\x1f\x00\x04\x00 \x00\x0e\x00!']),)
DEBUG 2025-03-27 19:42:39,932 psparser nextobject: (1180, [b'\x00\x01\x00\x1e\x00\x1f\x00\x04\x00 \x00\x0e\x00!'])
DEBUG 2025-03-27 19:42:39,932 psparser nexttoken: (1213, /b'TJ')
DEBUG 2025-03-27 19:42:39,932 psparser do_keyword: pos=1213, token=/b'TJ', stack=[]
DEBUG 2025-03-27 19:42:39,932 psparser add_results: ((1213, /b'TJ'),)
DEBUG 2025-03-27 19:42:39,932 psparser nextobject: (1213, /b'TJ')
DEBUG 2025-03-27 19:42:39,932 pdfinterp exec: TJ [[b'\x00\x01\x00\x1e\x00\x1f\x00\x04\x00 \x00\x0e\x00!']]
DEBUG 2025-03-27 19:42:39,934 cmapdb get_unichr: <UnicodeMap: /'Adobe-Identity-UCS'>, 1
DEBUG 2025-03-27 19:42:39,934 cmapdb get_unichr: <UnicodeMap: /'Adobe-Identity-UCS'>, 30
DEBUG 2025-03-27 19:42:39,934 cmapdb get_unichr: <UnicodeMap: /'Adobe-Identity-UCS'>, 31
DEBUG 2025-03-27 19:42:39,934 cmapdb get_unichr: <UnicodeMap: /'Adobe-Identity-UCS'>, 4
DEBUG 2025-03-27 19:42:39,934 cmapdb get_unichr: <UnicodeMap: /'Adobe-Identity-UCS'>, 32
DEBUG 2025-03-27 19:42:39,935 cmapdb get_unichr: <UnicodeMap: /'Adobe-Identity-UCS'>, 14
DEBUG 2025-03-27 19:42:39,935 cmapdb get_unichr: <UnicodeMap: /'Adobe-Identity-UCS'>, 33
DEBUG 2025-03-27 19:42:39,935 psparser nexttoken: (1216, /b'ET')
DEBUG 2025-03-27 19:42:39,935 psparser do_keyword: pos=1216, token=/b'ET', stack=[]
DEBUG 2025-03-27 19:42:39,935 psparser add_results: ((1216, /b'ET'),)
DEBUG 2025-03-27 19:42:39,936 psparser nextobject: (1216, /b'ET')
DEBUG 2025-03-27 19:42:39,936 pdfinterp exec: ET
DEBUG 2025-03-27 19:42:39,936 psparser nexttoken: (1219, /b'EMC')
DEBUG 2025-03-27 19:42:39,936 psparser do_keyword: pos=1219, token=/b'EMC', stack=[]
DEBUG 2025-03-27 19:42:39,936 psparser add_results: ((1219, /b'EMC'),)
DEBUG 2025-03-27 19:42:39,937 psparser nextobject: (1219, /b'EMC')
DEBUG 2025-03-27 19:42:39,937 pdfinterp exec: EMC
DEBUG 2025-03-27 19:42:39,937 psparser nexttoken: (1223, 1)
DEBUG 2025-03-27 19:42:39,937 psparser add_results: ((1223, 1),)
DEBUG 2025-03-27 19:42:39,937 psparser nextobject: (1223, 1)
DEBUG 2025-03-27 19:42:39,937 psparser nexttoken: (1225, /b'g')
DEBUG 2025-03-27 19:42:39,937 psparser do_keyword: pos=1225, token=/b'g', stack=[]
DEBUG 2025-03-27 19:42:39,938 psparser add_results: ((1225, /b'g'),)
DEBUG 2025-03-27 19:42:39,938 psparser nextobject: (1225, /b'g')
DEBUG 2025-03-27 19:42:39,938 pdfinterp exec: g [1]
DEBUG 2025-03-27 19:42:39,938 psparser nexttoken: (1227, /'Link')
DEBUG 2025-03-27 19:42:39,938 psparser add_results: ((1227, /'Link'),)
DEBUG 2025-03-27 19:42:39,938 psparser nextobject: (1227, /'Link')
DEBUG 2025-03-27 19:42:39,938 psparser nexttoken: (1233, /b'<<')
DEBUG 2025-03-27 19:42:39,938 psparser start_type: pos=1233, type='d'
DEBUG 2025-03-27 19:42:39,938 psparser nexttoken: (1235, /'MCID')
DEBUG 2025-03-27 19:42:39,939 psparser nexttoken: (1241, 5)
DEBUG 2025-03-27 19:42:39,939 psparser nexttoken: (1242, /b'>>')
DEBUG 2025-03-27 19:42:39,939 psparser end_type: pos=1233, type='d', objs=[/'MCID', 5]
DEBUG 2025-03-27 19:42:39,939 psparser add_results: ((1233, {'MCID': 5}),)
DEBUG 2025-03-27 19:42:39,939 psparser nextobject: (1233, {'MCID': 5})
DEBUG 2025-03-27 19:42:39,939 psparser nexttoken: (1245, /b'BDC')
DEBUG 2025-03-27 19:42:39,939 psparser do_keyword: pos=1245, token=/b'BDC', stack=[]
DEBUG 2025-03-27 19:42:39,940 psparser add_results: ((1245, /b'BDC'),)
DEBUG 2025-03-27 19:42:39,940 psparser nextobject: (1245, /b'BDC')
DEBUG 2025-03-27 19:42:39,940 pdfinterp exec: BDC [/'Link', {'MCID': 5}]
DEBUG 2025-03-27 19:42:39,942 psparser nexttoken: (1249, /b'BT')
DEBUG 2025-03-27 19:42:39,942 psparser do_keyword: pos=1249, token=/b'BT', stack=[]
DEBUG 2025-03-27 19:42:39,944 psparser add_results: ((1249, /b'BT'),)
DEBUG 2025-03-27 19:42:39,945 psparser nextobject: (1249, /b'BT')
DEBUG 2025-03-27 19:42:39,945 pdfinterp exec: BT
DEBUG 2025-03-27 19:42:39,946 psparser nexttoken: (1252, /'F15')
DEBUG 2025-03-27 19:42:39,946 psparser add_results: ((1252, /'F15'),)
DEBUG 2025-03-27 19:42:39,946 psparser nextobject: (1252, /'F15')
DEBUG 2025-03-27 19:42:39,946 psparser nexttoken: (1257, 10.5)
DEBUG 2025-03-27 19:42:39,947 psparser add_results: ((1257, 10.5),)
DEBUG 2025-03-27 19:42:39,947 psparser nextobject: (1257, 10.5)
DEBUG 2025-03-27 19:42:39,947 psparser nexttoken: (1262, /b'Tf')
DEBUG 2025-03-27 19:42:39,947 psparser do_keyword: pos=1262, token=/b'Tf', stack=[]
DEBUG 2025-03-27 19:42:39,948 psparser add_results: ((1262, /b'Tf'),)
DEBUG 2025-03-27 19:42:39,948 psparser nextobject: (1262, /b'Tf')
DEBUG 2025-03-27 19:42:39,948 pdfinterp exec: Tf [/'F15', 10.5]
DEBUG 2025-03-27 19:42:39,948 psparser nexttoken: (1265, 1)
DEBUG 2025-03-27 19:42:39,948 psparser add_results: ((1265, 1),)
DEBUG 2025-03-27 19:42:39,948 psparser nextobject: (1265, 1)
DEBUG 2025-03-27 19:42:39,948 psparser nexttoken: (1267, 0)
DEBUG 2025-03-27 19:42:39,948 psparser add_results: ((1267, 0),)
DEBUG 2025-03-27 19:42:39,949 psparser nextobject: (1267, 0)
DEBUG 2025-03-27 19:42:39,949 psparser nexttoken: (1269, 0)
DEBUG 2025-03-27 19:42:39,949 psparser add_results: ((1269, 0),)
DEBUG 2025-03-27 19:42:39,949 psparser nextobject: (1269, 0)
DEBUG 2025-03-27 19:42:39,949 psparser nexttoken: (1271, -1)
DEBUG 2025-03-27 19:42:39,949 psparser add_results: ((1271, -1),)
DEBUG 2025-03-27 19:42:39,949 psparser nextobject: (1271, -1)
DEBUG 2025-03-27 19:42:39,949 psparser nexttoken: (1274, 0)
DEBUG 2025-03-27 19:42:39,949 psparser add_results: ((1274, 0),)
DEBUG 2025-03-27 19:42:39,949 psparser nextobject: (1274, 0)
DEBUG 2025-03-27 19:42:39,949 psparser nexttoken: (1276, 68.42500305)
DEBUG 2025-03-27 19:42:39,949 psparser add_results: ((1276, 68.42500305),)
DEBUG 2025-03-27 19:42:39,950 psparser nextobject: (1276, 68.42500305)
DEBUG 2025-03-27 19:42:39,950 psparser nexttoken: (1288, /b'Tm')
DEBUG 2025-03-27 19:42:39,950 psparser do_keyword: pos=1288, token=/b'Tm', stack=[]
DEBUG 2025-03-27 19:42:39,950 psparser add_results: ((1288, /b'Tm'),)
DEBUG 2025-03-27 19:42:39,950 psparser nextobject: (1288, /b'Tm')
DEBUG 2025-03-27 19:42:39,951 pdfinterp exec: Tm [1, 0, 0, -1, 0, 68.42500305]
DEBUG 2025-03-27 19:42:39,951 psparser nexttoken: (1291, /b'[')
DEBUG 2025-03-27 19:42:39,951 psparser start_type: pos=1291, type='a'
DEBUG 2025-03-27 19:42:39,951 psparser nexttoken: (1292, b'\x00"\x00\x04\x00\x05\x00\x04\x00\x06\x00 \x00\x0e\x00#\x00#\x00\x18\x00$\x00\x06\x00%\x00\x17\x00\x16\x00#\x00%\x00\x07\x00&\x00\x0f\x00\x07\x00\'\x00&\x00 \x00\x07\x00$\x00\x14')
DEBUG 2025-03-27 19:42:39,951 psparser nexttoken: (1402, /b']')
DEBUG 2025-03-27 19:42:39,951 psparser end_type: pos=1291, type='a', objs=[b'\x00"\x00\x04\x00\x05\x00\x04\x00\x06\x00 \x00\x0e\x00#\x00#\x00\x18\x00$\x00\x06\x00%\x00\x17\x00\x16\x00#\x00%\x00\x07\x00&\x00\x0f\x00\x07\x00\'\x00&\x00 \x00\x07\x00$\x00\x14']
DEBUG 2025-03-27 19:42:39,952 psparser add_results: ((1291, [b'\x00"\x00\x04\x00\x05\x00\x04\x00\x06\x00 \x00\x0e\x00#\x00#\x00\x18\x00$\x00\x06\x00%\x00\x17\x00\x16\x00#\x00%\x00\x07\x00&\x00\x0f\x00\x07\x00\'\x00&\x00 \x00\x07\x00$\x00\x14']),)
DEBUG 2025-03-27 19:42:39,952 psparser nextobject: (1291, [b'\x00"\x00\x04\x00\x05\x00\x04\x00\x06\x00 \x00\x0e\x00#\x00#\x00\x18\x00$\x00\x06\x00%\x00\x17\x00\x16\x00#\x00%\x00\x07\x00&\x00\x0f\x00\x07\x00\'\x00&\x00 \x00\x07\x00$\x00\x14'])
DEBUG 2025-03-27 19:42:39,954 psparser nexttoken: (1404, /b'TJ')
DEBUG 2025-03-27 19:42:39,954 psparser do_keyword: pos=1404, token=/b'TJ', stack=[]
DEBUG 2025-03-27 19:42:39,954 psparser add_results: ((1404, /b'TJ'),)
DEBUG 2025-03-27 19:42:39,954 psparser nextobject: (1404, /b'TJ')
DEBUG 2025-03-27 19:42:39,954 pdfinterp exec: TJ [[b'\x00"\x00\x04\x00\x05\x00\x04\x00\x06\x00 \x00\x0e\x00#\x00#\x00\x18\x00$\x00\x06\x00%\x00\x17\x00\x16\x00#\x00%\x00\x07\x00&\x00\x0f\x00\x07\x00\'\x00&\x00 \x00\x07\x00$\x00\x14']]
DEBUG 2025-03-27 19:42:39,955 cmapdb get_unichr: <UnicodeMap: /'Adobe-Identity-UCS'>, 34
DEBUG 2025-03-27 19:42:39,955 cmapdb get_unichr: <UnicodeMap: /'Adobe-Identity-UCS'>, 4
DEBUG 2025-03-27 19:42:39,955 cmapdb get_unichr: <UnicodeMap: /'Adobe-Identity-UCS'>, 5
DEBUG 2025-03-27 19:42:39,956 cmapdb get_unichr: <UnicodeMap: /'Adobe-Identity-UCS'>, 4
DEBUG 2025-03-27 19:42:39,957 cmapdb get_unichr: <UnicodeMap: /'Adobe-Identity-UCS'>, 6
DEBUG 2025-03-27 19:42:39,957 cmapdb get_unichr: <UnicodeMap: /'Adobe-Identity-UCS'>, 32
DEBUG 2025-03-27 19:42:39,957 cmapdb get_unichr: <UnicodeMap: /'Adobe-Identity-UCS'>, 14
DEBUG 2025-03-27 19:42:39,958 cmapdb get_unichr: <UnicodeMap: /'Adobe-Identity-UCS'>, 35
DEBUG 2025-03-27 19:42:39,958 cmapdb get_unichr: <UnicodeMap: /'Adobe-Identity-UCS'>, 35
DEBUG 2025-03-27 19:42:39,958 cmapdb get_unichr: <UnicodeMap: /'Adobe-Identity-UCS'>, 24
DEBUG 2025-03-27 19:42:39,958 cmapdb get_unichr: <UnicodeMap: /'Adobe-Identity-UCS'>, 36
DEBUG 2025-03-27 19:42:39,958 cmapdb get_unichr: <UnicodeMap: /'Adobe-Identity-UCS'>, 6
DEBUG 2025-03-27 19:42:39,959 cmapdb get_unichr: <UnicodeMap: /'Adobe-Identity-UCS'>, 37
DEBUG 2025-03-27 19:42:39,959 cmapdb get_unichr: <UnicodeMap: /'Adobe-Identity-UCS'>, 23
DEBUG 2025-03-27 19:42:39,959 cmapdb get_unichr: <UnicodeMap: /'Adobe-Identity-UCS'>, 22
DEBUG 2025-03-27 19:42:39,959 cmapdb get_unichr: <UnicodeMap: /'Adobe-Identity-UCS'>, 35
DEBUG 2025-03-27 19:42:39,960 cmapdb get_unichr: <UnicodeMap: /'Adobe-Identity-UCS'>, 37
DEBUG 2025-03-27 19:42:39,961 cmapdb get_unichr: <UnicodeMap: /'Adobe-Identity-UCS'>, 7
DEBUG 2025-03-27 19:42:39,962 cmapdb get_unichr: <UnicodeMap: /'Adobe-Identity-UCS'>, 38
DEBUG 2025-03-27 19:42:39,962 cmapdb get_unichr: <UnicodeMap: /'Adobe-Identity-UCS'>, 15
DEBUG 2025-03-27 19:42:39,962 cmapdb get_unichr: <UnicodeMap: /'Adobe-Identity-UCS'>, 7
DEBUG 2025-03-27 19:42:39,962 cmapdb get_unichr: <UnicodeMap: /'Adobe-Identity-UCS'>, 39
DEBUG 2025-03-27 19:42:39,962 cmapdb get_unichr: <UnicodeMap: /'Adobe-Identity-UCS'>, 38
DEBUG 2025-03-27 19:42:39,963 cmapdb get_unichr: <UnicodeMap: /'Adobe-Identity-UCS'>, 32
DEBUG 2025-03-27 19:42:39,963 cmapdb get_unichr: <UnicodeMap: /'Adobe-Identity-UCS'>, 7
DEBUG 2025-03-27 19:42:39,963 cmapdb get_unichr: <UnicodeMap: /'Adobe-Identity-UCS'>, 36
DEBUG 2025-03-27 19:42:39,963 cmapdb get_unichr: <UnicodeMap: /'Adobe-Identity-UCS'>, 20
DEBUG 2025-03-27 19:42:39,963 psparser nexttoken: (1407, /b'ET')
DEBUG 2025-03-27 19:42:39,964 psparser do_keyword: pos=1407, token=/b'ET', stack=[]
DEBUG 2025-03-27 19:42:39,964 psparser add_results: ((1407, /b'ET'),)
DEBUG 2025-03-27 19:42:39,964 psparser nextobject: (1407, /b'ET')
DEBUG 2025-03-27 19:42:39,964 pdfinterp exec: ET
DEBUG 2025-03-27 19:42:39,964 psparser nexttoken: (1410, /b'EMC')
DEBUG 2025-03-27 19:42:39,964 psparser do_keyword: pos=1410, token=/b'EMC', stack=[]
DEBUG 2025-03-27 19:42:39,965 psparser add_results: ((1410, /b'EMC'),)
DEBUG 2025-03-27 19:42:39,965 psparser nextobject: (1410, /b'EMC')
DEBUG 2025-03-27 19:42:39,965 pdfinterp exec: EMC
DEBUG 2025-03-27 19:42:39,965 psparser nexttoken: (1414, /'Link')
DEBUG 2025-03-27 19:42:39,965 psparser add_results: ((1414, /'Link'),)
DEBUG 2025-03-27 19:42:39,965 psparser nextobject: (1414, /'Link')
DEBUG 2025-03-27 19:42:39,965 psparser nexttoken: (1420, /b'<<')
DEBUG 2025-03-27 19:42:39,965 psparser start_type: pos=1420, type='d'
DEBUG 2025-03-27 19:42:39,965 psparser nexttoken: (1422, /'MCID')
DEBUG 2025-03-27 19:42:39,966 psparser nexttoken: (1428, 6)
DEBUG 2025-03-27 19:42:39,966 psparser nexttoken: (1429, /b'>>')
DEBUG 2025-03-27 19:42:39,966 psparser end_type: pos=1420, type='d', objs=[/'MCID', 6]
DEBUG 2025-03-27 19:42:39,966 psparser add_results: ((1420, {'MCID': 6}),)
DEBUG 2025-03-27 19:42:39,966 psparser nextobject: (1420, {'MCID': 6})
DEBUG 2025-03-27 19:42:39,966 psparser nexttoken: (1432, /b'BDC')
DEBUG 2025-03-27 19:42:39,967 psparser do_keyword: pos=1432, token=/b'BDC', stack=[]
DEBUG 2025-03-27 19:42:39,967 psparser add_results: ((1432, /b'BDC'),)
DEBUG 2025-03-27 19:42:39,967 psparser nextobject: (1432, /b'BDC')
DEBUG 2025-03-27 19:42:39,967 pdfinterp exec: BDC [/'Link', {'MCID': 6}]
DEBUG 2025-03-27 19:42:39,967 psparser nexttoken: (1436, /b'BT')
DEBUG 2025-03-27 19:42:39,967 psparser do_keyword: pos=1436, token=/b'BT', stack=[]
DEBUG 2025-03-27 19:42:39,967 psparser add_results: ((1436, /b'BT'),)
DEBUG 2025-03-27 19:42:39,967 psparser nextobject: (1436, /b'BT')
DEBUG 2025-03-27 19:42:39,968 pdfinterp exec: BT
DEBUG 2025-03-27 19:42:39,968 psparser nexttoken: (1439, /'F15')
DEBUG 2025-03-27 19:42:39,968 psparser add_results: ((1439, /'F15'),)
DEBUG 2025-03-27 19:42:39,968 psparser nextobject: (1439, /'F15')
DEBUG 2025-03-27 19:42:39,968 psparser nexttoken: (1444, 10.5)
DEBUG 2025-03-27 19:42:39,968 psparser add_results: ((1444, 10.5),)
DEBUG 2025-03-27 19:42:39,968 psparser nextobject: (1444, 10.5)
DEBUG 2025-03-27 19:42:39,969 psparser nexttoken: (1449, /b'Tf')
DEBUG 2025-03-27 19:42:39,969 psparser do_keyword: pos=1449, token=/b'Tf', stack=[]
DEBUG 2025-03-27 19:42:39,969 psparser add_results: ((1449, /b'Tf'),)
DEBUG 2025-03-27 19:42:39,969 psparser nextobject: (1449, /b'Tf')
DEBUG 2025-03-27 19:42:39,969 pdfinterp exec: Tf [/'F15', 10.5]
DEBUG 2025-03-27 19:42:39,969 psparser nexttoken: (1452, 1)
DEBUG 2025-03-27 19:42:39,969 psparser add_results: ((1452, 1),)
DEBUG 2025-03-27 19:42:39,969 psparser nextobject: (1452, 1)
DEBUG 2025-03-27 19:42:39,969 psparser nexttoken: (1454, 0)
DEBUG 2025-03-27 19:42:39,969 psparser add_results: ((1454, 0),)
DEBUG 2025-03-27 19:42:39,970 psparser nextobject: (1454, 0)
DEBUG 2025-03-27 19:42:39,970 psparser nexttoken: (1456, 0)
DEBUG 2025-03-27 19:42:39,970 psparser add_results: ((1456, 0),)
DEBUG 2025-03-27 19:42:39,970 psparser nextobject: (1456, 0)
DEBUG 2025-03-27 19:42:39,970 psparser nexttoken: (1458, -1)
DEBUG 2025-03-27 19:42:39,970 psparser add_results: ((1458, -1),)
DEBUG 2025-03-27 19:42:39,970 psparser nextobject: (1458, -1)
DEBUG 2025-03-27 19:42:39,970 psparser nexttoken: (1461, 0)
DEBUG 2025-03-27 19:42:39,970 psparser add_results: ((1461, 0),)
DEBUG 2025-03-27 19:42:39,970 psparser nextobject: (1461, 0)
DEBUG 2025-03-27 19:42:39,970 psparser nexttoken: (1463, 81.02500153)
DEBUG 2025-03-27 19:42:39,970 psparser add_results: ((1463, 81.02500153),)
DEBUG 2025-03-27 19:42:39,970 psparser nextobject: (1463, 81.02500153)
DEBUG 2025-03-27 19:42:39,970 psparser nexttoken: (1475, /b'Tm')
DEBUG 2025-03-27 19:42:39,970 psparser do_keyword: pos=1475, token=/b'Tm', stack=[]
DEBUG 2025-03-27 19:42:39,971 psparser add_results: ((1475, /b'Tm'),)
DEBUG 2025-03-27 19:42:39,971 psparser nextobject: (1475, /b'Tm')
DEBUG 2025-03-27 19:42:39,971 pdfinterp exec: Tm [1, 0, 0, -1, 0, 81.02500153]
DEBUG 2025-03-27 19:42:39,971 psparser nexttoken: (1478, /b'[')
DEBUG 2025-03-27 19:42:39,971 psparser start_type: pos=1478, type='a'
DEBUG 2025-03-27 19:42:39,973 psparser nexttoken: (1479, b'\x00\x19\x00\x08\x00\x04\x00 ')
DEBUG 2025-03-27 19:42:39,973 psparser nexttoken: (1497, /b']')
DEBUG 2025-03-27 19:42:39,973 psparser end_type: pos=1478, type='a', objs=[b'\x00\x19\x00\x08\x00\x04\x00 ']
DEBUG 2025-03-27 19:42:39,973 psparser add_results: ((1478, [b'\x00\x19\x00\x08\x00\x04\x00 ']),)
DEBUG 2025-03-27 19:42:39,973 psparser nextobject: (1478, [b'\x00\x19\x00\x08\x00\x04\x00 '])
DEBUG 2025-03-27 19:42:39,973 psparser nexttoken: (1499, /b'TJ')
DEBUG 2025-03-27 19:42:39,973 psparser do_keyword: pos=1499, token=/b'TJ', stack=[]
DEBUG 2025-03-27 19:42:39,974 psparser add_results: ((1499, /b'TJ'),)
DEBUG 2025-03-27 19:42:39,974 psparser nextobject: (1499, /b'TJ')
DEBUG 2025-03-27 19:42:39,974 pdfinterp exec: TJ [[b'\x00\x19\x00\x08\x00\x04\x00 ']]
DEBUG 2025-03-27 19:42:39,975 cmapdb get_unichr: <UnicodeMap: /'Adobe-Identity-UCS'>, 25
DEBUG 2025-03-27 19:42:39,976 cmapdb get_unichr: <UnicodeMap: /'Adobe-Identity-UCS'>, 8
DEBUG 2025-03-27 19:42:39,976 cmapdb get_unichr: <UnicodeMap: /'Adobe-Identity-UCS'>, 4
DEBUG 2025-03-27 19:42:39,976 cmapdb get_unichr: <UnicodeMap: /'Adobe-Identity-UCS'>, 32
DEBUG 2025-03-27 19:42:39,976 psparser nexttoken: (1502, /b'ET')
DEBUG 2025-03-27 19:42:39,976 psparser do_keyword: pos=1502, token=/b'ET', stack=[]
DEBUG 2025-03-27 19:42:39,976 psparser add_results: ((1502, /b'ET'),)
DEBUG 2025-03-27 19:42:39,978 psparser nextobject: (1502, /b'ET')
DEBUG 2025-03-27 19:42:39,978 pdfinterp exec: ET
DEBUG 2025-03-27 19:42:39,978 psparser nexttoken: (1505, /b'EMC')
DEBUG 2025-03-27 19:42:39,978 psparser do_keyword: pos=1505, token=/b'EMC', stack=[]
DEBUG 2025-03-27 19:42:39,978 psparser add_results: ((1505, /b'EMC'),)
DEBUG 2025-03-27 19:42:39,978 psparser nextobject: (1505, /b'EMC')
DEBUG 2025-03-27 19:42:39,979 pdfinterp exec: EMC
DEBUG 2025-03-27 19:42:39,979 psparser nexttoken: (1509, /'Link')
DEBUG 2025-03-27 19:42:39,979 psparser add_results: ((1509, /'Link'),)
DEBUG 2025-03-27 19:42:39,980 psparser nextobject: (1509, /'Link')
DEBUG 2025-03-27 19:42:39,981 psparser nexttoken: (1515, /b'<<')
DEBUG 2025-03-27 19:42:39,981 psparser start_type: pos=1515, type='d'
DEBUG 2025-03-27 19:42:39,981 psparser nexttoken: (1517, /'MCID')
DEBUG 2025-03-27 19:42:39,981 psparser nexttoken: (1523, 7)
DEBUG 2025-03-27 19:42:39,982 psparser nexttoken: (1524, /b'>>')
DEBUG 2025-03-27 19:42:39,982 psparser end_type: pos=1515, type='d', objs=[/'MCID', 7]
DEBUG 2025-03-27 19:42:39,982 psparser add_results: ((1515, {'MCID': 7}),)
DEBUG 2025-03-27 19:42:39,982 psparser nextobject: (1515, {'MCID': 7})
DEBUG 2025-03-27 19:42:39,982 psparser nexttoken: (1527, /b'BDC')
DEBUG 2025-03-27 19:42:39,982 psparser do_keyword: pos=1527, token=/b'BDC', stack=[]
DEBUG 2025-03-27 19:42:39,982 psparser add_results: ((1527, /b'BDC'),)
DEBUG 2025-03-27 19:42:39,982 psparser nextobject: (1527, /b'BDC')
DEBUG 2025-03-27 19:42:39,983 pdfinterp exec: BDC [/'Link', {'MCID': 7}]
DEBUG 2025-03-27 19:42:39,983 psparser nexttoken: (1531, /b'BT')
DEBUG 2025-03-27 19:42:39,983 psparser do_keyword: pos=1531, token=/b'BT', stack=[]
DEBUG 2025-03-27 19:42:39,983 psparser add_results: ((1531, /b'BT'),)
DEBUG 2025-03-27 19:42:39,983 psparser nextobject: (1531, /b'BT')
DEBUG 2025-03-27 19:42:39,983 pdfinterp exec: BT
DEBUG 2025-03-27 19:42:39,985 psparser nexttoken: (1534, /'F15')
DEBUG 2025-03-27 19:42:39,985 psparser add_results: ((1534, /'F15'),)
DEBUG 2025-03-27 19:42:39,985 psparser nextobject: (1534, /'F15')
DEBUG 2025-03-27 19:42:39,985 psparser nexttoken: (1539, 11)
DEBUG 2025-03-27 19:42:39,985 psparser add_results: ((1539, 11),)
DEBUG 2025-03-27 19:42:39,985 psparser nextobject: (1539, 11)
DEBUG 2025-03-27 19:42:39,986 psparser nexttoken: (1542, /b'Tf')
DEBUG 2025-03-27 19:42:39,986 psparser do_keyword: pos=1542, token=/b'Tf', stack=[]
DEBUG 2025-03-27 19:42:39,986 psparser add_results: ((1542, /b'Tf'),)
DEBUG 2025-03-27 19:42:39,986 psparser nextobject: (1542, /b'Tf')
DEBUG 2025-03-27 19:42:39,986 pdfinterp exec: Tf [/'F15', 11]
DEBUG 2025-03-27 19:42:39,986 psparser nexttoken: (1545, 1)
DEBUG 2025-03-27 19:42:39,987 psparser add_results: ((1545, 1),)
DEBUG 2025-03-27 19:42:39,987 psparser nextobject: (1545, 1)
DEBUG 2025-03-27 19:42:39,987 psparser nexttoken: (1547, 0)
DEBUG 2025-03-27 19:42:39,987 psparser add_results: ((1547, 0),)
DEBUG 2025-03-27 19:42:39,987 psparser nextobject: (1547, 0)
DEBUG 2025-03-27 19:42:39,988 psparser nexttoken: (1549, 0)
DEBUG 2025-03-27 19:42:39,988 psparser add_results: ((1549, 0),)
DEBUG 2025-03-27 19:42:39,988 psparser nextobject: (1549, 0)
DEBUG 2025-03-27 19:42:39,988 psparser nexttoken: (1551, -1)
DEBUG 2025-03-27 19:42:39,988 psparser add_results: ((1551, -1),)
DEBUG 2025-03-27 19:42:39,989 psparser nextobject: (1551, -1)
DEBUG 2025-03-27 19:42:39,989 psparser nexttoken: (1554, 0)
DEBUG 2025-03-27 19:42:39,989 psparser add_results: ((1554, 0),)
DEBUG 2025-03-27 19:42:39,989 psparser nextobject: (1554, 0)
DEBUG 2025-03-27 19:42:39,989 psparser nexttoken: (1556, 105.41400146)
DEBUG 2025-03-27 19:42:39,990 psparser add_results: ((1556, 105.41400146),)
DEBUG 2025-03-27 19:42:39,991 psparser nextobject: (1556, 105.41400146)
DEBUG 2025-03-27 19:42:39,992 psparser nexttoken: (1569, /b'Tm')
DEBUG 2025-03-27 19:42:39,992 psparser do_keyword: pos=1569, token=/b'Tm', stack=[]
DEBUG 2025-03-27 19:42:39,992 psparser add_results: ((1569, /b'Tm'),)
DEBUG 2025-03-27 19:42:39,993 psparser nextobject: (1569, /b'Tm')
DEBUG 2025-03-27 19:42:39,993 pdfinterp exec: Tm [1, 0, 0, -1, 0, 105.41400146]
DEBUG 2025-03-27 19:42:39,994 psparser nexttoken: (1572, /b'[')
DEBUG 2025-03-27 19:42:39,995 psparser start_type: pos=1572, type='a'
DEBUG 2025-03-27 19:42:39,996 psparser nexttoken: (1573, b'\x00\x18\x00\x18\x00\x18\x00\x19\x00\x14\x00$\x00\x05\x00\x17\x00\x0e\x00"\x00$\x00\x05\x00\x19\x00\x08\x00\x04\x00 \x00(\x00$\x00\x05\x00(\x00\x17\x00\x16\x00#\x00%\x00\x07\x00&\x00\x0f\x00\x07\x00\x02')
DEBUG 2025-03-27 19:42:39,996 psparser nexttoken: (1691, /b']')
DEBUG 2025-03-27 19:42:39,996 psparser end_type: pos=1572, type='a', objs=[b'\x00\x18\x00\x18\x00\x18\x00\x19\x00\x14\x00$\x00\x05\x00\x17\x00\x0e\x00"\x00$\x00\x05\x00\x19\x00\x08\x00\x04\x00 \x00(\x00$\x00\x05\x00(\x00\x17\x00\x16\x00#\x00%\x00\x07\x00&\x00\x0f\x00\x07\x00\x02']
DEBUG 2025-03-27 19:42:39,996 psparser add_results: ((1572, [b'\x00\x18\x00\x18\x00\x18\x00\x19\x00\x14\x00$\x00\x05\x00\x17\x00\x0e\x00"\x00$\x00\x05\x00\x19\x00\x08\x00\x04\x00 \x00(\x00$\x00\x05\x00(\x00\x17\x00\x16\x00#\x00%\x00\x07\x00&\x00\x0f\x00\x07\x00\x02']),)
DEBUG 2025-03-27 19:42:39,996 psparser nextobject: (1572, [b'\x00\x18\x00\x18\x00\x18\x00\x19\x00\x14\x00$\x00\x05\x00\x17\x00\x0e\x00"\x00$\x00\x05\x00\x19\x00\x08\x00\x04\x00 \x00(\x00$\x00\x05\x00(\x00\x17\x00\x16\x00#\x00%\x00\x07\x00&\x00\x0f\x00\x07\x00\x02'])
DEBUG 2025-03-27 19:42:39,997 psparser nexttoken: (1693, /b'TJ')
DEBUG 2025-03-27 19:42:39,997 psparser do_keyword: pos=1693, token=/b'TJ', stack=[]
DEBUG 2025-03-27 19:42:39,997 psparser add_results: ((1693, /b'TJ'),)
DEBUG 2025-03-27 19:42:39,997 psparser nextobject: (1693, /b'TJ')
DEBUG 2025-03-27 19:42:39,997 pdfinterp exec: TJ [[b'\x00\x18\x00\x18\x00\x18\x00\x19\x00\x14\x00$\x00\x05\x00\x17\x00\x0e\x00"\x00$\x00\x05\x00\x19\x00\x08\x00\x04\x00 \x00(\x00$\x00\x05\x00(\x00\x17\x00\x16\x00#\x00%\x00\x07\x00&\x00\x0f\x00\x07\x00\x02']]
DEBUG 2025-03-27 19:42:39,997 cmapdb get_unichr: <UnicodeMap: /'Adobe-Identity-UCS'>, 24
DEBUG 2025-03-27 19:42:39,998 cmapdb get_unichr: <UnicodeMap: /'Adobe-Identity-UCS'>, 24
DEBUG 2025-03-27 19:42:39,998 cmapdb get_unichr: <UnicodeMap: /'Adobe-Identity-UCS'>, 24
DEBUG 2025-03-27 19:42:39,998 cmapdb get_unichr: <UnicodeMap: /'Adobe-Identity-UCS'>, 25
DEBUG 2025-03-27 19:42:39,998 cmapdb get_unichr: <UnicodeMap: /'Adobe-Identity-UCS'>, 20
DEBUG 2025-03-27 19:42:39,998 cmapdb get_unichr: <UnicodeMap: /'Adobe-Identity-UCS'>, 36
DEBUG 2025-03-27 19:42:39,999 cmapdb get_unichr: <UnicodeMap: /'Adobe-Identity-UCS'>, 5
DEBUG 2025-03-27 19:42:39,999 cmapdb get_unichr: <UnicodeMap: /'Adobe-Identity-UCS'>, 23
DEBUG 2025-03-27 19:42:39,999 cmapdb get_unichr: <UnicodeMap: /'Adobe-Identity-UCS'>, 14
DEBUG 2025-03-27 19:42:39,999 cmapdb get_unichr: <UnicodeMap: /'Adobe-Identity-UCS'>, 34
DEBUG 2025-03-27 19:42:39,999 cmapdb get_unichr: <UnicodeMap: /'Adobe-Identity-UCS'>, 36
DEBUG 2025-03-27 19:42:39,999 cmapdb get_unichr: <UnicodeMap: /'Adobe-Identity-UCS'>, 5
DEBUG 2025-03-27 19:42:39,999 cmapdb get_unichr: <UnicodeMap: /'Adobe-Identity-UCS'>, 25
DEBUG 2025-03-27 19:42:40,000 cmapdb get_unichr: <UnicodeMap: /'Adobe-Identity-UCS'>, 8
DEBUG 2025-03-27 19:42:40,000 cmapdb get_unichr: <UnicodeMap: /'Adobe-Identity-UCS'>, 4
DEBUG 2025-03-27 19:42:40,000 cmapdb get_unichr: <UnicodeMap: /'Adobe-Identity-UCS'>, 32
DEBUG 2025-03-27 19:42:40,000 cmapdb get_unichr: <UnicodeMap: /'Adobe-Identity-UCS'>, 40
DEBUG 2025-03-27 19:42:40,000 cmapdb get_unichr: <UnicodeMap: /'Adobe-Identity-UCS'>, 36
DEBUG 2025-03-27 19:42:40,000 cmapdb get_unichr: <UnicodeMap: /'Adobe-Identity-UCS'>, 5
DEBUG 2025-03-27 19:42:40,000 cmapdb get_unichr: <UnicodeMap: /'Adobe-Identity-UCS'>, 40
DEBUG 2025-03-27 19:42:40,001 cmapdb get_unichr: <UnicodeMap: /'Adobe-Identity-UCS'>, 23
DEBUG 2025-03-27 19:42:40,001 cmapdb get_unichr: <UnicodeMap: /'Adobe-Identity-UCS'>, 22
DEBUG 2025-03-27 19:42:40,001 cmapdb get_unichr: <UnicodeMap: /'Adobe-Identity-UCS'>, 35
DEBUG 2025-03-27 19:42:40,002 cmapdb get_unichr: <UnicodeMap: /'Adobe-Identity-UCS'>, 37
DEBUG 2025-03-27 19:42:40,002 cmapdb get_unichr: <UnicodeMap: /'Adobe-Identity-UCS'>, 7
DEBUG 2025-03-27 19:42:40,002 cmapdb get_unichr: <UnicodeMap: /'Adobe-Identity-UCS'>, 38
DEBUG 2025-03-27 19:42:40,002 cmapdb get_unichr: <UnicodeMap: /'Adobe-Identity-UCS'>, 15
DEBUG 2025-03-27 19:42:40,002 cmapdb get_unichr: <UnicodeMap: /'Adobe-Identity-UCS'>, 7
DEBUG 2025-03-27 19:42:40,003 cmapdb get_unichr: <UnicodeMap: /'Adobe-Identity-UCS'>, 2
DEBUG 2025-03-27 19:42:40,003 psparser nexttoken: (1696, /b'ET')
DEBUG 2025-03-27 19:42:40,003 psparser do_keyword: pos=1696, token=/b'ET', stack=[]
DEBUG 2025-03-27 19:42:40,004 psparser add_results: ((1696, /b'ET'),)
DEBUG 2025-03-27 19:42:40,004 psparser nextobject: (1696, /b'ET')
DEBUG 2025-03-27 19:42:40,004 pdfinterp exec: ET
DEBUG 2025-03-27 19:42:40,004 psparser nexttoken: (1699, /b'EMC')
DEBUG 2025-03-27 19:42:40,005 psparser do_keyword: pos=1699, token=/b'EMC', stack=[]
DEBUG 2025-03-27 19:42:40,005 psparser add_results: ((1699, /b'EMC'),)
DEBUG 2025-03-27 19:42:40,006 psparser nextobject: (1699, /b'EMC')
DEBUG 2025-03-27 19:42:40,007 pdfinterp exec: EMC
DEBUG 2025-03-27 19:42:40,010 psparser nexttoken: (1703, /'Link')
DEBUG 2025-03-27 19:42:40,014 psparser add_results: ((1703, /'Link'),)
DEBUG 2025-03-27 19:42:40,015 psparser nextobject: (1703, /'Link')
DEBUG 2025-03-27 19:42:40,015 psparser nexttoken: (1709, /b'<<')
DEBUG 2025-03-27 19:42:40,016 psparser start_type: pos=1709, type='d'
DEBUG 2025-03-27 19:42:40,017 psparser nexttoken: (1711, /'MCID')
DEBUG 2025-03-27 19:42:40,017 psparser nexttoken: (1717, 8)
DEBUG 2025-03-27 19:42:40,017 psparser nexttoken: (1718, /b'>>')
DEBUG 2025-03-27 19:42:40,017 psparser end_type: pos=1709, type='d', objs=[/'MCID', 8]
DEBUG 2025-03-27 19:42:40,018 psparser add_results: ((1709, {'MCID': 8}),)
DEBUG 2025-03-27 19:42:40,018 psparser nextobject: (1709, {'MCID': 8})
DEBUG 2025-03-27 19:42:40,018 psparser nexttoken: (1721, /b'BDC')
DEBUG 2025-03-27 19:42:40,018 psparser do_keyword: pos=1721, token=/b'BDC', stack=[]
DEBUG 2025-03-27 19:42:40,018 psparser add_results: ((1721, /b'BDC'),)
DEBUG 2025-03-27 19:42:40,018 psparser nextobject: (1721, /b'BDC')
DEBUG 2025-03-27 19:42:40,018 pdfinterp exec: BDC [/'Link', {'MCID': 8}]
DEBUG 2025-03-27 19:42:40,019 psparser nexttoken: (1725, /b'BT')
DEBUG 2025-03-27 19:42:40,019 psparser do_keyword: pos=1725, token=/b'BT', stack=[]
DEBUG 2025-03-27 19:42:40,019 psparser add_results: ((1725, /b'BT'),)
DEBUG 2025-03-27 19:42:40,019 psparser nextobject: (1725, /b'BT')
DEBUG 2025-03-27 19:42:40,019 pdfinterp exec: BT
DEBUG 2025-03-27 19:42:40,019 psparser nexttoken: (1728, /'F15')
DEBUG 2025-03-27 19:42:40,019 psparser add_results: ((1728, /'F15'),)
DEBUG 2025-03-27 19:42:40,019 psparser nextobject: (1728, /'F15')
DEBUG 2025-03-27 19:42:40,019 psparser nexttoken: (1733, 11)
DEBUG 2025-03-27 19:42:40,020 psparser add_results: ((1733, 11),)
DEBUG 2025-03-27 19:42:40,020 psparser nextobject: (1733, 11)
DEBUG 2025-03-27 19:42:40,020 psparser nexttoken: (1736, /b'Tf')
DEBUG 2025-03-27 19:42:40,020 psparser do_keyword: pos=1736, token=/b'Tf', stack=[]
DEBUG 2025-03-27 19:42:40,020 psparser add_results: ((1736, /b'Tf'),)
DEBUG 2025-03-27 19:42:40,020 psparser nextobject: (1736, /b'Tf')
DEBUG 2025-03-27 19:42:40,022 pdfinterp exec: Tf [/'F15', 11]
DEBUG 2025-03-27 19:42:40,022 psparser nexttoken: (1739, 1)
DEBUG 2025-03-27 19:42:40,022 psparser add_results: ((1739, 1),)
DEBUG 2025-03-27 19:42:40,022 psparser nextobject: (1739, 1)
DEBUG 2025-03-27 19:42:40,022 psparser nexttoken: (1741, 0)
DEBUG 2025-03-27 19:42:40,022 psparser add_results: ((1741, 0),)
DEBUG 2025-03-27 19:42:40,022 psparser nextobject: (1741, 0)
DEBUG 2025-03-27 19:42:40,022 psparser nexttoken: (1743, 0)
DEBUG 2025-03-27 19:42:40,022 psparser add_results: ((1743, 0),)
DEBUG 2025-03-27 19:42:40,022 psparser nextobject: (1743, 0)
DEBUG 2025-03-27 19:42:40,022 psparser nexttoken: (1745, -1)
DEBUG 2025-03-27 19:42:40,022 psparser add_results: ((1745, -1),)
DEBUG 2025-03-27 19:42:40,023 psparser nextobject: (1745, -1)
DEBUG 2025-03-27 19:42:40,024 psparser nexttoken: (1748, 0)
DEBUG 2025-03-27 19:42:40,024 psparser add_results: ((1748, 0),)
DEBUG 2025-03-27 19:42:40,024 psparser nextobject: (1748, 0)
DEBUG 2025-03-27 19:42:40,024 psparser nexttoken: (1750, 119.81400299)
DEBUG 2025-03-27 19:42:40,026 psparser add_results: ((1750, 119.81400299),)
DEBUG 2025-03-27 19:42:40,026 psparser nextobject: (1750, 119.81400299)
DEBUG 2025-03-27 19:42:40,026 psparser nexttoken: (1763, /b'Tm')
DEBUG 2025-03-27 19:42:40,026 psparser do_keyword: pos=1763, token=/b'Tm', stack=[]
DEBUG 2025-03-27 19:42:40,027 psparser add_results: ((1763, /b'Tm'),)
DEBUG 2025-03-27 19:42:40,027 psparser nextobject: (1763, /b'Tm')
DEBUG 2025-03-27 19:42:40,028 pdfinterp exec: Tm [1, 0, 0, -1, 0, 119.81400299]
DEBUG 2025-03-27 19:42:40,028 psparser nexttoken: (1766, /b'[')
DEBUG 2025-03-27 19:42:40,028 psparser start_type: pos=1766, type='a'
DEBUG 2025-03-27 19:42:40,029 psparser nexttoken: (1767, b'\x00#\x00\x07\x00)\x00\x0e\x00\x05\x00\x07\x00\x02\x00\x1a\x00*\x00\x1c\x00\x1a\x00\x07\x00\x1b\x00\n\x00+\x00\n')
DEBUG 2025-03-27 19:42:40,029 psparser nexttoken: (1833, /b']')
DEBUG 2025-03-27 19:42:40,029 psparser end_type: pos=1766, type='a', objs=[b'\x00#\x00\x07\x00)\x00\x0e\x00\x05\x00\x07\x00\x02\x00\x1a\x00*\x00\x1c\x00\x1a\x00\x07\x00\x1b\x00\n\x00+\x00\n']
DEBUG 2025-03-27 19:42:40,029 psparser add_results: ((1766, [b'\x00#\x00\x07\x00)\x00\x0e\x00\x05\x00\x07\x00\x02\x00\x1a\x00*\x00\x1c\x00\x1a\x00\x07\x00\x1b\x00\n\x00+\x00\n']),)
DEBUG 2025-03-27 19:42:40,030 psparser nextobject: (1766, [b'\x00#\x00\x07\x00)\x00\x0e\x00\x05\x00\x07\x00\x02\x00\x1a\x00*\x00\x1c\x00\x1a\x00\x07\x00\x1b\x00\n\x00+\x00\n'])
DEBUG 2025-03-27 19:42:40,030 psparser nexttoken: (1835, /b'TJ')
DEBUG 2025-03-27 19:42:40,030 psparser do_keyword: pos=1835, token=/b'TJ', stack=[]
DEBUG 2025-03-27 19:42:40,030 psparser add_results: ((1835, /b'TJ'),)
DEBUG 2025-03-27 19:42:40,030 psparser nextobject: (1835, /b'TJ')
DEBUG 2025-03-27 19:42:40,032 pdfinterp exec: TJ [[b'\x00#\x00\x07\x00)\x00\x0e\x00\x05\x00\x07\x00\x02\x00\x1a\x00*\x00\x1c\x00\x1a\x00\x07\x00\x1b\x00\n\x00+\x00\n']]
DEBUG 2025-03-27 19:42:40,032 cmapdb get_unichr: <UnicodeMap: /'Adobe-Identity-UCS'>, 35
DEBUG 2025-03-27 19:42:40,032 cmapdb get_unichr: <UnicodeMap: /'Adobe-Identity-UCS'>, 7
DEBUG 2025-03-27 19:42:40,032 cmapdb get_unichr: <UnicodeMap: /'Adobe-Identity-UCS'>, 41
DEBUG 2025-03-27 19:42:40,032 cmapdb get_unichr: <UnicodeMap: /'Adobe-Identity-UCS'>, 14
DEBUG 2025-03-27 19:42:40,032 cmapdb get_unichr: <UnicodeMap: /'Adobe-Identity-UCS'>, 5
DEBUG 2025-03-27 19:42:40,032 cmapdb get_unichr: <UnicodeMap: /'Adobe-Identity-UCS'>, 7
DEBUG 2025-03-27 19:42:40,032 cmapdb get_unichr: <UnicodeMap: /'Adobe-Identity-UCS'>, 2
DEBUG 2025-03-27 19:42:40,032 cmapdb get_unichr: <UnicodeMap: /'Adobe-Identity-UCS'>, 26
DEBUG 2025-03-27 19:42:40,033 cmapdb get_unichr: <UnicodeMap: /'Adobe-Identity-UCS'>, 42
DEBUG 2025-03-27 19:42:40,033 cmapdb get_unichr: <UnicodeMap: /'Adobe-Identity-UCS'>, 28
DEBUG 2025-03-27 19:42:40,033 cmapdb get_unichr: <UnicodeMap: /'Adobe-Identity-UCS'>, 26
DEBUG 2025-03-27 19:42:40,033 cmapdb get_unichr: <UnicodeMap: /'Adobe-Identity-UCS'>, 7
DEBUG 2025-03-27 19:42:40,034 cmapdb get_unichr: <UnicodeMap: /'Adobe-Identity-UCS'>, 27
DEBUG 2025-03-27 19:42:40,034 cmapdb get_unichr: <UnicodeMap: /'Adobe-Identity-UCS'>, 10
DEBUG 2025-03-27 19:42:40,034 cmapdb get_unichr: <UnicodeMap: /'Adobe-Identity-UCS'>, 43
DEBUG 2025-03-27 19:42:40,034 cmapdb get_unichr: <UnicodeMap: /'Adobe-Identity-UCS'>, 10
DEBUG 2025-03-27 19:42:40,034 psparser nexttoken: (1838, /b'ET')
DEBUG 2025-03-27 19:42:40,034 psparser do_keyword: pos=1838, token=/b'ET', stack=[]
DEBUG 2025-03-27 19:42:40,034 psparser add_results: ((1838, /b'ET'),)
DEBUG 2025-03-27 19:42:40,034 psparser nextobject: (1838, /b'ET')
DEBUG 2025-03-27 19:42:40,034 pdfinterp exec: ET
DEBUG 2025-03-27 19:42:40,034 psparser nexttoken: (1841, /b'EMC')
DEBUG 2025-03-27 19:42:40,034 psparser do_keyword: pos=1841, token=/b'EMC', stack=[]
DEBUG 2025-03-27 19:42:40,034 psparser add_results: ((1841, /b'EMC'),)
DEBUG 2025-03-27 19:42:40,034 psparser nextobject: (1841, /b'EMC')
DEBUG 2025-03-27 19:42:40,036 pdfinterp exec: EMC
DEBUG 2025-03-27 19:42:40,036 psparser nexttoken: (1845, 0.6627)
DEBUG 2025-03-27 19:42:40,036 psparser add_results: ((1845, 0.6627),)
DEBUG 2025-03-27 19:42:40,036 psparser nextobject: (1845, 0.6627)
DEBUG 2025-03-27 19:42:40,036 psparser nexttoken: (1852, 0.6941)
DEBUG 2025-03-27 19:42:40,036 psparser add_results: ((1852, 0.6941),)
DEBUG 2025-03-27 19:42:40,036 psparser nextobject: (1852, 0.6941)
DEBUG 2025-03-27 19:42:40,037 psparser nexttoken: (1859, 0.7137)
DEBUG 2025-03-27 19:42:40,037 psparser add_results: ((1859, 0.7137),)
DEBUG 2025-03-27 19:42:40,037 psparser nextobject: (1859, 0.7137)
DEBUG 2025-03-27 19:42:40,037 psparser nexttoken: (1866, /b'rg')
DEBUG 2025-03-27 19:42:40,037 psparser do_keyword: pos=1866, token=/b'rg', stack=[]
DEBUG 2025-03-27 19:42:40,038 psparser add_results: ((1866, /b'rg'),)
DEBUG 2025-03-27 19:42:40,038 psparser nextobject: (1866, /b'rg')
DEBUG 2025-03-27 19:42:40,038 pdfinterp exec: rg [0.6627, 0.6941, 0.7137]
DEBUG 2025-03-27 19:42:40,038 psparser nexttoken: (1869, /'Span')
DEBUG 2025-03-27 19:42:40,038 psparser add_results: ((1869, /'Span'),)
DEBUG 2025-03-27 19:42:40,038 psparser nextobject: (1869, /'Span')
DEBUG 2025-03-27 19:42:40,039 psparser nexttoken: (1875, /b'<<')
DEBUG 2025-03-27 19:42:40,039 psparser start_type: pos=1875, type='d'
DEBUG 2025-03-27 19:42:40,039 psparser nexttoken: (1877, /'MCID')
DEBUG 2025-03-27 19:42:40,039 psparser nexttoken: (1883, 9)
DEBUG 2025-03-27 19:42:40,039 psparser nexttoken: (1884, /b'>>')
DEBUG 2025-03-27 19:42:40,039 psparser end_type: pos=1875, type='d', objs=[/'MCID', 9]
DEBUG 2025-03-27 19:42:40,039 psparser add_results: ((1875, {'MCID': 9}),)
DEBUG 2025-03-27 19:42:40,039 psparser nextobject: (1875, {'MCID': 9})
DEBUG 2025-03-27 19:42:40,039 psparser nexttoken: (1887, /b'BDC')
DEBUG 2025-03-27 19:42:40,040 psparser do_keyword: pos=1887, token=/b'BDC', stack=[]
DEBUG 2025-03-27 19:42:40,040 psparser add_results: ((1887, /b'BDC'),)
DEBUG 2025-03-27 19:42:40,040 psparser nextobject: (1887, /b'BDC')
DEBUG 2025-03-27 19:42:40,040 pdfinterp exec: BDC [/'Span', {'MCID': 9}]
DEBUG 2025-03-27 19:42:40,040 psparser nexttoken: (1891, /b'BT')
DEBUG 2025-03-27 19:42:40,041 psparser do_keyword: pos=1891, token=/b'BT', stack=[]
DEBUG 2025-03-27 19:42:40,041 psparser add_results: ((1891, /b'BT'),)
DEBUG 2025-03-27 19:42:40,042 psparser nextobject: (1891, /b'BT')
DEBUG 2025-03-27 19:42:40,042 pdfinterp exec: BT
DEBUG 2025-03-27 19:42:40,042 psparser nexttoken: (1894, /'F15')
DEBUG 2025-03-27 19:42:40,042 psparser add_results: ((1894, /'F15'),)
DEBUG 2025-03-27 19:42:40,042 psparser nextobject: (1894, /'F15')
DEBUG 2025-03-27 19:42:40,042 psparser nexttoken: (1899, 11)
DEBUG 2025-03-27 19:42:40,042 psparser add_results: ((1899, 11),)
DEBUG 2025-03-27 19:42:40,042 psparser nextobject: (1899, 11)
DEBUG 2025-03-27 19:42:40,043 psparser nexttoken: (1902, /b'Tf')
DEBUG 2025-03-27 19:42:40,043 psparser do_keyword: pos=1902, token=/b'Tf', stack=[]
DEBUG 2025-03-27 19:42:40,043 psparser add_results: ((1902, /b'Tf'),)
DEBUG 2025-03-27 19:42:40,044 psparser nextobject: (1902, /b'Tf')
DEBUG 2025-03-27 19:42:40,045 pdfinterp exec: Tf [/'F15', 11]
DEBUG 2025-03-27 19:42:40,045 psparser nexttoken: (1905, 1)
DEBUG 2025-03-27 19:42:40,046 psparser add_results: ((1905, 1),)
DEBUG 2025-03-27 19:42:40,046 psparser nextobject: (1905, 1)
DEBUG 2025-03-27 19:42:40,046 psparser nexttoken: (1907, 0)
DEBUG 2025-03-27 19:42:40,047 psparser add_results: ((1907, 0),)
DEBUG 2025-03-27 19:42:40,047 psparser nextobject: (1907, 0)
DEBUG 2025-03-27 19:42:40,048 psparser nexttoken: (1909, 0)
DEBUG 2025-03-27 19:42:40,048 psparser add_results: ((1909, 0),)
DEBUG 2025-03-27 19:42:40,048 psparser nextobject: (1909, 0)
DEBUG 2025-03-27 19:42:40,048 psparser nexttoken: (1911, -1)
DEBUG 2025-03-27 19:42:40,048 psparser add_results: ((1911, -1),)
DEBUG 2025-03-27 19:42:40,049 psparser nextobject: (1911, -1)
DEBUG 2025-03-27 19:42:40,049 psparser nexttoken: (1914, 94.17099762)
DEBUG 2025-03-27 19:42:40,049 psparser add_results: ((1914, 94.17099762),)
DEBUG 2025-03-27 19:42:40,049 psparser nextobject: (1914, 94.17099762)
DEBUG 2025-03-27 19:42:40,049 psparser nexttoken: (1926, 119.81400299)
DEBUG 2025-03-27 19:42:40,050 psparser add_results: ((1926, 119.81400299),)
DEBUG 2025-03-27 19:42:40,050 psparser nextobject: (1926, 119.81400299)
DEBUG 2025-03-27 19:42:40,050 psparser nexttoken: (1939, /b'Tm')
DEBUG 2025-03-27 19:42:40,050 psparser do_keyword: pos=1939, token=/b'Tm', stack=[]
DEBUG 2025-03-27 19:42:40,050 psparser add_results: ((1939, /b'Tm'),)
DEBUG 2025-03-27 19:42:40,050 psparser nextobject: (1939, /b'Tm')
DEBUG 2025-03-27 19:42:40,051 pdfinterp exec: Tm [1, 0, 0, -1, 94.17099762, 119.81400299]
DEBUG 2025-03-27 19:42:40,051 psparser nexttoken: (1942, /b'[')
DEBUG 2025-03-27 19:42:40,051 psparser start_type: pos=1942, type='a'
DEBUG 2025-03-27 19:42:40,051 psparser nexttoken: (1943, b'\x00\x01\x00\x1e\x00\x11\x00$\x00\x05\x00\x17\x00\x0e\x00"\x00,\x00\x05\x00!')
DEBUG 2025-03-27 19:42:40,051 psparser nexttoken: (1989, /b']')
DEBUG 2025-03-27 19:42:40,051 psparser end_type: pos=1942, type='a', objs=[b'\x00\x01\x00\x1e\x00\x11\x00$\x00\x05\x00\x17\x00\x0e\x00"\x00,\x00\x05\x00!']
DEBUG 2025-03-27 19:42:40,052 psparser add_results: ((1942, [b'\x00\x01\x00\x1e\x00\x11\x00$\x00\x05\x00\x17\x00\x0e\x00"\x00,\x00\x05\x00!']),)
DEBUG 2025-03-27 19:42:40,052 psparser nextobject: (1942, [b'\x00\x01\x00\x1e\x00\x11\x00$\x00\x05\x00\x17\x00\x0e\x00"\x00,\x00\x05\x00!'])
DEBUG 2025-03-27 19:42:40,052 psparser nexttoken: (1991, /b'TJ')
DEBUG 2025-03-27 19:42:40,052 psparser do_keyword: pos=1991, token=/b'TJ', stack=[]
DEBUG 2025-03-27 19:42:40,052 psparser add_results: ((1991, /b'TJ'),)
DEBUG 2025-03-27 19:42:40,052 psparser nextobject: (1991, /b'TJ')
DEBUG 2025-03-27 19:42:40,052 pdfinterp exec: TJ [[b'\x00\x01\x00\x1e\x00\x11\x00$\x00\x05\x00\x17\x00\x0e\x00"\x00,\x00\x05\x00!']]
DEBUG 2025-03-27 19:42:40,052 cmapdb get_unichr: <UnicodeMap: /'Adobe-Identity-UCS'>, 1
DEBUG 2025-03-27 19:42:40,054 cmapdb get_unichr: <UnicodeMap: /'Adobe-Identity-UCS'>, 30
DEBUG 2025-03-27 19:42:40,054 cmapdb get_unichr: <UnicodeMap: /'Adobe-Identity-UCS'>, 17
DEBUG 2025-03-27 19:42:40,054 cmapdb get_unichr: <UnicodeMap: /'Adobe-Identity-UCS'>, 36
DEBUG 2025-03-27 19:42:40,054 cmapdb get_unichr: <UnicodeMap: /'Adobe-Identity-UCS'>, 5
DEBUG 2025-03-27 19:42:40,054 cmapdb get_unichr: <UnicodeMap: /'Adobe-Identity-UCS'>, 23
DEBUG 2025-03-27 19:42:40,054 cmapdb get_unichr: <UnicodeMap: /'Adobe-Identity-UCS'>, 14
DEBUG 2025-03-27 19:42:40,054 cmapdb get_unichr: <UnicodeMap: /'Adobe-Identity-UCS'>, 34
DEBUG 2025-03-27 19:42:40,054 cmapdb get_unichr: <UnicodeMap: /'Adobe-Identity-UCS'>, 44
DEBUG 2025-03-27 19:42:40,054 cmapdb get_unichr: <UnicodeMap: /'Adobe-Identity-UCS'>, 5
DEBUG 2025-03-27 19:42:40,054 cmapdb get_unichr: <UnicodeMap: /'Adobe-Identity-UCS'>, 33
DEBUG 2025-03-27 19:42:40,055 psparser nexttoken: (1994, /b'ET')
DEBUG 2025-03-27 19:42:40,055 psparser do_keyword: pos=1994, token=/b'ET', stack=[]
DEBUG 2025-03-27 19:42:40,056 psparser add_results: ((1994, /b'ET'),)
DEBUG 2025-03-27 19:42:40,056 psparser nextobject: (1994, /b'ET')
DEBUG 2025-03-27 19:42:40,056 pdfinterp exec: ET
DEBUG 2025-03-27 19:42:40,056 psparser nexttoken: (1997, /b'EMC')
DEBUG 2025-03-27 19:42:40,056 psparser do_keyword: pos=1997, token=/b'EMC', stack=[]
DEBUG 2025-03-27 19:42:40,057 psparser add_results: ((1997, /b'EMC'),)
DEBUG 2025-03-27 19:42:40,057 psparser nextobject: (1997, /b'EMC')
DEBUG 2025-03-27 19:42:40,057 pdfinterp exec: EMC
DEBUG 2025-03-27 19:42:40,057 psparser nexttoken: (2001, 0.8824)
DEBUG 2025-03-27 19:42:40,058 psparser add_results: ((2001, 0.8824),)
DEBUG 2025-03-27 19:42:40,058 psparser nextobject: (2001, 0.8824)
DEBUG 2025-03-27 19:42:40,058 psparser nexttoken: (2008, 0.9137)
DEBUG 2025-03-27 19:42:40,058 psparser add_results: ((2008, 0.9137),)
DEBUG 2025-03-27 19:42:40,060 psparser nextobject: (2008, 0.9137)
DEBUG 2025-03-27 19:42:40,060 psparser nexttoken: (2015, 0.9333)
DEBUG 2025-03-27 19:42:40,061 psparser add_results: ((2015, 0.9333),)
DEBUG 2025-03-27 19:42:40,061 psparser nextobject: (2015, 0.9333)
DEBUG 2025-03-27 19:42:40,061 psparser nexttoken: (2022, /b'rg')
DEBUG 2025-03-27 19:42:40,061 psparser do_keyword: pos=2022, token=/b'rg', stack=[]
DEBUG 2025-03-27 19:42:40,062 psparser add_results: ((2022, /b'rg'),)
DEBUG 2025-03-27 19:42:40,063 psparser nextobject: (2022, /b'rg')
DEBUG 2025-03-27 19:42:40,063 pdfinterp exec: rg [0.8824, 0.9137, 0.9333]
DEBUG 2025-03-27 19:42:40,064 psparser nexttoken: (2025, /'H1')
DEBUG 2025-03-27 19:42:40,064 psparser add_results: ((2025, /'H1'),)
DEBUG 2025-03-27 19:42:40,064 psparser nextobject: (2025, /'H1')
DEBUG 2025-03-27 19:42:40,064 psparser nexttoken: (2029, /b'<<')
DEBUG 2025-03-27 19:42:40,064 psparser start_type: pos=2029, type='d'
DEBUG 2025-03-27 19:42:40,065 psparser nexttoken: (2031, /'MCID')
DEBUG 2025-03-27 19:42:40,065 psparser nexttoken: (2037, 10)
DEBUG 2025-03-27 19:42:40,065 psparser nexttoken: (2039, /b'>>')
DEBUG 2025-03-27 19:42:40,065 psparser end_type: pos=2029, type='d', objs=[/'MCID', 10]
DEBUG 2025-03-27 19:42:40,065 psparser add_results: ((2029, {'MCID': 10}),)
DEBUG 2025-03-27 19:42:40,065 psparser nextobject: (2029, {'MCID': 10})
DEBUG 2025-03-27 19:42:40,065 psparser nexttoken: (2042, /b'BDC')
DEBUG 2025-03-27 19:42:40,066 psparser do_keyword: pos=2042, token=/b'BDC', stack=[]
DEBUG 2025-03-27 19:42:40,066 psparser add_results: ((2042, /b'BDC'),)
DEBUG 2025-03-27 19:42:40,066 psparser nextobject: (2042, /b'BDC')
DEBUG 2025-03-27 19:42:40,066 pdfinterp exec: BDC [/'H1', {'MCID': 10}]
DEBUG 2025-03-27 19:42:40,066 psparser nexttoken: (2046, /b'BT')
DEBUG 2025-03-27 19:42:40,067 psparser do_keyword: pos=2046, token=/b'BT', stack=[]
DEBUG 2025-03-27 19:42:40,067 psparser add_results: ((2046, /b'BT'),)
DEBUG 2025-03-27 19:42:40,067 psparser nextobject: (2046, /b'BT')
DEBUG 2025-03-27 19:42:40,067 pdfinterp exec: BT
DEBUG 2025-03-27 19:42:40,067 psparser nexttoken: (2049, /'F15')
DEBUG 2025-03-27 19:42:40,068 psparser add_results: ((2049, /'F15'),)
DEBUG 2025-03-27 19:42:40,068 psparser nextobject: (2049, /'F15')
DEBUG 2025-03-27 19:42:40,068 psparser nexttoken: (2054, 13)
DEBUG 2025-03-27 19:42:40,068 psparser add_results: ((2054, 13),)
DEBUG 2025-03-27 19:42:40,068 psparser nextobject: (2054, 13)
DEBUG 2025-03-27 19:42:40,069 psparser nexttoken: (2057, /b'Tf')
DEBUG 2025-03-27 19:42:40,069 psparser do_keyword: pos=2057, token=/b'Tf', stack=[]
DEBUG 2025-03-27 19:42:40,069 psparser add_results: ((2057, /b'Tf'),)
DEBUG 2025-03-27 19:42:40,069 psparser nextobject: (2057, /b'Tf')
DEBUG 2025-03-27 19:42:40,069 pdfinterp exec: Tf [/'F15', 13]
DEBUG 2025-03-27 19:42:40,069 psparser nexttoken: (2060, 1)
DEBUG 2025-03-27 19:42:40,069 psparser add_results: ((2060, 1),)
DEBUG 2025-03-27 19:42:40,069 psparser nextobject: (2060, 1)
DEBUG 2025-03-27 19:42:40,070 psparser nexttoken: (2062, 0)
DEBUG 2025-03-27 19:42:40,070 psparser add_results: ((2062, 0),)
DEBUG 2025-03-27 19:42:40,070 psparser nextobject: (2062, 0)
DEBUG 2025-03-27 19:42:40,070 psparser nexttoken: (2064, 0)
DEBUG 2025-03-27 19:42:40,071 psparser add_results: ((2064, 0),)
DEBUG 2025-03-27 19:42:40,071 psparser nextobject: (2064, 0)
DEBUG 2025-03-27 19:42:40,071 psparser nexttoken: (2066, -1)
DEBUG 2025-03-27 19:42:40,071 psparser add_results: ((2066, -1),)
DEBUG 2025-03-27 19:42:40,071 psparser nextobject: (2066, -1)
DEBUG 2025-03-27 19:42:40,072 psparser nexttoken: (2069, 0)
DEBUG 2025-03-27 19:42:40,072 psparser add_results: ((2069, 0),)
DEBUG 2025-03-27 19:42:40,072 psparser nextobject: (2069, 0)
DEBUG 2025-03-27 19:42:40,072 psparser nexttoken: (2071, 155.07299805)
DEBUG 2025-03-27 19:42:40,073 psparser add_results: ((2071, 155.07299805),)
DEBUG 2025-03-27 19:42:40,073 psparser nextobject: (2071, 155.07299805)
DEBUG 2025-03-27 19:42:40,073 psparser nexttoken: (2084, /b'Tm')
DEBUG 2025-03-27 19:42:40,073 psparser do_keyword: pos=2084, token=/b'Tm', stack=[]
DEBUG 2025-03-27 19:42:40,074 psparser add_results: ((2084, /b'Tm'),)
DEBUG 2025-03-27 19:42:40,074 psparser nextobject: (2084, /b'Tm')
DEBUG 2025-03-27 19:42:40,074 pdfinterp exec: Tm [1, 0, 0, -1, 0, 155.07299805]
DEBUG 2025-03-27 19:42:40,075 psparser nexttoken: (2087, /b'[')
DEBUG 2025-03-27 19:42:40,075 psparser start_type: pos=2087, type='a'
DEBUG 2025-03-27 19:42:40,076 psparser nexttoken: (2088, b'\x00-\x00\x04\x00.\x00\x01\x00\r\x00\x17\x00$\x00\x14\x00\x14\x00#')
DEBUG 2025-03-27 19:42:40,076 psparser nexttoken: (2130, /b']')
DEBUG 2025-03-27 19:42:40,076 psparser end_type: pos=2087, type='a', objs=[b'\x00-\x00\x04\x00.\x00\x01\x00\r\x00\x17\x00$\x00\x14\x00\x14\x00#']
DEBUG 2025-03-27 19:42:40,077 psparser add_results: ((2087, [b'\x00-\x00\x04\x00.\x00\x01\x00\r\x00\x17\x00$\x00\x14\x00\x14\x00#']),)
DEBUG 2025-03-27 19:42:40,078 psparser nextobject: (2087, [b'\x00-\x00\x04\x00.\x00\x01\x00\r\x00\x17\x00$\x00\x14\x00\x14\x00#'])
DEBUG 2025-03-27 19:42:40,079 psparser nexttoken: (2132, /b'TJ')
DEBUG 2025-03-27 19:42:40,079 psparser do_keyword: pos=2132, token=/b'TJ', stack=[]
DEBUG 2025-03-27 19:42:40,079 psparser add_results: ((2132, /b'TJ'),)
DEBUG 2025-03-27 19:42:40,079 psparser nextobject: (2132, /b'TJ')
DEBUG 2025-03-27 19:42:40,080 pdfinterp exec: TJ [[b'\x00-\x00\x04\x00.\x00\x01\x00\r\x00\x17\x00$\x00\x14\x00\x14\x00#']]
DEBUG 2025-03-27 19:42:40,080 cmapdb get_unichr: <UnicodeMap: /'Adobe-Identity-UCS'>, 45
DEBUG 2025-03-27 19:42:40,080 cmapdb get_unichr: <UnicodeMap: /'Adobe-Identity-UCS'>, 4
DEBUG 2025-03-27 19:42:40,080 cmapdb get_unichr: <UnicodeMap: /'Adobe-Identity-UCS'>, 46
DEBUG 2025-03-27 19:42:40,080 cmapdb get_unichr: <UnicodeMap: /'Adobe-Identity-UCS'>, 1
DEBUG 2025-03-27 19:42:40,081 cmapdb get_unichr: <UnicodeMap: /'Adobe-Identity-UCS'>, 13
DEBUG 2025-03-27 19:42:40,081 cmapdb get_unichr: <UnicodeMap: /'Adobe-Identity-UCS'>, 23
DEBUG 2025-03-27 19:42:40,081 cmapdb get_unichr: <UnicodeMap: /'Adobe-Identity-UCS'>, 36
DEBUG 2025-03-27 19:42:40,082 cmapdb get_unichr: <UnicodeMap: /'Adobe-Identity-UCS'>, 20
DEBUG 2025-03-27 19:42:40,082 cmapdb get_unichr: <UnicodeMap: /'Adobe-Identity-UCS'>, 20
DEBUG 2025-03-27 19:42:40,082 cmapdb get_unichr: <UnicodeMap: /'Adobe-Identity-UCS'>, 35
DEBUG 2025-03-27 19:42:40,082 psparser nexttoken: (2135, /b'ET')
DEBUG 2025-03-27 19:42:40,082 psparser do_keyword: pos=2135, token=/b'ET', stack=[]
DEBUG 2025-03-27 19:42:40,082 psparser add_results: ((2135, /b'ET'),)
DEBUG 2025-03-27 19:42:40,082 psparser nextobject: (2135, /b'ET')
DEBUG 2025-03-27 19:42:40,082 pdfinterp exec: ET
DEBUG 2025-03-27 19:42:40,083 psparser nexttoken: (2138, /b'EMC')
DEBUG 2025-03-27 19:42:40,083 psparser do_keyword: pos=2138, token=/b'EMC', stack=[]
DEBUG 2025-03-27 19:42:40,083 psparser add_results: ((2138, /b'EMC'),)
DEBUG 2025-03-27 19:42:40,083 psparser nextobject: (2138, /b'EMC')
DEBUG 2025-03-27 19:42:40,084 pdfinterp exec: EMC
DEBUG 2025-03-27 19:42:40,084 psparser nexttoken: (2142, 1)
DEBUG 2025-03-27 19:42:40,084 psparser add_results: ((2142, 1),)
DEBUG 2025-03-27 19:42:40,084 psparser nextobject: (2142, 1)
DEBUG 2025-03-27 19:42:40,084 psparser nexttoken: (2144, /b'g')
DEBUG 2025-03-27 19:42:40,085 psparser do_keyword: pos=2144, token=/b'g', stack=[]
DEBUG 2025-03-27 19:42:40,085 psparser add_results: ((2144, /b'g'),)
DEBUG 2025-03-27 19:42:40,085 psparser nextobject: (2144, /b'g')
DEBUG 2025-03-27 19:42:40,085 pdfinterp exec: g [1]
DEBUG 2025-03-27 19:42:40,085 psparser nexttoken: (2146, /'Span')
DEBUG 2025-03-27 19:42:40,085 psparser add_results: ((2146, /'Span'),)
DEBUG 2025-03-27 19:42:40,085 psparser nextobject: (2146, /'Span')
DEBUG 2025-03-27 19:42:40,086 psparser nexttoken: (2152, /b'<<')
DEBUG 2025-03-27 19:42:40,086 psparser start_type: pos=2152, type='d'
DEBUG 2025-03-27 19:42:40,086 psparser nexttoken: (2154, /'MCID')
DEBUG 2025-03-27 19:42:40,086 psparser nexttoken: (2160, 11)
DEBUG 2025-03-27 19:42:40,086 psparser nexttoken: (2162, /b'>>')
DEBUG 2025-03-27 19:42:40,086 psparser end_type: pos=2152, type='d', objs=[/'MCID', 11]
DEBUG 2025-03-27 19:42:40,086 psparser add_results: ((2152, {'MCID': 11}),)
DEBUG 2025-03-27 19:42:40,086 psparser nextobject: (2152, {'MCID': 11})
DEBUG 2025-03-27 19:42:40,086 psparser nexttoken: (2165, /b'BDC')
DEBUG 2025-03-27 19:42:40,086 psparser do_keyword: pos=2165, token=/b'BDC', stack=[]
DEBUG 2025-03-27 19:42:40,087 psparser add_results: ((2165, /b'BDC'),)
DEBUG 2025-03-27 19:42:40,087 psparser nextobject: (2165, /b'BDC')
DEBUG 2025-03-27 19:42:40,087 pdfinterp exec: BDC [/'Span', {'MCID': 11}]
DEBUG 2025-03-27 19:42:40,087 psparser nexttoken: (2169, /b'BT')
DEBUG 2025-03-27 19:42:40,087 psparser do_keyword: pos=2169, token=/b'BT', stack=[]
DEBUG 2025-03-27 19:42:40,088 psparser add_results: ((2169, /b'BT'),)
DEBUG 2025-03-27 19:42:40,088 psparser nextobject: (2169, /b'BT')
DEBUG 2025-03-27 19:42:40,089 pdfinterp exec: BT
DEBUG 2025-03-27 19:42:40,089 psparser nexttoken: (2172, /'F15')
DEBUG 2025-03-27 19:42:40,090 psparser add_results: ((2172, /'F15'),)
DEBUG 2025-03-27 19:42:40,091 psparser nextobject: (2172, /'F15')
DEBUG 2025-03-27 19:42:40,091 psparser nexttoken: (2177, 10.5)
DEBUG 2025-03-27 19:42:40,092 psparser add_results: ((2177, 10.5),)
DEBUG 2025-03-27 19:42:40,092 psparser nextobject: (2177, 10.5)
DEBUG 2025-03-27 19:42:40,092 psparser nexttoken: (2182, /b'Tf')
DEBUG 2025-03-27 19:42:40,092 psparser do_keyword: pos=2182, token=/b'Tf', stack=[]
DEBUG 2025-03-27 19:42:40,093 psparser add_results: ((2182, /b'Tf'),)
DEBUG 2025-03-27 19:42:40,093 psparser nextobject: (2182, /b'Tf')
DEBUG 2025-03-27 19:42:40,093 pdfinterp exec: Tf [/'F15', 10.5]
DEBUG 2025-03-27 19:42:40,093 psparser nexttoken: (2185, 1)
DEBUG 2025-03-27 19:42:40,093 psparser add_results: ((2185, 1),)
DEBUG 2025-03-27 19:42:40,094 psparser nextobject: (2185, 1)
DEBUG 2025-03-27 19:42:40,094 psparser nexttoken: (2187, 0)
DEBUG 2025-03-27 19:42:40,094 psparser add_results: ((2187, 0),)
DEBUG 2025-03-27 19:42:40,095 psparser nextobject: (2187, 0)
DEBUG 2025-03-27 19:42:40,095 psparser nexttoken: (2189, 0)
DEBUG 2025-03-27 19:42:40,095 psparser add_results: ((2189, 0),)
DEBUG 2025-03-27 19:42:40,096 psparser nextobject: (2189, 0)
DEBUG 2025-03-27 19:42:40,096 psparser nexttoken: (2191, -1)
DEBUG 2025-03-27 19:42:40,096 psparser add_results: ((2191, -1),)
DEBUG 2025-03-27 19:42:40,096 psparser nextobject: (2191, -1)
DEBUG 2025-03-27 19:42:40,097 psparser nexttoken: (2194, 0)
DEBUG 2025-03-27 19:42:40,097 psparser add_results: ((2194, 0),)
DEBUG 2025-03-27 19:42:40,097 psparser nextobject: (2194, 0)
DEBUG 2025-03-27 19:42:40,097 psparser nexttoken: (2196, 174.5249939)
DEBUG 2025-03-27 19:42:40,097 psparser add_results: ((2196, 174.5249939),)
DEBUG 2025-03-27 19:42:40,097 psparser nextobject: (2196, 174.5249939)
DEBUG 2025-03-27 19:42:40,098 psparser nexttoken: (2208, /b'Tm')
DEBUG 2025-03-27 19:42:40,098 psparser do_keyword: pos=2208, token=/b'Tm', stack=[]
DEBUG 2025-03-27 19:42:40,098 psparser add_results: ((2208, /b'Tm'),)
DEBUG 2025-03-27 19:42:40,098 psparser nextobject: (2208, /b'Tm')
DEBUG 2025-03-27 19:42:40,098 pdfinterp exec: Tm [1, 0, 0, -1, 0, 174.5249939]
DEBUG 2025-03-27 19:42:40,098 psparser nexttoken: (2211, /b'[')
DEBUG 2025-03-27 19:42:40,098 psparser start_type: pos=2211, type='a'
DEBUG 2025-03-27 19:42:40,098 psparser nexttoken: (2212, b'\x00\x1f\x00-\x00/\x00\x11\x00\x01\x00\x03\x00\r\x00\r')
DEBUG 2025-03-27 19:42:40,098 psparser nexttoken: (2246, /b']')
DEBUG 2025-03-27 19:42:40,100 psparser end_type: pos=2211, type='a', objs=[b'\x00\x1f\x00-\x00/\x00\x11\x00\x01\x00\x03\x00\r\x00\r']
DEBUG 2025-03-27 19:42:40,100 psparser add_results: ((2211, [b'\x00\x1f\x00-\x00/\x00\x11\x00\x01\x00\x03\x00\r\x00\r']),)
DEBUG 2025-03-27 19:42:40,100 psparser nextobject: (2211, [b'\x00\x1f\x00-\x00/\x00\x11\x00\x01\x00\x03\x00\r\x00\r'])
DEBUG 2025-03-27 19:42:40,100 psparser nexttoken: (2248, /b'TJ')
DEBUG 2025-03-27 19:42:40,100 psparser do_keyword: pos=2248, token=/b'TJ', stack=[]
DEBUG 2025-03-27 19:42:40,100 psparser add_results: ((2248, /b'TJ'),)
DEBUG 2025-03-27 19:42:40,100 psparser nextobject: (2248, /b'TJ')
DEBUG 2025-03-27 19:42:40,100 pdfinterp exec: TJ [[b'\x00\x1f\x00-\x00/\x00\x11\x00\x01\x00\x03\x00\r\x00\r']]
DEBUG 2025-03-27 19:42:40,100 cmapdb get_unichr: <UnicodeMap: /'Adobe-Identity-UCS'>, 31
DEBUG 2025-03-27 19:42:40,100 cmapdb get_unichr: <UnicodeMap: /'Adobe-Identity-UCS'>, 45
DEBUG 2025-03-27 19:42:40,100 cmapdb get_unichr: <UnicodeMap: /'Adobe-Identity-UCS'>, 47
DEBUG 2025-03-27 19:42:40,100 cmapdb get_unichr: <UnicodeMap: /'Adobe-Identity-UCS'>, 17
DEBUG 2025-03-27 19:42:40,100 cmapdb get_unichr: <UnicodeMap: /'Adobe-Identity-UCS'>, 1
DEBUG 2025-03-27 19:42:40,101 cmapdb get_unichr: <UnicodeMap: /'Adobe-Identity-UCS'>, 3
DEBUG 2025-03-27 19:42:40,101 cmapdb get_unichr: <UnicodeMap: /'Adobe-Identity-UCS'>, 13
DEBUG 2025-03-27 19:42:40,101 cmapdb get_unichr: <UnicodeMap: /'Adobe-Identity-UCS'>, 13
DEBUG 2025-03-27 19:42:40,101 psparser nexttoken: (2251, /b'ET')
DEBUG 2025-03-27 19:42:40,101 psparser do_keyword: pos=2251, token=/b'ET', stack=[]
DEBUG 2025-03-27 19:42:40,101 psparser add_results: ((2251, /b'ET'),)
DEBUG 2025-03-27 19:42:40,101 psparser nextobject: (2251, /b'ET')
DEBUG 2025-03-27 19:42:40,101 pdfinterp exec: ET
DEBUG 2025-03-27 19:42:40,102 psparser nexttoken: (2254, /b'EMC')
DEBUG 2025-03-27 19:42:40,102 psparser do_keyword: pos=2254, token=/b'EMC', stack=[]
DEBUG 2025-03-27 19:42:40,102 psparser add_results: ((2254, /b'EMC'),)
DEBUG 2025-03-27 19:42:40,102 psparser nextobject: (2254, /b'EMC')
DEBUG 2025-03-27 19:42:40,102 pdfinterp exec: EMC
DEBUG 2025-03-27 19:42:40,103 psparser nexttoken: (2258, /'Span')
DEBUG 2025-03-27 19:42:40,103 psparser add_results: ((2258, /'Span'),)
DEBUG 2025-03-27 19:42:40,103 psparser nextobject: (2258, /'Span')
DEBUG 2025-03-27 19:42:40,103 psparser nexttoken: (2264, /b'<<')
DEBUG 2025-03-27 19:42:40,103 psparser start_type: pos=2264, type='d'
DEBUG 2025-03-27 19:42:40,104 psparser nexttoken: (2266, /'MCID')
DEBUG 2025-03-27 19:42:40,104 psparser nexttoken: (2272, 12)
DEBUG 2025-03-27 19:42:40,104 psparser nexttoken: (2274, /b'>>')
DEBUG 2025-03-27 19:42:40,104 psparser end_type: pos=2264, type='d', objs=[/'MCID', 12]
DEBUG 2025-03-27 19:42:40,104 psparser add_results: ((2264, {'MCID': 12}),)
DEBUG 2025-03-27 19:42:40,104 psparser nextobject: (2264, {'MCID': 12})
DEBUG 2025-03-27 19:42:40,105 psparser nexttoken: (2277, /b'BDC')
DEBUG 2025-03-27 19:42:40,105 psparser do_keyword: pos=2277, token=/b'BDC', stack=[]
DEBUG 2025-03-27 19:42:40,105 psparser add_results: ((2277, /b'BDC'),)
DEBUG 2025-03-27 19:42:40,105 psparser nextobject: (2277, /b'BDC')
DEBUG 2025-03-27 19:42:40,106 pdfinterp exec: BDC [/'Span', {'MCID': 12}]
DEBUG 2025-03-27 19:42:40,107 psparser nexttoken: (2281, /b'BT')
DEBUG 2025-03-27 19:42:40,107 psparser do_keyword: pos=2281, token=/b'BT', stack=[]
DEBUG 2025-03-27 19:42:40,107 psparser add_results: ((2281, /b'BT'),)
DEBUG 2025-03-27 19:42:40,109 psparser nextobject: (2281, /b'BT')
DEBUG 2025-03-27 19:42:40,109 pdfinterp exec: BT
DEBUG 2025-03-27 19:42:40,109 psparser nexttoken: (2284, /'F15')
DEBUG 2025-03-27 19:42:40,109 psparser add_results: ((2284, /'F15'),)
DEBUG 2025-03-27 19:42:40,109 psparser nextobject: (2284, /'F15')
DEBUG 2025-03-27 19:42:40,110 psparser nexttoken: (2289, 10.5)
DEBUG 2025-03-27 19:42:40,110 psparser add_results: ((2289, 10.5),)
DEBUG 2025-03-27 19:42:40,111 psparser nextobject: (2289, 10.5)
DEBUG 2025-03-27 19:42:40,111 psparser nexttoken: (2294, /b'Tf')
DEBUG 2025-03-27 19:42:40,111 psparser do_keyword: pos=2294, token=/b'Tf', stack=[]
DEBUG 2025-03-27 19:42:40,111 psparser add_results: ((2294, /b'Tf'),)
DEBUG 2025-03-27 19:42:40,111 psparser nextobject: (2294, /b'Tf')
DEBUG 2025-03-27 19:42:40,112 pdfinterp exec: Tf [/'F15', 10.5]
DEBUG 2025-03-27 19:42:40,112 psparser nexttoken: (2297, 1)
DEBUG 2025-03-27 19:42:40,113 psparser add_results: ((2297, 1),)
DEBUG 2025-03-27 19:42:40,113 psparser nextobject: (2297, 1)
DEBUG 2025-03-27 19:42:40,113 psparser nexttoken: (2299, 0)
DEBUG 2025-03-27 19:42:40,113 psparser add_results: ((2299, 0),)
DEBUG 2025-03-27 19:42:40,114 psparser nextobject: (2299, 0)
DEBUG 2025-03-27 19:42:40,114 psparser nexttoken: (2301, 0)
DEBUG 2025-03-27 19:42:40,114 psparser add_results: ((2301, 0),)
DEBUG 2025-03-27 19:42:40,114 psparser nextobject: (2301, 0)
DEBUG 2025-03-27 19:42:40,114 psparser nexttoken: (2303, -1)
DEBUG 2025-03-27 19:42:40,114 psparser add_results: ((2303, -1),)
DEBUG 2025-03-27 19:42:40,115 psparser nextobject: (2303, -1)
DEBUG 2025-03-27 19:42:40,115 psparser nexttoken: (2306, 0)
DEBUG 2025-03-27 19:42:40,115 psparser add_results: ((2306, 0),)
DEBUG 2025-03-27 19:42:40,115 psparser nextobject: (2306, 0)
DEBUG 2025-03-27 19:42:40,115 psparser nexttoken: (2308, 192.125)
DEBUG 2025-03-27 19:42:40,115 psparser add_results: ((2308, 192.125),)
DEBUG 2025-03-27 19:42:40,115 psparser nextobject: (2308, 192.125)
DEBUG 2025-03-27 19:42:40,115 psparser nexttoken: (2316, /b'Tm')
DEBUG 2025-03-27 19:42:40,115 psparser do_keyword: pos=2316, token=/b'Tm', stack=[]
DEBUG 2025-03-27 19:42:40,116 psparser add_results: ((2316, /b'Tm'),)
DEBUG 2025-03-27 19:42:40,116 psparser nextobject: (2316, /b'Tm')
DEBUG 2025-03-27 19:42:40,116 pdfinterp exec: Tm [1, 0, 0, -1, 0, 192.125]
DEBUG 2025-03-27 19:42:40,116 psparser nexttoken: (2319, /b'[')
DEBUG 2025-03-27 19:42:40,116 psparser start_type: pos=2319, type='a'
DEBUG 2025-03-27 19:42:40,117 psparser nexttoken: (2320, b'\x00\x12\x00\x07\x00\x06\x00\x07\x00\x01\x00\r\x00\x08\x00$\x00\x0e\x00\x05\x00\x08\x00\x0e\x00\x01\x00-\x00\x04\x00\x04\x00\x14\x00#')
DEBUG 2025-03-27 19:42:40,117 psparser nexttoken: (2394, /b']')
DEBUG 2025-03-27 19:42:40,117 psparser end_type: pos=2319, type='a', objs=[b'\x00\x12\x00\x07\x00\x06\x00\x07\x00\x01\x00\r\x00\x08\x00$\x00\x0e\x00\x05\x00\x08\x00\x0e\x00\x01\x00-\x00\x04\x00\x04\x00\x14\x00#']
DEBUG 2025-03-27 19:42:40,117 psparser add_results: ((2319, [b'\x00\x12\x00\x07\x00\x06\x00\x07\x00\x01\x00\r\x00\x08\x00$\x00\x0e\x00\x05\x00\x08\x00\x0e\x00\x01\x00-\x00\x04\x00\x04\x00\x14\x00#']),)
DEBUG 2025-03-27 19:42:40,117 psparser nextobject: (2319, [b'\x00\x12\x00\x07\x00\x06\x00\x07\x00\x01\x00\r\x00\x08\x00$\x00\x0e\x00\x05\x00\x08\x00\x0e\x00\x01\x00-\x00\x04\x00\x04\x00\x14\x00#'])
DEBUG 2025-03-27 19:42:40,118 psparser nexttoken: (2396, /b'TJ')
DEBUG 2025-03-27 19:42:40,118 psparser do_keyword: pos=2396, token=/b'TJ', stack=[]
DEBUG 2025-03-27 19:42:40,118 psparser add_results: ((2396, /b'TJ'),)
DEBUG 2025-03-27 19:42:40,118 psparser nextobject: (2396, /b'TJ')
DEBUG 2025-03-27 19:42:40,118 pdfinterp exec: TJ [[b'\x00\x12\x00\x07\x00\x06\x00\x07\x00\x01\x00\r\x00\x08\x00$\x00\x0e\x00\x05\x00\x08\x00\x0e\x00\x01\x00-\x00\x04\x00\x04\x00\x14\x00#']]
DEBUG 2025-03-27 19:42:40,118 cmapdb get_unichr: <UnicodeMap: /'Adobe-Identity-UCS'>, 18
DEBUG 2025-03-27 19:42:40,118 cmapdb get_unichr: <UnicodeMap: /'Adobe-Identity-UCS'>, 7
DEBUG 2025-03-27 19:42:40,118 cmapdb get_unichr: <UnicodeMap: /'Adobe-Identity-UCS'>, 6
DEBUG 2025-03-27 19:42:40,118 cmapdb get_unichr: <UnicodeMap: /'Adobe-Identity-UCS'>, 7
DEBUG 2025-03-27 19:42:40,120 cmapdb get_unichr: <UnicodeMap: /'Adobe-Identity-UCS'>, 1
DEBUG 2025-03-27 19:42:40,120 cmapdb get_unichr: <UnicodeMap: /'Adobe-Identity-UCS'>, 13
DEBUG 2025-03-27 19:42:40,120 cmapdb get_unichr: <UnicodeMap: /'Adobe-Identity-UCS'>, 8
DEBUG 2025-03-27 19:42:40,120 cmapdb get_unichr: <UnicodeMap: /'Adobe-Identity-UCS'>, 36
DEBUG 2025-03-27 19:42:40,120 cmapdb get_unichr: <UnicodeMap: /'Adobe-Identity-UCS'>, 14
DEBUG 2025-03-27 19:42:40,120 cmapdb get_unichr: <UnicodeMap: /'Adobe-Identity-UCS'>, 5
DEBUG 2025-03-27 19:42:40,120 cmapdb get_unichr: <UnicodeMap: /'Adobe-Identity-UCS'>, 8
DEBUG 2025-03-27 19:42:40,121 cmapdb get_unichr: <UnicodeMap: /'Adobe-Identity-UCS'>, 14
DEBUG 2025-03-27 19:42:40,121 cmapdb get_unichr: <UnicodeMap: /'Adobe-Identity-UCS'>, 1
DEBUG 2025-03-27 19:42:40,121 cmapdb get_unichr: <UnicodeMap: /'Adobe-Identity-UCS'>, 45
DEBUG 2025-03-27 19:42:40,121 cmapdb get_unichr: <UnicodeMap: /'Adobe-Identity-UCS'>, 4
DEBUG 2025-03-27 19:42:40,121 cmapdb get_unichr: <UnicodeMap: /'Adobe-Identity-UCS'>, 4
DEBUG 2025-03-27 19:42:40,121 cmapdb get_unichr: <UnicodeMap: /'Adobe-Identity-UCS'>, 20
DEBUG 2025-03-27 19:42:40,122 cmapdb get_unichr: <UnicodeMap: /'Adobe-Identity-UCS'>, 35
DEBUG 2025-03-27 19:42:40,122 psparser nexttoken: (2399, /b'ET')
DEBUG 2025-03-27 19:42:40,122 psparser do_keyword: pos=2399, token=/b'ET', stack=[]
DEBUG 2025-03-27 19:42:40,122 psparser add_results: ((2399, /b'ET'),)
DEBUG 2025-03-27 19:42:40,123 psparser nextobject: (2399, /b'ET')
DEBUG 2025-03-27 19:42:40,123 pdfinterp exec: ET
DEBUG 2025-03-27 19:42:40,123 psparser nexttoken: (2402, /b'EMC')
DEBUG 2025-03-27 19:42:40,125 psparser do_keyword: pos=2402, token=/b'EMC', stack=[]
DEBUG 2025-03-27 19:42:40,125 psparser add_results: ((2402, /b'EMC'),)
DEBUG 2025-03-27 19:42:40,127 psparser nextobject: (2402, /b'EMC')
DEBUG 2025-03-27 19:42:40,128 pdfinterp exec: EMC
DEBUG 2025-03-27 19:42:40,129 psparser nexttoken: (2406, /'Span')
DEBUG 2025-03-27 19:42:40,129 psparser add_results: ((2406, /'Span'),)
DEBUG 2025-03-27 19:42:40,130 psparser nextobject: (2406, /'Span')
DEBUG 2025-03-27 19:42:40,130 psparser nexttoken: (2412, /b'<<')
DEBUG 2025-03-27 19:42:40,130 psparser start_type: pos=2412, type='d'
DEBUG 2025-03-27 19:42:40,130 psparser nexttoken: (2414, /'MCID')
DEBUG 2025-03-27 19:42:40,130 psparser nexttoken: (2420, 13)
DEBUG 2025-03-27 19:42:40,130 psparser nexttoken: (2422, /b'>>')
DEBUG 2025-03-27 19:42:40,130 psparser end_type: pos=2412, type='d', objs=[/'MCID', 13]
DEBUG 2025-03-27 19:42:40,130 psparser add_results: ((2412, {'MCID': 13}),)
DEBUG 2025-03-27 19:42:40,131 psparser nextobject: (2412, {'MCID': 13})
DEBUG 2025-03-27 19:42:40,131 psparser nexttoken: (2425, /b'BDC')
DEBUG 2025-03-27 19:42:40,131 psparser do_keyword: pos=2425, token=/b'BDC', stack=[]
DEBUG 2025-03-27 19:42:40,131 psparser add_results: ((2425, /b'BDC'),)
DEBUG 2025-03-27 19:42:40,131 psparser nextobject: (2425, /b'BDC')
DEBUG 2025-03-27 19:42:40,131 pdfinterp exec: BDC [/'Span', {'MCID': 13}]
DEBUG 2025-03-27 19:42:40,131 psparser nexttoken: (2429, /b'BT')
DEBUG 2025-03-27 19:42:40,131 psparser do_keyword: pos=2429, token=/b'BT', stack=[]
DEBUG 2025-03-27 19:42:40,131 psparser add_results: ((2429, /b'BT'),)
DEBUG 2025-03-27 19:42:40,131 psparser nextobject: (2429, /b'BT')
DEBUG 2025-03-27 19:42:40,132 pdfinterp exec: BT
DEBUG 2025-03-27 19:42:40,132 psparser nexttoken: (2432, /'F15')
DEBUG 2025-03-27 19:42:40,132 psparser add_results: ((2432, /'F15'),)
DEBUG 2025-03-27 19:42:40,132 psparser nextobject: (2432, /'F15')
DEBUG 2025-03-27 19:42:40,132 psparser nexttoken: (2437, 10.5)
DEBUG 2025-03-27 19:42:40,132 psparser add_results: ((2437, 10.5),)
DEBUG 2025-03-27 19:42:40,132 psparser nextobject: (2437, 10.5)
DEBUG 2025-03-27 19:42:40,133 psparser nexttoken: (2442, /b'Tf')
DEBUG 2025-03-27 19:42:40,133 psparser do_keyword: pos=2442, token=/b'Tf', stack=[]
DEBUG 2025-03-27 19:42:40,133 psparser add_results: ((2442, /b'Tf'),)
DEBUG 2025-03-27 19:42:40,133 psparser nextobject: (2442, /b'Tf')
DEBUG 2025-03-27 19:42:40,133 pdfinterp exec: Tf [/'F15', 10.5]
DEBUG 2025-03-27 19:42:40,133 psparser nexttoken: (2445, 1)
DEBUG 2025-03-27 19:42:40,134 psparser add_results: ((2445, 1),)
DEBUG 2025-03-27 19:42:40,134 psparser nextobject: (2445, 1)
DEBUG 2025-03-27 19:42:40,134 psparser nexttoken: (2447, 0)
DEBUG 2025-03-27 19:42:40,134 psparser add_results: ((2447, 0),)
DEBUG 2025-03-27 19:42:40,134 psparser nextobject: (2447, 0)
DEBUG 2025-03-27 19:42:40,134 psparser nexttoken: (2449, 0)
DEBUG 2025-03-27 19:42:40,135 psparser add_results: ((2449, 0),)
DEBUG 2025-03-27 19:42:40,135 psparser nextobject: (2449, 0)
DEBUG 2025-03-27 19:42:40,135 psparser nexttoken: (2451, -1)
DEBUG 2025-03-27 19:42:40,135 psparser add_results: ((2451, -1),)
DEBUG 2025-03-27 19:42:40,136 psparser nextobject: (2451, -1)
DEBUG 2025-03-27 19:42:40,136 psparser nexttoken: (2454, 0)
DEBUG 2025-03-27 19:42:40,136 psparser add_results: ((2454, 0),)
DEBUG 2025-03-27 19:42:40,136 psparser nextobject: (2454, 0)
DEBUG 2025-03-27 19:42:40,136 psparser nexttoken: (2456, 209.7250061)
DEBUG 2025-03-27 19:42:40,137 psparser add_results: ((2456, 209.7250061),)
DEBUG 2025-03-27 19:42:40,137 psparser nextobject: (2456, 209.7250061)
DEBUG 2025-03-27 19:42:40,137 psparser nexttoken: (2468, /b'Tm')
DEBUG 2025-03-27 19:42:40,137 psparser do_keyword: pos=2468, token=/b'Tm', stack=[]
DEBUG 2025-03-27 19:42:40,137 psparser add_results: ((2468, /b'Tm'),)
DEBUG 2025-03-27 19:42:40,137 psparser nextobject: (2468, /b'Tm')
DEBUG 2025-03-27 19:42:40,138 pdfinterp exec: Tm [1, 0, 0, -1, 0, 209.7250061]
DEBUG 2025-03-27 19:42:40,138 psparser nexttoken: (2471, /b'[')
DEBUG 2025-03-27 19:42:40,138 psparser start_type: pos=2471, type='a'
DEBUG 2025-03-27 19:42:40,138 psparser nexttoken: (2472, b'\x00\x12\x00\x07\x00\x06\x00\x07\x00\x01\x00\x13\x00\x05\x00\x07\x00\x14\x00\x15\x00\x06\x00$\x00\x08\x00#')
DEBUG 2025-03-27 19:42:40,138 psparser nexttoken: (2530, /b']')
DEBUG 2025-03-27 19:42:40,139 psparser end_type: pos=2471, type='a', objs=[b'\x00\x12\x00\x07\x00\x06\x00\x07\x00\x01\x00\x13\x00\x05\x00\x07\x00\x14\x00\x15\x00\x06\x00$\x00\x08\x00#']
DEBUG 2025-03-27 19:42:40,139 psparser add_results: ((2471, [b'\x00\x12\x00\x07\x00\x06\x00\x07\x00\x01\x00\x13\x00\x05\x00\x07\x00\x14\x00\x15\x00\x06\x00$\x00\x08\x00#']),)
DEBUG 2025-03-27 19:42:40,139 psparser nextobject: (2471, [b'\x00\x12\x00\x07\x00\x06\x00\x07\x00\x01\x00\x13\x00\x05\x00\x07\x00\x14\x00\x15\x00\x06\x00$\x00\x08\x00#'])
DEBUG 2025-03-27 19:42:40,140 psparser nexttoken: (2532, /b'TJ')
DEBUG 2025-03-27 19:42:40,140 psparser do_keyword: pos=2532, token=/b'TJ', stack=[]
DEBUG 2025-03-27 19:42:40,140 psparser add_results: ((2532, /b'TJ'),)
DEBUG 2025-03-27 19:42:40,140 psparser nextobject: (2532, /b'TJ')
DEBUG 2025-03-27 19:42:40,140 pdfinterp exec: TJ [[b'\x00\x12\x00\x07\x00\x06\x00\x07\x00\x01\x00\x13\x00\x05\x00\x07\x00\x14\x00\x15\x00\x06\x00$\x00\x08\x00#']]
DEBUG 2025-03-27 19:42:40,141 cmapdb get_unichr: <UnicodeMap: /'Adobe-Identity-UCS'>, 18
DEBUG 2025-03-27 19:42:40,141 cmapdb get_unichr: <UnicodeMap: /'Adobe-Identity-UCS'>, 7
DEBUG 2025-03-27 19:42:40,141 cmapdb get_unichr: <UnicodeMap: /'Adobe-Identity-UCS'>, 6
DEBUG 2025-03-27 19:42:40,142 cmapdb get_unichr: <UnicodeMap: /'Adobe-Identity-UCS'>, 7
DEBUG 2025-03-27 19:42:40,142 cmapdb get_unichr: <UnicodeMap: /'Adobe-Identity-UCS'>, 1
DEBUG 2025-03-27 19:42:40,142 cmapdb get_unichr: <UnicodeMap: /'Adobe-Identity-UCS'>, 19
DEBUG 2025-03-27 19:42:40,142 cmapdb get_unichr: <UnicodeMap: /'Adobe-Identity-UCS'>, 5
DEBUG 2025-03-27 19:42:40,142 cmapdb get_unichr: <UnicodeMap: /'Adobe-Identity-UCS'>, 7
DEBUG 2025-03-27 19:42:40,143 cmapdb get_unichr: <UnicodeMap: /'Adobe-Identity-UCS'>, 20
DEBUG 2025-03-27 19:42:40,143 cmapdb get_unichr: <UnicodeMap: /'Adobe-Identity-UCS'>, 21
DEBUG 2025-03-27 19:42:40,143 cmapdb get_unichr: <UnicodeMap: /'Adobe-Identity-UCS'>, 6
DEBUG 2025-03-27 19:42:40,143 cmapdb get_unichr: <UnicodeMap: /'Adobe-Identity-UCS'>, 36
DEBUG 2025-03-27 19:42:40,143 cmapdb get_unichr: <UnicodeMap: /'Adobe-Identity-UCS'>, 8
DEBUG 2025-03-27 19:42:40,144 cmapdb get_unichr: <UnicodeMap: /'Adobe-Identity-UCS'>, 35
DEBUG 2025-03-27 19:42:40,145 psparser nexttoken: (2535, /b'ET')
DEBUG 2025-03-27 19:42:40,145 psparser do_keyword: pos=2535, token=/b'ET', stack=[]
DEBUG 2025-03-27 19:42:40,145 psparser add_results: ((2535, /b'ET'),)
DEBUG 2025-03-27 19:42:40,146 psparser nextobject: (2535, /b'ET')
DEBUG 2025-03-27 19:42:40,146 pdfinterp exec: ET
DEBUG 2025-03-27 19:42:40,146 psparser nexttoken: (2538, /b'EMC')
DEBUG 2025-03-27 19:42:40,146 psparser do_keyword: pos=2538, token=/b'EMC', stack=[]
DEBUG 2025-03-27 19:42:40,146 psparser add_results: ((2538, /b'EMC'),)
DEBUG 2025-03-27 19:42:40,147 psparser nextobject: (2538, /b'EMC')
DEBUG 2025-03-27 19:42:40,147 pdfinterp exec: EMC
DEBUG 2025-03-27 19:42:40,147 psparser nexttoken: (2542, 0.8824)
DEBUG 2025-03-27 19:42:40,147 psparser add_results: ((2542, 0.8824),)
DEBUG 2025-03-27 19:42:40,147 psparser nextobject: (2542, 0.8824)
DEBUG 2025-03-27 19:42:40,148 psparser nexttoken: (2549, 0.9137)
DEBUG 2025-03-27 19:42:40,148 psparser add_results: ((2549, 0.9137),)
DEBUG 2025-03-27 19:42:40,148 psparser nextobject: (2549, 0.9137)
DEBUG 2025-03-27 19:42:40,148 psparser nexttoken: (2556, 0.9333)
DEBUG 2025-03-27 19:42:40,148 psparser add_results: ((2556, 0.9333),)
DEBUG 2025-03-27 19:42:40,148 psparser nextobject: (2556, 0.9333)
DEBUG 2025-03-27 19:42:40,148 psparser nexttoken: (2563, /b'rg')
DEBUG 2025-03-27 19:42:40,149 psparser do_keyword: pos=2563, token=/b'rg', stack=[]
DEBUG 2025-03-27 19:42:40,149 psparser add_results: ((2563, /b'rg'),)
DEBUG 2025-03-27 19:42:40,149 psparser nextobject: (2563, /b'rg')
DEBUG 2025-03-27 19:42:40,149 pdfinterp exec: rg [0.8824, 0.9137, 0.9333]
DEBUG 2025-03-27 19:42:40,149 psparser nexttoken: (2566, /'H1')
DEBUG 2025-03-27 19:42:40,149 psparser add_results: ((2566, /'H1'),)
DEBUG 2025-03-27 19:42:40,149 psparser nextobject: (2566, /'H1')
DEBUG 2025-03-27 19:42:40,150 psparser nexttoken: (2570, /b'<<')
DEBUG 2025-03-27 19:42:40,150 psparser start_type: pos=2570, type='d'
DEBUG 2025-03-27 19:42:40,150 psparser nexttoken: (2572, /'MCID')
DEBUG 2025-03-27 19:42:40,150 psparser nexttoken: (2578, 14)
DEBUG 2025-03-27 19:42:40,150 psparser nexttoken: (2580, /b'>>')
DEBUG 2025-03-27 19:42:40,150 psparser end_type: pos=2570, type='d', objs=[/'MCID', 14]
DEBUG 2025-03-27 19:42:40,151 psparser add_results: ((2570, {'MCID': 14}),)
DEBUG 2025-03-27 19:42:40,151 psparser nextobject: (2570, {'MCID': 14})
DEBUG 2025-03-27 19:42:40,151 psparser nexttoken: (2583, /b'BDC')
DEBUG 2025-03-27 19:42:40,151 psparser do_keyword: pos=2583, token=/b'BDC', stack=[]
DEBUG 2025-03-27 19:42:40,151 psparser add_results: ((2583, /b'BDC'),)
DEBUG 2025-03-27 19:42:40,151 psparser nextobject: (2583, /b'BDC')
DEBUG 2025-03-27 19:42:40,152 pdfinterp exec: BDC [/'H1', {'MCID': 14}]
DEBUG 2025-03-27 19:42:40,152 psparser nexttoken: (2587, /b'BT')
DEBUG 2025-03-27 19:42:40,152 psparser do_keyword: pos=2587, token=/b'BT', stack=[]
DEBUG 2025-03-27 19:42:40,152 psparser add_results: ((2587, /b'BT'),)
DEBUG 2025-03-27 19:42:40,152 psparser nextobject: (2587, /b'BT')
DEBUG 2025-03-27 19:42:40,152 pdfinterp exec: BT
DEBUG 2025-03-27 19:42:40,152 psparser nexttoken: (2590, /'F15')
DEBUG 2025-03-27 19:42:40,152 psparser add_results: ((2590, /'F15'),)
DEBUG 2025-03-27 19:42:40,153 psparser nextobject: (2590, /'F15')
DEBUG 2025-03-27 19:42:40,153 psparser nexttoken: (2595, 13)
DEBUG 2025-03-27 19:42:40,153 psparser add_results: ((2595, 13),)
DEBUG 2025-03-27 19:42:40,153 psparser nextobject: (2595, 13)
DEBUG 2025-03-27 19:42:40,153 psparser nexttoken: (2598, /b'Tf')
DEBUG 2025-03-27 19:42:40,153 psparser do_keyword: pos=2598, token=/b'Tf', stack=[]
DEBUG 2025-03-27 19:42:40,153 psparser add_results: ((2598, /b'Tf'),)
DEBUG 2025-03-27 19:42:40,153 psparser nextobject: (2598, /b'Tf')
DEBUG 2025-03-27 19:42:40,153 pdfinterp exec: Tf [/'F15', 13]
DEBUG 2025-03-27 19:42:40,153 psparser nexttoken: (2601, 1)
DEBUG 2025-03-27 19:42:40,153 psparser add_results: ((2601, 1),)
DEBUG 2025-03-27 19:42:40,155 psparser nextobject: (2601, 1)
DEBUG 2025-03-27 19:42:40,155 psparser nexttoken: (2603, 0)
DEBUG 2025-03-27 19:42:40,155 psparser add_results: ((2603, 0),)
DEBUG 2025-03-27 19:42:40,155 psparser nextobject: (2603, 0)
DEBUG 2025-03-27 19:42:40,155 psparser nexttoken: (2605, 0)
DEBUG 2025-03-27 19:42:40,156 psparser add_results: ((2605, 0),)
DEBUG 2025-03-27 19:42:40,156 psparser nextobject: (2605, 0)
DEBUG 2025-03-27 19:42:40,156 psparser nexttoken: (2607, -1)
DEBUG 2025-03-27 19:42:40,156 psparser add_results: ((2607, -1),)
DEBUG 2025-03-27 19:42:40,156 psparser nextobject: (2607, -1)
DEBUG 2025-03-27 19:42:40,156 psparser nexttoken: (2610, 0)
DEBUG 2025-03-27 19:42:40,156 psparser add_results: ((2610, 0),)
DEBUG 2025-03-27 19:42:40,156 psparser nextobject: (2610, 0)
DEBUG 2025-03-27 19:42:40,157 psparser nexttoken: (2612, 244.4730072)
DEBUG 2025-03-27 19:42:40,157 psparser add_results: ((2612, 244.4730072),)
DEBUG 2025-03-27 19:42:40,157 psparser nextobject: (2612, 244.4730072)
DEBUG 2025-03-27 19:42:40,158 psparser nexttoken: (2624, /b'Tm')
DEBUG 2025-03-27 19:42:40,158 psparser do_keyword: pos=2624, token=/b'Tm', stack=[]
DEBUG 2025-03-27 19:42:40,158 psparser add_results: ((2624, /b'Tm'),)
DEBUG 2025-03-27 19:42:40,158 psparser nextobject: (2624, /b'Tm')
DEBUG 2025-03-27 19:42:40,158 pdfinterp exec: Tm [1, 0, 0, -1, 0, 244.4730072]
DEBUG 2025-03-27 19:42:40,159 psparser nexttoken: (2627, /b'[')
DEBUG 2025-03-27 19:42:40,159 psparser start_type: pos=2627, type='a'
DEBUG 2025-03-27 19:42:40,159 psparser nexttoken: (2628, b'\x00\x03\x00\x0e\x00\x0f\x00\x06\x00$\x000\x00$\x00\x08\x00\x07\x00\x06\x00$\x00\x04\x00\x05\x00#')
DEBUG 2025-03-27 19:42:40,159 psparser nexttoken: (2686, /b']')
DEBUG 2025-03-27 19:42:40,161 psparser end_type: pos=2627, type='a', objs=[b'\x00\x03\x00\x0e\x00\x0f\x00\x06\x00$\x000\x00$\x00\x08\x00\x07\x00\x06\x00$\x00\x04\x00\x05\x00#']
DEBUG 2025-03-27 19:42:40,161 psparser add_results: ((2627, [b'\x00\x03\x00\x0e\x00\x0f\x00\x06\x00$\x000\x00$\x00\x08\x00\x07\x00\x06\x00$\x00\x04\x00\x05\x00#']),)
DEBUG 2025-03-27 19:42:40,161 psparser nextobject: (2627, [b'\x00\x03\x00\x0e\x00\x0f\x00\x06\x00$\x000\x00$\x00\x08\x00\x07\x00\x06\x00$\x00\x04\x00\x05\x00#'])
DEBUG 2025-03-27 19:42:40,162 psparser nexttoken: (2688, /b'TJ')
DEBUG 2025-03-27 19:42:40,162 psparser do_keyword: pos=2688, token=/b'TJ', stack=[]
DEBUG 2025-03-27 19:42:40,162 psparser add_results: ((2688, /b'TJ'),)
DEBUG 2025-03-27 19:42:40,163 psparser nextobject: (2688, /b'TJ')
DEBUG 2025-03-27 19:42:40,163 pdfinterp exec: TJ [[b'\x00\x03\x00\x0e\x00\x0f\x00\x06\x00$\x000\x00$\x00\x08\x00\x07\x00\x06\x00$\x00\x04\x00\x05\x00#']]
DEBUG 2025-03-27 19:42:40,163 cmapdb get_unichr: <UnicodeMap: /'Adobe-Identity-UCS'>, 3
DEBUG 2025-03-27 19:42:40,163 cmapdb get_unichr: <UnicodeMap: /'Adobe-Identity-UCS'>, 14
DEBUG 2025-03-27 19:42:40,163 cmapdb get_unichr: <UnicodeMap: /'Adobe-Identity-UCS'>, 15
DEBUG 2025-03-27 19:42:40,163 cmapdb get_unichr: <UnicodeMap: /'Adobe-Identity-UCS'>, 6
DEBUG 2025-03-27 19:42:40,164 cmapdb get_unichr: <UnicodeMap: /'Adobe-Identity-UCS'>, 36
DEBUG 2025-03-27 19:42:40,164 cmapdb get_unichr: <UnicodeMap: /'Adobe-Identity-UCS'>, 48
DEBUG 2025-03-27 19:42:40,164 cmapdb get_unichr: <UnicodeMap: /'Adobe-Identity-UCS'>, 36
DEBUG 2025-03-27 19:42:40,164 cmapdb get_unichr: <UnicodeMap: /'Adobe-Identity-UCS'>, 8
DEBUG 2025-03-27 19:42:40,164 cmapdb get_unichr: <UnicodeMap: /'Adobe-Identity-UCS'>, 7
DEBUG 2025-03-27 19:42:40,165 cmapdb get_unichr: <UnicodeMap: /'Adobe-Identity-UCS'>, 6
DEBUG 2025-03-27 19:42:40,165 cmapdb get_unichr: <UnicodeMap: /'Adobe-Identity-UCS'>, 36
DEBUG 2025-03-27 19:42:40,165 cmapdb get_unichr: <UnicodeMap: /'Adobe-Identity-UCS'>, 4
DEBUG 2025-03-27 19:42:40,165 cmapdb get_unichr: <UnicodeMap: /'Adobe-Identity-UCS'>, 5
DEBUG 2025-03-27 19:42:40,165 cmapdb get_unichr: <UnicodeMap: /'Adobe-Identity-UCS'>, 35
DEBUG 2025-03-27 19:42:40,165 psparser nexttoken: (2691, /b'ET')
DEBUG 2025-03-27 19:42:40,166 psparser do_keyword: pos=2691, token=/b'ET', stack=[]
DEBUG 2025-03-27 19:42:40,166 psparser add_results: ((2691, /b'ET'),)
DEBUG 2025-03-27 19:42:40,166 psparser nextobject: (2691, /b'ET')
DEBUG 2025-03-27 19:42:40,166 pdfinterp exec: ET
DEBUG 2025-03-27 19:42:40,166 psparser nexttoken: (2694, /b'EMC')
DEBUG 2025-03-27 19:42:40,166 psparser do_keyword: pos=2694, token=/b'EMC', stack=[]
DEBUG 2025-03-27 19:42:40,166 psparser add_results: ((2694, /b'EMC'),)
DEBUG 2025-03-27 19:42:40,166 psparser nextobject: (2694, /b'EMC')
DEBUG 2025-03-27 19:42:40,167 pdfinterp exec: EMC
DEBUG 2025-03-27 19:42:40,167 psparser nexttoken: (2698, 1)
DEBUG 2025-03-27 19:42:40,167 psparser add_results: ((2698, 1),)
DEBUG 2025-03-27 19:42:40,167 psparser nextobject: (2698, 1)
DEBUG 2025-03-27 19:42:40,167 psparser nexttoken: (2700, /b'g')
DEBUG 2025-03-27 19:42:40,167 psparser do_keyword: pos=2700, token=/b'g', stack=[]
DEBUG 2025-03-27 19:42:40,167 psparser add_results: ((2700, /b'g'),)
DEBUG 2025-03-27 19:42:40,167 psparser nextobject: (2700, /b'g')
DEBUG 2025-03-27 19:42:40,167 pdfinterp exec: g [1]
DEBUG 2025-03-27 19:42:40,167 psparser nexttoken: (2702, /'Span')
DEBUG 2025-03-27 19:42:40,168 psparser add_results: ((2702, /'Span'),)
DEBUG 2025-03-27 19:42:40,168 psparser nextobject: (2702, /'Span')
DEBUG 2025-03-27 19:42:40,169 psparser nexttoken: (2708, /b'<<')
DEBUG 2025-03-27 19:42:40,169 psparser start_type: pos=2708, type='d'
DEBUG 2025-03-27 19:42:40,169 psparser nexttoken: (2710, /'MCID')
DEBUG 2025-03-27 19:42:40,169 psparser nexttoken: (2716, 15)
DEBUG 2025-03-27 19:42:40,169 psparser nexttoken: (2718, /b'>>')
DEBUG 2025-03-27 19:42:40,169 psparser end_type: pos=2708, type='d', objs=[/'MCID', 15]
DEBUG 2025-03-27 19:42:40,169 psparser add_results: ((2708, {'MCID': 15}),)
DEBUG 2025-03-27 19:42:40,170 psparser nextobject: (2708, {'MCID': 15})
DEBUG 2025-03-27 19:42:40,170 psparser nexttoken: (2721, /b'BDC')
DEBUG 2025-03-27 19:42:40,170 psparser do_keyword: pos=2721, token=/b'BDC', stack=[]
DEBUG 2025-03-27 19:42:40,170 psparser add_results: ((2721, /b'BDC'),)
DEBUG 2025-03-27 19:42:40,170 psparser nextobject: (2721, /b'BDC')
DEBUG 2025-03-27 19:42:40,170 pdfinterp exec: BDC [/'Span', {'MCID': 15}]
DEBUG 2025-03-27 19:42:40,170 psparser nexttoken: (2725, /b'BT')
DEBUG 2025-03-27 19:42:40,170 psparser do_keyword: pos=2725, token=/b'BT', stack=[]
DEBUG 2025-03-27 19:42:40,171 psparser add_results: ((2725, /b'BT'),)
DEBUG 2025-03-27 19:42:40,171 psparser nextobject: (2725, /b'BT')
DEBUG 2025-03-27 19:42:40,171 pdfinterp exec: BT
DEBUG 2025-03-27 19:42:40,171 psparser nexttoken: (2728, /'F15')
DEBUG 2025-03-27 19:42:40,171 psparser add_results: ((2728, /'F15'),)
DEBUG 2025-03-27 19:42:40,171 psparser nextobject: (2728, /'F15')
DEBUG 2025-03-27 19:42:40,171 psparser nexttoken: (2733, 10.5)
DEBUG 2025-03-27 19:42:40,173 psparser add_results: ((2733, 10.5),)
DEBUG 2025-03-27 19:42:40,173 psparser nextobject: (2733, 10.5)
DEBUG 2025-03-27 19:42:40,174 psparser nexttoken: (2738, /b'Tf')
DEBUG 2025-03-27 19:42:40,174 psparser do_keyword: pos=2738, token=/b'Tf', stack=[]
DEBUG 2025-03-27 19:42:40,174 psparser add_results: ((2738, /b'Tf'),)
DEBUG 2025-03-27 19:42:40,174 psparser nextobject: (2738, /b'Tf')
DEBUG 2025-03-27 19:42:40,174 pdfinterp exec: Tf [/'F15', 10.5]
DEBUG 2025-03-27 19:42:40,175 psparser nexttoken: (2741, 1)
DEBUG 2025-03-27 19:42:40,175 psparser add_results: ((2741, 1),)
DEBUG 2025-03-27 19:42:40,175 psparser nextobject: (2741, 1)
DEBUG 2025-03-27 19:42:40,175 psparser nexttoken: (2743, 0)
DEBUG 2025-03-27 19:42:40,175 psparser add_results: ((2743, 0),)
DEBUG 2025-03-27 19:42:40,175 psparser nextobject: (2743, 0)
DEBUG 2025-03-27 19:42:40,175 psparser nexttoken: (2745, 0)
DEBUG 2025-03-27 19:42:40,176 psparser add_results: ((2745, 0),)
DEBUG 2025-03-27 19:42:40,176 psparser nextobject: (2745, 0)
DEBUG 2025-03-27 19:42:40,176 psparser nexttoken: (2747, -1)
DEBUG 2025-03-27 19:42:40,177 psparser add_results: ((2747, -1),)
DEBUG 2025-03-27 19:42:40,177 psparser nextobject: (2747, -1)
DEBUG 2025-03-27 19:42:40,177 psparser nexttoken: (2750, 0)
DEBUG 2025-03-27 19:42:40,177 psparser add_results: ((2750, 0),)
DEBUG 2025-03-27 19:42:40,179 psparser nextobject: (2750, 0)
DEBUG 2025-03-27 19:42:40,179 psparser nexttoken: (2752, 263.92498779)
DEBUG 2025-03-27 19:42:40,180 psparser add_results: ((2752, 263.92498779),)
DEBUG 2025-03-27 19:42:40,180 psparser nextobject: (2752, 263.92498779)
DEBUG 2025-03-27 19:42:40,180 psparser nexttoken: (2765, /b'Tm')
DEBUG 2025-03-27 19:42:40,180 psparser do_keyword: pos=2765, token=/b'Tm', stack=[]
DEBUG 2025-03-27 19:42:40,180 psparser add_results: ((2765, /b'Tm'),)
DEBUG 2025-03-27 19:42:40,180 psparser nextobject: (2765, /b'Tm')
DEBUG 2025-03-27 19:42:40,180 pdfinterp exec: Tm [1, 0, 0, -1, 0, 263.92498779]
DEBUG 2025-03-27 19:42:40,181 psparser nexttoken: (2768, /b'[')
DEBUG 2025-03-27 19:42:40,181 psparser start_type: pos=2768, type='a'
DEBUG 2025-03-27 19:42:40,181 psparser nexttoken: (2769, b'\x001\x00\x15\x00\x06\x00%\x00\x04\x00\x05')
DEBUG 2025-03-27 19:42:40,181 psparser nexttoken: (2795, /b']')
DEBUG 2025-03-27 19:42:40,181 psparser end_type: pos=2768, type='a', objs=[b'\x001\x00\x15\x00\x06\x00%\x00\x04\x00\x05']
DEBUG 2025-03-27 19:42:40,181 psparser add_results: ((2768, [b'\x001\x00\x15\x00\x06\x00%\x00\x04\x00\x05']),)
DEBUG 2025-03-27 19:42:40,181 psparser nextobject: (2768, [b'\x001\x00\x15\x00\x06\x00%\x00\x04\x00\x05'])
DEBUG 2025-03-27 19:42:40,183 psparser nexttoken: (2797, /b'TJ')
DEBUG 2025-03-27 19:42:40,183 psparser do_keyword: pos=2797, token=/b'TJ', stack=[]
DEBUG 2025-03-27 19:42:40,183 psparser add_results: ((2797, /b'TJ'),)
DEBUG 2025-03-27 19:42:40,183 psparser nextobject: (2797, /b'TJ')
DEBUG 2025-03-27 19:42:40,183 pdfinterp exec: TJ [[b'\x001\x00\x15\x00\x06\x00%\x00\x04\x00\x05']]
DEBUG 2025-03-27 19:42:40,183 cmapdb get_unichr: <UnicodeMap: /'Adobe-Identity-UCS'>, 49
DEBUG 2025-03-27 19:42:40,184 cmapdb get_unichr: <UnicodeMap: /'Adobe-Identity-UCS'>, 21
DEBUG 2025-03-27 19:42:40,184 cmapdb get_unichr: <UnicodeMap: /'Adobe-Identity-UCS'>, 6
DEBUG 2025-03-27 19:42:40,184 cmapdb get_unichr: <UnicodeMap: /'Adobe-Identity-UCS'>, 37
DEBUG 2025-03-27 19:42:40,184 cmapdb get_unichr: <UnicodeMap: /'Adobe-Identity-UCS'>, 4
DEBUG 2025-03-27 19:42:40,184 cmapdb get_unichr: <UnicodeMap: /'Adobe-Identity-UCS'>, 5
DEBUG 2025-03-27 19:42:40,184 psparser nexttoken: (2800, /b'ET')
DEBUG 2025-03-27 19:42:40,184 psparser do_keyword: pos=2800, token=/b'ET', stack=[]
DEBUG 2025-03-27 19:42:40,185 psparser add_results: ((2800, /b'ET'),)
DEBUG 2025-03-27 19:42:40,185 psparser nextobject: (2800, /b'ET')
DEBUG 2025-03-27 19:42:40,185 pdfinterp exec: ET
DEBUG 2025-03-27 19:42:40,185 psparser nexttoken: (2803, /b'EMC')
DEBUG 2025-03-27 19:42:40,185 psparser do_keyword: pos=2803, token=/b'EMC', stack=[]
DEBUG 2025-03-27 19:42:40,185 psparser add_results: ((2803, /b'EMC'),)
DEBUG 2025-03-27 19:42:40,185 psparser nextobject: (2803, /b'EMC')
DEBUG 2025-03-27 19:42:40,185 pdfinterp exec: EMC
DEBUG 2025-03-27 19:42:40,185 psparser nexttoken: (2807, /b'Q')
DEBUG 2025-03-27 19:42:40,185 psparser do_keyword: pos=2807, token=/b'Q', stack=[]
DEBUG 2025-03-27 19:42:40,185 psparser add_results: ((2807, /b'Q'),)
DEBUG 2025-03-27 19:42:40,186 psparser nextobject: (2807, /b'Q')
DEBUG 2025-03-27 19:42:40,186 pdfinterp exec: Q
DEBUG 2025-03-27 19:42:40,186 psparser nexttoken: (2809, /b'q')
DEBUG 2025-03-27 19:42:40,186 psparser do_keyword: pos=2809, token=/b'q', stack=[]
DEBUG 2025-03-27 19:42:40,186 psparser add_results: ((2809, /b'q'),)
DEBUG 2025-03-27 19:42:40,186 psparser nextobject: (2809, /b'q')
DEBUG 2025-03-27 19:42:40,186 pdfinterp exec: q
DEBUG 2025-03-27 19:42:40,186 psparser nexttoken: (2811, 1)
DEBUG 2025-03-27 19:42:40,186 psparser add_results: ((2811, 1),)
DEBUG 2025-03-27 19:42:40,186 psparser nextobject: (2811, 1)
DEBUG 2025-03-27 19:42:40,186 psparser nexttoken: (2813, 0)
DEBUG 2025-03-27 19:42:40,186 psparser add_results: ((2813, 0),)
DEBUG 2025-03-27 19:42:40,187 psparser nextobject: (2813, 0)
DEBUG 2025-03-27 19:42:40,187 psparser nexttoken: (2815, 0)
DEBUG 2025-03-27 19:42:40,187 psparser add_results: ((2815, 0),)
DEBUG 2025-03-27 19:42:40,187 psparser nextobject: (2815, 0)
DEBUG 2025-03-27 19:42:40,187 psparser nexttoken: (2817, 1)
DEBUG 2025-03-27 19:42:40,187 psparser add_results: ((2817, 1),)
DEBUG 2025-03-27 19:42:40,187 psparser nextobject: (2817, 1)
DEBUG 2025-03-27 19:42:40,187 psparser nexttoken: (2819, 223.56)
DEBUG 2025-03-27 19:42:40,187 psparser add_results: ((2819, 223.56),)
DEBUG 2025-03-27 19:42:40,188 psparser nextobject: (2819, 223.56)
DEBUG 2025-03-27 19:42:40,188 psparser nexttoken: (2826, 0)
DEBUG 2025-03-27 19:42:40,188 psparser add_results: ((2826, 0),)
DEBUG 2025-03-27 19:42:40,188 psparser nextobject: (2826, 0)
DEBUG 2025-03-27 19:42:40,188 psparser nexttoken: (2828, /b'cm')
DEBUG 2025-03-27 19:42:40,189 psparser do_keyword: pos=2828, token=/b'cm', stack=[]
DEBUG 2025-03-27 19:42:40,189 psparser add_results: ((2828, /b'cm'),)
DEBUG 2025-03-27 19:42:40,189 psparser nextobject: (2828, /b'cm')
DEBUG 2025-03-27 19:42:40,189 pdfinterp exec: cm [1, 0, 0, 1, 223.56, 0]
DEBUG 2025-03-27 19:42:40,189 psparser nexttoken: (2831, 0.098)
DEBUG 2025-03-27 19:42:40,190 psparser add_results: ((2831, 0.098),)
DEBUG 2025-03-27 19:42:40,190 psparser nextobject: (2831, 0.098)
DEBUG 2025-03-27 19:42:40,190 psparser nexttoken: (2837, /b'g')
DEBUG 2025-03-27 19:42:40,190 psparser do_keyword: pos=2837, token=/b'g', stack=[]
DEBUG 2025-03-27 19:42:40,191 psparser add_results: ((2837, /b'g'),)
DEBUG 2025-03-27 19:42:40,191 psparser nextobject: (2837, /b'g')
DEBUG 2025-03-27 19:42:40,191 pdfinterp exec: g [0.098]
DEBUG 2025-03-27 19:42:40,191 psparser nexttoken: (2839, /'H1')
DEBUG 2025-03-27 19:42:40,191 psparser add_results: ((2839, /'H1'),)
DEBUG 2025-03-27 19:42:40,191 psparser nextobject: (2839, /'H1')
DEBUG 2025-03-27 19:42:40,191 psparser nexttoken: (2843, /b'<<')
DEBUG 2025-03-27 19:42:40,192 psparser start_type: pos=2843, type='d'
DEBUG 2025-03-27 19:42:40,192 psparser nexttoken: (2845, /'MCID')
DEBUG 2025-03-27 19:42:40,192 psparser nexttoken: (2851, 16)
DEBUG 2025-03-27 19:42:40,192 psparser nexttoken: (2853, /b'>>')
DEBUG 2025-03-27 19:42:40,192 psparser end_type: pos=2843, type='d', objs=[/'MCID', 16]
DEBUG 2025-03-27 19:42:40,193 psparser add_results: ((2843, {'MCID': 16}),)
DEBUG 2025-03-27 19:42:40,193 psparser nextobject: (2843, {'MCID': 16})
DEBUG 2025-03-27 19:42:40,193 psparser nexttoken: (2856, /b'BDC')
DEBUG 2025-03-27 19:42:40,194 psparser do_keyword: pos=2856, token=/b'BDC', stack=[]
DEBUG 2025-03-27 19:42:40,194 psparser add_results: ((2856, /b'BDC'),)
DEBUG 2025-03-27 19:42:40,195 psparser nextobject: (2856, /b'BDC')
DEBUG 2025-03-27 19:42:40,195 pdfinterp exec: BDC [/'H1', {'MCID': 16}]
DEBUG 2025-03-27 19:42:40,195 psparser nexttoken: (2860, /b'BT')
DEBUG 2025-03-27 19:42:40,195 psparser do_keyword: pos=2860, token=/b'BT', stack=[]
DEBUG 2025-03-27 19:42:40,195 psparser add_results: ((2860, /b'BT'),)
DEBUG 2025-03-27 19:42:40,195 psparser nextobject: (2860, /b'BT')
DEBUG 2025-03-27 19:42:40,195 pdfinterp exec: BT
DEBUG 2025-03-27 19:42:40,195 psparser nexttoken: (2863, /'F15')
DEBUG 2025-03-27 19:42:40,195 psparser add_results: ((2863, /'F15'),)
DEBUG 2025-03-27 19:42:40,196 psparser nextobject: (2863, /'F15')
DEBUG 2025-03-27 19:42:40,196 psparser nexttoken: (2868, 26)
DEBUG 2025-03-27 19:42:40,196 psparser add_results: ((2868, 26),)
DEBUG 2025-03-27 19:42:40,196 psparser nextobject: (2868, 26)
DEBUG 2025-03-27 19:42:40,196 psparser nexttoken: (2871, /b'Tf')
DEBUG 2025-03-27 19:42:40,197 psparser do_keyword: pos=2871, token=/b'Tf', stack=[]
DEBUG 2025-03-27 19:42:40,197 psparser add_results: ((2871, /b'Tf'),)
DEBUG 2025-03-27 19:42:40,197 psparser nextobject: (2871, /b'Tf')
DEBUG 2025-03-27 19:42:40,197 pdfinterp exec: Tf [/'F15', 26]
DEBUG 2025-03-27 19:42:40,197 psparser nexttoken: (2874, 1)
DEBUG 2025-03-27 19:42:40,198 psparser add_results: ((2874, 1),)
DEBUG 2025-03-27 19:42:40,198 psparser nextobject: (2874, 1)
DEBUG 2025-03-27 19:42:40,198 psparser nexttoken: (2876, 0)
DEBUG 2025-03-27 19:42:40,198 psparser add_results: ((2876, 0),)
DEBUG 2025-03-27 19:42:40,198 psparser nextobject: (2876, 0)
DEBUG 2025-03-27 19:42:40,199 psparser nexttoken: (2878, 0)
DEBUG 2025-03-27 19:42:40,199 psparser add_results: ((2878, 0),)
DEBUG 2025-03-27 19:42:40,199 psparser nextobject: (2878, 0)
DEBUG 2025-03-27 19:42:40,199 psparser nexttoken: (2880, -1)
DEBUG 2025-03-27 19:42:40,199 psparser add_results: ((2880, -1),)
DEBUG 2025-03-27 19:42:40,200 psparser nextobject: (2880, -1)
DEBUG 2025-03-27 19:42:40,200 psparser nexttoken: (2883, 0)
DEBUG 2025-03-27 19:42:40,201 psparser add_results: ((2883, 0),)
DEBUG 2025-03-27 19:42:40,201 psparser nextobject: (2883, 0)
DEBUG 2025-03-27 19:42:40,201 psparser nexttoken: (2885, 22.34700012)
DEBUG 2025-03-27 19:42:40,202 psparser add_results: ((2885, 22.34700012),)
DEBUG 2025-03-27 19:42:40,202 psparser nextobject: (2885, 22.34700012)
DEBUG 2025-03-27 19:42:40,202 psparser nexttoken: (2897, /b'Tm')
DEBUG 2025-03-27 19:42:40,202 psparser do_keyword: pos=2897, token=/b'Tm', stack=[]
DEBUG 2025-03-27 19:42:40,202 psparser add_results: ((2897, /b'Tm'),)
DEBUG 2025-03-27 19:42:40,203 psparser nextobject: (2897, /b'Tm')
DEBUG 2025-03-27 19:42:40,203 pdfinterp exec: Tm [1, 0, 0, -1, 0, 22.34700012]
DEBUG 2025-03-27 19:42:40,203 psparser nexttoken: (2900, /b'[')
DEBUG 2025-03-27 19:42:40,203 psparser start_type: pos=2900, type='a'
DEBUG 2025-03-27 19:42:40,203 psparser nexttoken: (2901, b'\x002\x00\x16\x00#\x00%\x00\x07\x00&\x00\x0f\x00\x07\x00\x01\x00\r\x00\x07\x00)\x00\x0e\x00\x05\x00\x07')
DEBUG 2025-03-27 19:42:40,204 psparser nexttoken: (2963, /b']')
DEBUG 2025-03-27 19:42:40,204 psparser end_type: pos=2900, type='a', objs=[b'\x002\x00\x16\x00#\x00%\x00\x07\x00&\x00\x0f\x00\x07\x00\x01\x00\r\x00\x07\x00)\x00\x0e\x00\x05\x00\x07']
DEBUG 2025-03-27 19:42:40,204 psparser add_results: ((2900, [b'\x002\x00\x16\x00#\x00%\x00\x07\x00&\x00\x0f\x00\x07\x00\x01\x00\r\x00\x07\x00)\x00\x0e\x00\x05\x00\x07']),)
DEBUG 2025-03-27 19:42:40,204 psparser nextobject: (2900, [b'\x002\x00\x16\x00#\x00%\x00\x07\x00&\x00\x0f\x00\x07\x00\x01\x00\r\x00\x07\x00)\x00\x0e\x00\x05\x00\x07'])
DEBUG 2025-03-27 19:42:40,205 psparser nexttoken: (2965, /b'TJ')
DEBUG 2025-03-27 19:42:40,205 psparser do_keyword: pos=2965, token=/b'TJ', stack=[]
DEBUG 2025-03-27 19:42:40,205 psparser add_results: ((2965, /b'TJ'),)
DEBUG 2025-03-27 19:42:40,205 psparser nextobject: (2965, /b'TJ')
DEBUG 2025-03-27 19:42:40,206 pdfinterp exec: TJ [[b'\x002\x00\x16\x00#\x00%\x00\x07\x00&\x00\x0f\x00\x07\x00\x01\x00\r\x00\x07\x00)\x00\x0e\x00\x05\x00\x07']]
DEBUG 2025-03-27 19:42:40,206 cmapdb get_unichr: <UnicodeMap: /'Adobe-Identity-UCS'>, 50
DEBUG 2025-03-27 19:42:40,206 cmapdb get_unichr: <UnicodeMap: /'Adobe-Identity-UCS'>, 22
DEBUG 2025-03-27 19:42:40,206 cmapdb get_unichr: <UnicodeMap: /'Adobe-Identity-UCS'>, 35
DEBUG 2025-03-27 19:42:40,207 cmapdb get_unichr: <UnicodeMap: /'Adobe-Identity-UCS'>, 37
DEBUG 2025-03-27 19:42:40,207 cmapdb get_unichr: <UnicodeMap: /'Adobe-Identity-UCS'>, 7
DEBUG 2025-03-27 19:42:40,207 cmapdb get_unichr: <UnicodeMap: /'Adobe-Identity-UCS'>, 38
DEBUG 2025-03-27 19:42:40,208 cmapdb get_unichr: <UnicodeMap: /'Adobe-Identity-UCS'>, 15
DEBUG 2025-03-27 19:42:40,208 cmapdb get_unichr: <UnicodeMap: /'Adobe-Identity-UCS'>, 7
DEBUG 2025-03-27 19:42:40,208 cmapdb get_unichr: <UnicodeMap: /'Adobe-Identity-UCS'>, 1
DEBUG 2025-03-27 19:42:40,209 cmapdb get_unichr: <UnicodeMap: /'Adobe-Identity-UCS'>, 13
DEBUG 2025-03-27 19:42:40,209 cmapdb get_unichr: <UnicodeMap: /'Adobe-Identity-UCS'>, 7
DEBUG 2025-03-27 19:42:40,211 cmapdb get_unichr: <UnicodeMap: /'Adobe-Identity-UCS'>, 41
DEBUG 2025-03-27 19:42:40,213 cmapdb get_unichr: <UnicodeMap: /'Adobe-Identity-UCS'>, 14
DEBUG 2025-03-27 19:42:40,213 cmapdb get_unichr: <UnicodeMap: /'Adobe-Identity-UCS'>, 5
DEBUG 2025-03-27 19:42:40,213 cmapdb get_unichr: <UnicodeMap: /'Adobe-Identity-UCS'>, 7
DEBUG 2025-03-27 19:42:40,213 psparser nexttoken: (2968, /b'ET')
DEBUG 2025-03-27 19:42:40,213 psparser do_keyword: pos=2968, token=/b'ET', stack=[]
DEBUG 2025-03-27 19:42:40,213 psparser add_results: ((2968, /b'ET'),)
DEBUG 2025-03-27 19:42:40,214 psparser nextobject: (2968, /b'ET')
DEBUG 2025-03-27 19:42:40,214 pdfinterp exec: ET
DEBUG 2025-03-27 19:42:40,214 psparser nexttoken: (2971, /b'EMC')
DEBUG 2025-03-27 19:42:40,214 psparser do_keyword: pos=2971, token=/b'EMC', stack=[]
DEBUG 2025-03-27 19:42:40,215 psparser add_results: ((2971, /b'EMC'),)
DEBUG 2025-03-27 19:42:40,215 psparser nextobject: (2971, /b'EMC')
DEBUG 2025-03-27 19:42:40,215 pdfinterp exec: EMC
DEBUG 2025-03-27 19:42:40,215 psparser nexttoken: (2975, /'P')
DEBUG 2025-03-27 19:42:40,215 psparser add_results: ((2975, /'P'),)
DEBUG 2025-03-27 19:42:40,215 psparser nextobject: (2975, /'P')
DEBUG 2025-03-27 19:42:40,215 psparser nexttoken: (2978, /b'<<')
DEBUG 2025-03-27 19:42:40,215 psparser start_type: pos=2978, type='d'
DEBUG 2025-03-27 19:42:40,216 psparser nexttoken: (2980, /'MCID')
DEBUG 2025-03-27 19:42:40,216 psparser nexttoken: (2986, 17)
DEBUG 2025-03-27 19:42:40,216 psparser nexttoken: (2988, /b'>>')
DEBUG 2025-03-27 19:42:40,216 psparser end_type: pos=2978, type='d', objs=[/'MCID', 17]
DEBUG 2025-03-27 19:42:40,216 psparser add_results: ((2978, {'MCID': 17}),)
DEBUG 2025-03-27 19:42:40,216 psparser nextobject: (2978, {'MCID': 17})
DEBUG 2025-03-27 19:42:40,216 psparser nexttoken: (2991, /b'BDC')
DEBUG 2025-03-27 19:42:40,216 psparser do_keyword: pos=2991, token=/b'BDC', stack=[]
DEBUG 2025-03-27 19:42:40,216 psparser add_results: ((2991, /b'BDC'),)
DEBUG 2025-03-27 19:42:40,217 psparser nextobject: (2991, /b'BDC')
DEBUG 2025-03-27 19:42:40,217 pdfinterp exec: BDC [/'P', {'MCID': 17}]
DEBUG 2025-03-27 19:42:40,217 psparser nexttoken: (2995, /b'BT')
DEBUG 2025-03-27 19:42:40,217 psparser do_keyword: pos=2995, token=/b'BT', stack=[]
DEBUG 2025-03-27 19:42:40,217 psparser add_results: ((2995, /b'BT'),)
DEBUG 2025-03-27 19:42:40,217 psparser nextobject: (2995, /b'BT')
DEBUG 2025-03-27 19:42:40,217 pdfinterp exec: BT
DEBUG 2025-03-27 19:42:40,217 psparser nexttoken: (2998, /'F15')
DEBUG 2025-03-27 19:42:40,217 psparser add_results: ((2998, /'F15'),)
DEBUG 2025-03-27 19:42:40,217 psparser nextobject: (2998, /'F15')
DEBUG 2025-03-27 19:42:40,217 psparser nexttoken: (3003, 12)
DEBUG 2025-03-27 19:42:40,217 psparser add_results: ((3003, 12),)
DEBUG 2025-03-27 19:42:40,217 psparser nextobject: (3003, 12)
DEBUG 2025-03-27 19:42:40,217 psparser nexttoken: (3006, /b'Tf')
DEBUG 2025-03-27 19:42:40,217 psparser do_keyword: pos=3006, token=/b'Tf', stack=[]
DEBUG 2025-03-27 19:42:40,218 psparser add_results: ((3006, /b'Tf'),)
DEBUG 2025-03-27 19:42:40,218 psparser nextobject: (3006, /b'Tf')
DEBUG 2025-03-27 19:42:40,218 pdfinterp exec: Tf [/'F15', 12]
DEBUG 2025-03-27 19:42:40,218 psparser nexttoken: (3009, 1)
DEBUG 2025-03-27 19:42:40,218 psparser add_results: ((3009, 1),)
DEBUG 2025-03-27 19:42:40,218 psparser nextobject: (3009, 1)
DEBUG 2025-03-27 19:42:40,219 psparser nexttoken: (3011, 0)
DEBUG 2025-03-27 19:42:40,219 psparser add_results: ((3011, 0),)
DEBUG 2025-03-27 19:42:40,219 psparser nextobject: (3011, 0)
DEBUG 2025-03-27 19:42:40,220 psparser nexttoken: (3013, 0)
DEBUG 2025-03-27 19:42:40,220 psparser add_results: ((3013, 0),)
DEBUG 2025-03-27 19:42:40,220 psparser nextobject: (3013, 0)
DEBUG 2025-03-27 19:42:40,220 psparser nexttoken: (3015, -1)
DEBUG 2025-03-27 19:42:40,220 psparser add_results: ((3015, -1),)
DEBUG 2025-03-27 19:42:40,220 psparser nextobject: (3015, -1)
DEBUG 2025-03-27 19:42:40,220 psparser nexttoken: (3018, 0)
DEBUG 2025-03-27 19:42:40,220 psparser add_results: ((3018, 0),)
DEBUG 2025-03-27 19:42:40,220 psparser nextobject: (3018, 0)
DEBUG 2025-03-27 19:42:40,220 psparser nexttoken: (3020, 43.51399994)
DEBUG 2025-03-27 19:42:40,220 psparser add_results: ((3020, 43.51399994),)
DEBUG 2025-03-27 19:42:40,222 psparser nextobject: (3020, 43.51399994)
DEBUG 2025-03-27 19:42:40,222 psparser nexttoken: (3032, /b'Tm')
DEBUG 2025-03-27 19:42:40,222 psparser do_keyword: pos=3032, token=/b'Tm', stack=[]
DEBUG 2025-03-27 19:42:40,222 psparser add_results: ((3032, /b'Tm'),)
DEBUG 2025-03-27 19:42:40,222 psparser nextobject: (3032, /b'Tm')
DEBUG 2025-03-27 19:42:40,222 pdfinterp exec: Tm [1, 0, 0, -1, 0, 43.51399994]
DEBUG 2025-03-27 19:42:40,222 psparser nexttoken: (3035, /b'[')
DEBUG 2025-03-27 19:42:40,222 psparser start_type: pos=3035, type='a'
DEBUG 2025-03-27 19:42:40,224 psparser nexttoken: (3036, b'\x00\t\x00\x05\x00&\x00$\x00\x05\x00\x0e\x00\x0e\x00\x0f\x00$\x00\x05\x00&\x00\x01\x00\r\x00\x06\x00\x16\x00"\x00\x0e\x00\x05\x00\x06\x00\x01\x00\x07\x00\x06\x00\x01\x00\r\x00%\x00\x0f\x00$\x00\x01\x003\x00\x07\x00 \x00#\x00\x18\x00\x07\x00\x0f\x00\x04\x00\x04\x00.\x00\x01\x00/\x00\x0e\x00 \x00\x04\x00\x0f\x00$\x00\x07\x00\x14\x00\x01\x00\x03\x00\x04\x00\x14\x00\x14\x00\x0e\x00&\x00\x0e\x00\x01\x00\x04\x000')
DEBUG 2025-03-27 19:42:40,224 psparser nexttoken: (3270, /b']')
DEBUG 2025-03-27 19:42:40,226 psparser end_type: pos=3035, type='a', objs=[b'\x00\t\x00\x05\x00&\x00$\x00\x05\x00\x0e\x00\x0e\x00\x0f\x00$\x00\x05\x00&\x00\x01\x00\r\x00\x06\x00\x16\x00"\x00\x0e\x00\x05\x00\x06\x00\x01\x00\x07\x00\x06\x00\x01\x00\r\x00%\x00\x0f\x00$\x00\x01\x003\x00\x07\x00 \x00#\x00\x18\x00\x07\x00\x0f\x00\x04\x00\x04\x00.\x00\x01\x00/\x00\x0e\x00 \x00\x04\x00\x0f\x00$\x00\x07\x00\x14\x00\x01\x00\x03\x00\x04\x00\x14\x00\x14\x00\x0e\x00&\x00\x0e\x00\x01\x00\x04\x000']
DEBUG 2025-03-27 19:42:40,226 psparser add_results: ((3035, [b'\x00\t\x00\x05\x00&\x00$\x00\x05\x00\x0e\x00\x0e\x00\x0f\x00$\x00\x05\x00&\x00\x01\x00\r\x00\x06\x00\x16\x00"\x00\x0e\x00\x05\x00\x06\x00\x01\x00\x07\x00\x06\x00\x01\x00\r\x00%\x00\x0f\x00$\x00\x01\x003\x00\x07\x00 \x00#\x00\x18\x00\x07\x00\x0f\x00\x04\x00\x04\x00.\x00\x01\x00/\x00\x0e\x00 \x00\x04\x00\x0f\x00$\x00\x07\x00\x14\x00\x01\x00\x03\x00\x04\x00\x14\x00\x14\x00\x0e\x00&\x00\x0e\x00\x01\x00\x04\x000']),)
DEBUG 2025-03-27 19:42:40,226 psparser nextobject: (3035, [b'\x00\t\x00\x05\x00&\x00$\x00\x05\x00\x0e\x00\x0e\x00\x0f\x00$\x00\x05\x00&\x00\x01\x00\r\x00\x06\x00\x16\x00"\x00\x0e\x00\x05\x00\x06\x00\x01\x00\x07\x00\x06\x00\x01\x00\r\x00%\x00\x0f\x00$\x00\x01\x003\x00\x07\x00 \x00#\x00\x18\x00\x07\x00\x0f\x00\x04\x00\x04\x00.\x00\x01\x00/\x00\x0e\x00 \x00\x04\x00\x0f\x00$\x00\x07\x00\x14\x00\x01\x00\x03\x00\x04\x00\x14\x00\x14\x00\x0e\x00&\x00\x0e\x00\x01\x00\x04\x000'])
DEBUG 2025-03-27 19:42:40,226 psparser nexttoken: (3272, /b'TJ')
DEBUG 2025-03-27 19:42:40,228 psparser do_keyword: pos=3272, token=/b'TJ', stack=[]
DEBUG 2025-03-27 19:42:40,228 psparser add_results: ((3272, /b'TJ'),)
DEBUG 2025-03-27 19:42:40,229 psparser nextobject: (3272, /b'TJ')
DEBUG 2025-03-27 19:42:40,229 pdfinterp exec: TJ [[b'\x00\t\x00\x05\x00&\x00$\x00\x05\x00\x0e\x00\x0e\x00\x0f\x00$\x00\x05\x00&\x00\x01\x00\r\x00\x06\x00\x16\x00"\x00\x0e\x00\x05\x00\x06\x00\x01\x00\x07\x00\x06\x00\x01\x00\r\x00%\x00\x0f\x00$\x00\x01\x003\x00\x07\x00 \x00#\x00\x18\x00\x07\x00\x0f\x00\x04\x00\x04\x00.\x00\x01\x00/\x00\x0e\x00 \x00\x04\x00\x0f\x00$\x00\x07\x00\x14\x00\x01\x00\x03\x00\x04\x00\x14\x00\x14\x00\x0e\x00&\x00\x0e\x00\x01\x00\x04\x000']]
DEBUG 2025-03-27 19:42:40,230 cmapdb get_unichr: <UnicodeMap: /'Adobe-Identity-UCS'>, 9
DEBUG 2025-03-27 19:42:40,230 cmapdb get_unichr: <UnicodeMap: /'Adobe-Identity-UCS'>, 5
DEBUG 2025-03-27 19:42:40,230 cmapdb get_unichr: <UnicodeMap: /'Adobe-Identity-UCS'>, 38
DEBUG 2025-03-27 19:42:40,231 cmapdb get_unichr: <UnicodeMap: /'Adobe-Identity-UCS'>, 36
DEBUG 2025-03-27 19:42:40,231 cmapdb get_unichr: <UnicodeMap: /'Adobe-Identity-UCS'>, 5
DEBUG 2025-03-27 19:42:40,231 cmapdb get_unichr: <UnicodeMap: /'Adobe-Identity-UCS'>, 14
DEBUG 2025-03-27 19:42:40,231 cmapdb get_unichr: <UnicodeMap: /'Adobe-Identity-UCS'>, 14
DEBUG 2025-03-27 19:42:40,231 cmapdb get_unichr: <UnicodeMap: /'Adobe-Identity-UCS'>, 15
DEBUG 2025-03-27 19:42:40,231 cmapdb get_unichr: <UnicodeMap: /'Adobe-Identity-UCS'>, 36
DEBUG 2025-03-27 19:42:40,231 cmapdb get_unichr: <UnicodeMap: /'Adobe-Identity-UCS'>, 5
DEBUG 2025-03-27 19:42:40,231 cmapdb get_unichr: <UnicodeMap: /'Adobe-Identity-UCS'>, 38
DEBUG 2025-03-27 19:42:40,231 cmapdb get_unichr: <UnicodeMap: /'Adobe-Identity-UCS'>, 1
DEBUG 2025-03-27 19:42:40,231 cmapdb get_unichr: <UnicodeMap: /'Adobe-Identity-UCS'>, 13
DEBUG 2025-03-27 19:42:40,231 cmapdb get_unichr: <UnicodeMap: /'Adobe-Identity-UCS'>, 6
DEBUG 2025-03-27 19:42:40,231 cmapdb get_unichr: <UnicodeMap: /'Adobe-Identity-UCS'>, 22
DEBUG 2025-03-27 19:42:40,233 cmapdb get_unichr: <UnicodeMap: /'Adobe-Identity-UCS'>, 34
DEBUG 2025-03-27 19:42:40,233 cmapdb get_unichr: <UnicodeMap: /'Adobe-Identity-UCS'>, 14
DEBUG 2025-03-27 19:42:40,233 cmapdb get_unichr: <UnicodeMap: /'Adobe-Identity-UCS'>, 5
DEBUG 2025-03-27 19:42:40,233 cmapdb get_unichr: <UnicodeMap: /'Adobe-Identity-UCS'>, 6
DEBUG 2025-03-27 19:42:40,233 cmapdb get_unichr: <UnicodeMap: /'Adobe-Identity-UCS'>, 1
DEBUG 2025-03-27 19:42:40,233 cmapdb get_unichr: <UnicodeMap: /'Adobe-Identity-UCS'>, 7
DEBUG 2025-03-27 19:42:40,233 cmapdb get_unichr: <UnicodeMap: /'Adobe-Identity-UCS'>, 6
DEBUG 2025-03-27 19:42:40,233 cmapdb get_unichr: <UnicodeMap: /'Adobe-Identity-UCS'>, 1
DEBUG 2025-03-27 19:42:40,234 cmapdb get_unichr: <UnicodeMap: /'Adobe-Identity-UCS'>, 13
DEBUG 2025-03-27 19:42:40,234 cmapdb get_unichr: <UnicodeMap: /'Adobe-Identity-UCS'>, 37
DEBUG 2025-03-27 19:42:40,234 cmapdb get_unichr: <UnicodeMap: /'Adobe-Identity-UCS'>, 15
DEBUG 2025-03-27 19:42:40,234 cmapdb get_unichr: <UnicodeMap: /'Adobe-Identity-UCS'>, 36
DEBUG 2025-03-27 19:42:40,234 cmapdb get_unichr: <UnicodeMap: /'Adobe-Identity-UCS'>, 1
DEBUG 2025-03-27 19:42:40,235 cmapdb get_unichr: <UnicodeMap: /'Adobe-Identity-UCS'>, 51
DEBUG 2025-03-27 19:42:40,235 cmapdb get_unichr: <UnicodeMap: /'Adobe-Identity-UCS'>, 7
DEBUG 2025-03-27 19:42:40,235 cmapdb get_unichr: <UnicodeMap: /'Adobe-Identity-UCS'>, 32
DEBUG 2025-03-27 19:42:40,235 cmapdb get_unichr: <UnicodeMap: /'Adobe-Identity-UCS'>, 35
DEBUG 2025-03-27 19:42:40,235 cmapdb get_unichr: <UnicodeMap: /'Adobe-Identity-UCS'>, 24
DEBUG 2025-03-27 19:42:40,236 cmapdb get_unichr: <UnicodeMap: /'Adobe-Identity-UCS'>, 7
DEBUG 2025-03-27 19:42:40,236 cmapdb get_unichr: <UnicodeMap: /'Adobe-Identity-UCS'>, 15
DEBUG 2025-03-27 19:42:40,236 cmapdb get_unichr: <UnicodeMap: /'Adobe-Identity-UCS'>, 4
DEBUG 2025-03-27 19:42:40,236 cmapdb get_unichr: <UnicodeMap: /'Adobe-Identity-UCS'>, 4
DEBUG 2025-03-27 19:42:40,236 cmapdb get_unichr: <UnicodeMap: /'Adobe-Identity-UCS'>, 46
DEBUG 2025-03-27 19:42:40,236 cmapdb get_unichr: <UnicodeMap: /'Adobe-Identity-UCS'>, 1
DEBUG 2025-03-27 19:42:40,236 cmapdb get_unichr: <UnicodeMap: /'Adobe-Identity-UCS'>, 47
DEBUG 2025-03-27 19:42:40,237 cmapdb get_unichr: <UnicodeMap: /'Adobe-Identity-UCS'>, 14
DEBUG 2025-03-27 19:42:40,237 cmapdb get_unichr: <UnicodeMap: /'Adobe-Identity-UCS'>, 32
DEBUG 2025-03-27 19:42:40,237 cmapdb get_unichr: <UnicodeMap: /'Adobe-Identity-UCS'>, 4
DEBUG 2025-03-27 19:42:40,237 cmapdb get_unichr: <UnicodeMap: /'Adobe-Identity-UCS'>, 15
DEBUG 2025-03-27 19:42:40,237 cmapdb get_unichr: <UnicodeMap: /'Adobe-Identity-UCS'>, 36
DEBUG 2025-03-27 19:42:40,238 cmapdb get_unichr: <UnicodeMap: /'Adobe-Identity-UCS'>, 7
DEBUG 2025-03-27 19:42:40,238 cmapdb get_unichr: <UnicodeMap: /'Adobe-Identity-UCS'>, 20
DEBUG 2025-03-27 19:42:40,238 cmapdb get_unichr: <UnicodeMap: /'Adobe-Identity-UCS'>, 1
DEBUG 2025-03-27 19:42:40,239 cmapdb get_unichr: <UnicodeMap: /'Adobe-Identity-UCS'>, 3
DEBUG 2025-03-27 19:42:40,239 cmapdb get_unichr: <UnicodeMap: /'Adobe-Identity-UCS'>, 4
DEBUG 2025-03-27 19:42:40,239 cmapdb get_unichr: <UnicodeMap: /'Adobe-Identity-UCS'>, 20
DEBUG 2025-03-27 19:42:40,240 cmapdb get_unichr: <UnicodeMap: /'Adobe-Identity-UCS'>, 20
DEBUG 2025-03-27 19:42:40,240 cmapdb get_unichr: <UnicodeMap: /'Adobe-Identity-UCS'>, 14
DEBUG 2025-03-27 19:42:40,240 cmapdb get_unichr: <UnicodeMap: /'Adobe-Identity-UCS'>, 38
DEBUG 2025-03-27 19:42:40,240 cmapdb get_unichr: <UnicodeMap: /'Adobe-Identity-UCS'>, 14
DEBUG 2025-03-27 19:42:40,240 cmapdb get_unichr: <UnicodeMap: /'Adobe-Identity-UCS'>, 1
DEBUG 2025-03-27 19:42:40,240 cmapdb get_unichr: <UnicodeMap: /'Adobe-Identity-UCS'>, 4
DEBUG 2025-03-27 19:42:40,240 cmapdb get_unichr: <UnicodeMap: /'Adobe-Identity-UCS'>, 48
DEBUG 2025-03-27 19:42:40,241 psparser nexttoken: (3275, /b'ET')
DEBUG 2025-03-27 19:42:40,241 psparser do_keyword: pos=3275, token=/b'ET', stack=[]
DEBUG 2025-03-27 19:42:40,241 psparser add_results: ((3275, /b'ET'),)
DEBUG 2025-03-27 19:42:40,241 psparser nextobject: (3275, /b'ET')
DEBUG 2025-03-27 19:42:40,242 pdfinterp exec: ET
DEBUG 2025-03-27 19:42:40,242 psparser nexttoken: (3278, /b'EMC')
DEBUG 2025-03-27 19:42:40,242 psparser do_keyword: pos=3278, token=/b'EMC', stack=[]
DEBUG 2025-03-27 19:42:40,242 psparser add_results: ((3278, /b'EMC'),)
DEBUG 2025-03-27 19:42:40,242 psparser nextobject: (3278, /b'EMC')
DEBUG 2025-03-27 19:42:40,242 pdfinterp exec: EMC
DEBUG 2025-03-27 19:42:40,242 psparser nexttoken: (3282, /'P')
DEBUG 2025-03-27 19:42:40,243 psparser add_results: ((3282, /'P'),)
DEBUG 2025-03-27 19:42:40,243 psparser nextobject: (3282, /'P')
DEBUG 2025-03-27 19:42:40,243 psparser nexttoken: (3285, /b'<<')
DEBUG 2025-03-27 19:42:40,244 psparser start_type: pos=3285, type='d'
DEBUG 2025-03-27 19:42:40,244 psparser nexttoken: (3287, /'MCID')
DEBUG 2025-03-27 19:42:40,244 psparser nexttoken: (3293, 18)
DEBUG 2025-03-27 19:42:40,244 psparser nexttoken: (3295, /b'>>')
DEBUG 2025-03-27 19:42:40,244 psparser end_type: pos=3285, type='d', objs=[/'MCID', 18]
DEBUG 2025-03-27 19:42:40,244 psparser add_results: ((3285, {'MCID': 18}),)
DEBUG 2025-03-27 19:42:40,245 psparser nextobject: (3285, {'MCID': 18})
DEBUG 2025-03-27 19:42:40,245 psparser nexttoken: (3298, /b'BDC')
DEBUG 2025-03-27 19:42:40,246 psparser do_keyword: pos=3298, token=/b'BDC', stack=[]
DEBUG 2025-03-27 19:42:40,246 psparser add_results: ((3298, /b'BDC'),)
DEBUG 2025-03-27 19:42:40,246 psparser nextobject: (3298, /b'BDC')
DEBUG 2025-03-27 19:42:40,246 pdfinterp exec: BDC [/'P', {'MCID': 18}]
DEBUG 2025-03-27 19:42:40,246 psparser nexttoken: (3302, /b'BT')
DEBUG 2025-03-27 19:42:40,246 psparser do_keyword: pos=3302, token=/b'BT', stack=[]
DEBUG 2025-03-27 19:42:40,246 psparser add_results: ((3302, /b'BT'),)
DEBUG 2025-03-27 19:42:40,247 psparser nextobject: (3302, /b'BT')
DEBUG 2025-03-27 19:42:40,247 pdfinterp exec: BT
DEBUG 2025-03-27 19:42:40,247 psparser nexttoken: (3305, /'F15')
DEBUG 2025-03-27 19:42:40,247 psparser add_results: ((3305, /'F15'),)
DEBUG 2025-03-27 19:42:40,248 psparser nextobject: (3305, /'F15')
DEBUG 2025-03-27 19:42:40,248 psparser nexttoken: (3310, 12)
DEBUG 2025-03-27 19:42:40,248 psparser add_results: ((3310, 12),)
DEBUG 2025-03-27 19:42:40,248 psparser nextobject: (3310, 12)
DEBUG 2025-03-27 19:42:40,248 psparser nexttoken: (3313, /b'Tf')
DEBUG 2025-03-27 19:42:40,248 psparser do_keyword: pos=3313, token=/b'Tf', stack=[]
DEBUG 2025-03-27 19:42:40,248 psparser add_results: ((3313, /b'Tf'),)
DEBUG 2025-03-27 19:42:40,249 psparser nextobject: (3313, /b'Tf')
DEBUG 2025-03-27 19:42:40,249 pdfinterp exec: Tf [/'F15', 12]
DEBUG 2025-03-27 19:42:40,249 psparser nexttoken: (3316, 1)
DEBUG 2025-03-27 19:42:40,249 psparser add_results: ((3316, 1),)
DEBUG 2025-03-27 19:42:40,249 psparser nextobject: (3316, 1)
DEBUG 2025-03-27 19:42:40,249 psparser nexttoken: (3318, 0)
DEBUG 2025-03-27 19:42:40,249 psparser add_results: ((3318, 0),)
DEBUG 2025-03-27 19:42:40,250 psparser nextobject: (3318, 0)
DEBUG 2025-03-27 19:42:40,250 psparser nexttoken: (3320, 0)
DEBUG 2025-03-27 19:42:40,250 psparser add_results: ((3320, 0),)
DEBUG 2025-03-27 19:42:40,250 psparser nextobject: (3320, 0)
DEBUG 2025-03-27 19:42:40,250 psparser nexttoken: (3322, -1)
DEBUG 2025-03-27 19:42:40,250 psparser add_results: ((3322, -1),)
DEBUG 2025-03-27 19:42:40,250 psparser nextobject: (3322, -1)
DEBUG 2025-03-27 19:42:40,251 psparser nexttoken: (3325, 0)
DEBUG 2025-03-27 19:42:40,251 psparser add_results: ((3325, 0),)
DEBUG 2025-03-27 19:42:40,251 psparser nextobject: (3325, 0)
DEBUG 2025-03-27 19:42:40,251 psparser nexttoken: (3327, 57.91400146)
DEBUG 2025-03-27 19:42:40,251 psparser add_results: ((3327, 57.91400146),)
DEBUG 2025-03-27 19:42:40,251 psparser nextobject: (3327, 57.91400146)
DEBUG 2025-03-27 19:42:40,251 psparser nexttoken: (3339, /b'Tm')
DEBUG 2025-03-27 19:42:40,252 psparser do_keyword: pos=3339, token=/b'Tm', stack=[]
DEBUG 2025-03-27 19:42:40,252 psparser add_results: ((3339, /b'Tm'),)
DEBUG 2025-03-27 19:42:40,252 psparser nextobject: (3339, /b'Tm')
DEBUG 2025-03-27 19:42:40,252 pdfinterp exec: Tm [1, 0, 0, -1, 0, 57.91400146]
DEBUG 2025-03-27 19:42:40,252 psparser nexttoken: (3342, /b'[')
DEBUG 2025-03-27 19:42:40,252 psparser start_type: pos=3342, type='a'
DEBUG 2025-03-27 19:42:40,252 psparser nexttoken: (3343, b'\x00\t\x00\x05\x00&\x00$\x00\x05\x00\x0e\x00\x0e\x00\x0f\x00$\x00\x05\x00&\x00\x01\x00\x07\x00\x05\x00"\x00\x01\x00 \x00\x07\x00\x05\x00\x07\x00&\x00\x0e\x00 \x00\x0e\x00\x05\x00\x06\x00\x19')
DEBUG 2025-03-27 19:42:40,253 psparser nexttoken: (3453, /b']')
DEBUG 2025-03-27 19:42:40,253 psparser end_type: pos=3342, type='a', objs=[b'\x00\t\x00\x05\x00&\x00$\x00\x05\x00\x0e\x00\x0e\x00\x0f\x00$\x00\x05\x00&\x00\x01\x00\x07\x00\x05\x00"\x00\x01\x00 \x00\x07\x00\x05\x00\x07\x00&\x00\x0e\x00 \x00\x0e\x00\x05\x00\x06\x00\x19']
DEBUG 2025-03-27 19:42:40,253 psparser add_results: ((3342, [b'\x00\t\x00\x05\x00&\x00$\x00\x05\x00\x0e\x00\x0e\x00\x0f\x00$\x00\x05\x00&\x00\x01\x00\x07\x00\x05\x00"\x00\x01\x00 \x00\x07\x00\x05\x00\x07\x00&\x00\x0e\x00 \x00\x0e\x00\x05\x00\x06\x00\x19']),)
DEBUG 2025-03-27 19:42:40,253 psparser nextobject: (3342, [b'\x00\t\x00\x05\x00&\x00$\x00\x05\x00\x0e\x00\x0e\x00\x0f\x00$\x00\x05\x00&\x00\x01\x00\x07\x00\x05\x00"\x00\x01\x00 \x00\x07\x00\x05\x00\x07\x00&\x00\x0e\x00 \x00\x0e\x00\x05\x00\x06\x00\x19'])
DEBUG 2025-03-27 19:42:40,253 psparser nexttoken: (3455, /b'TJ')
DEBUG 2025-03-27 19:42:40,253 psparser do_keyword: pos=3455, token=/b'TJ', stack=[]
DEBUG 2025-03-27 19:42:40,253 psparser add_results: ((3455, /b'TJ'),)
DEBUG 2025-03-27 19:42:40,254 psparser nextobject: (3455, /b'TJ')
DEBUG 2025-03-27 19:42:40,254 pdfinterp exec: TJ [[b'\x00\t\x00\x05\x00&\x00$\x00\x05\x00\x0e\x00\x0e\x00\x0f\x00$\x00\x05\x00&\x00\x01\x00\x07\x00\x05\x00"\x00\x01\x00 \x00\x07\x00\x05\x00\x07\x00&\x00\x0e\x00 \x00\x0e\x00\x05\x00\x06\x00\x19']]
DEBUG 2025-03-27 19:42:40,254 cmapdb get_unichr: <UnicodeMap: /'Adobe-Identity-UCS'>, 9
DEBUG 2025-03-27 19:42:40,254 cmapdb get_unichr: <UnicodeMap: /'Adobe-Identity-UCS'>, 5
DEBUG 2025-03-27 19:42:40,254 cmapdb get_unichr: <UnicodeMap: /'Adobe-Identity-UCS'>, 38
DEBUG 2025-03-27 19:42:40,254 cmapdb get_unichr: <UnicodeMap: /'Adobe-Identity-UCS'>, 36
DEBUG 2025-03-27 19:42:40,255 cmapdb get_unichr: <UnicodeMap: /'Adobe-Identity-UCS'>, 5
DEBUG 2025-03-27 19:42:40,255 cmapdb get_unichr: <UnicodeMap: /'Adobe-Identity-UCS'>, 14
DEBUG 2025-03-27 19:42:40,256 cmapdb get_unichr: <UnicodeMap: /'Adobe-Identity-UCS'>, 14
DEBUG 2025-03-27 19:42:40,256 cmapdb get_unichr: <UnicodeMap: /'Adobe-Identity-UCS'>, 15
DEBUG 2025-03-27 19:42:40,256 cmapdb get_unichr: <UnicodeMap: /'Adobe-Identity-UCS'>, 36
DEBUG 2025-03-27 19:42:40,256 cmapdb get_unichr: <UnicodeMap: /'Adobe-Identity-UCS'>, 5
DEBUG 2025-03-27 19:42:40,257 cmapdb get_unichr: <UnicodeMap: /'Adobe-Identity-UCS'>, 38
DEBUG 2025-03-27 19:42:40,257 cmapdb get_unichr: <UnicodeMap: /'Adobe-Identity-UCS'>, 1
DEBUG 2025-03-27 19:42:40,257 cmapdb get_unichr: <UnicodeMap: /'Adobe-Identity-UCS'>, 7
DEBUG 2025-03-27 19:42:40,257 cmapdb get_unichr: <UnicodeMap: /'Adobe-Identity-UCS'>, 5
DEBUG 2025-03-27 19:42:40,258 cmapdb get_unichr: <UnicodeMap: /'Adobe-Identity-UCS'>, 34
DEBUG 2025-03-27 19:42:40,258 cmapdb get_unichr: <UnicodeMap: /'Adobe-Identity-UCS'>, 1
DEBUG 2025-03-27 19:42:40,258 cmapdb get_unichr: <UnicodeMap: /'Adobe-Identity-UCS'>, 32
DEBUG 2025-03-27 19:42:40,258 cmapdb get_unichr: <UnicodeMap: /'Adobe-Identity-UCS'>, 7
DEBUG 2025-03-27 19:42:40,258 cmapdb get_unichr: <UnicodeMap: /'Adobe-Identity-UCS'>, 5
DEBUG 2025-03-27 19:42:40,258 cmapdb get_unichr: <UnicodeMap: /'Adobe-Identity-UCS'>, 7
DEBUG 2025-03-27 19:42:40,258 cmapdb get_unichr: <UnicodeMap: /'Adobe-Identity-UCS'>, 38
DEBUG 2025-03-27 19:42:40,259 cmapdb get_unichr: <UnicodeMap: /'Adobe-Identity-UCS'>, 14
DEBUG 2025-03-27 19:42:40,260 cmapdb get_unichr: <UnicodeMap: /'Adobe-Identity-UCS'>, 32
DEBUG 2025-03-27 19:42:40,260 cmapdb get_unichr: <UnicodeMap: /'Adobe-Identity-UCS'>, 14
DEBUG 2025-03-27 19:42:40,261 cmapdb get_unichr: <UnicodeMap: /'Adobe-Identity-UCS'>, 5
DEBUG 2025-03-27 19:42:40,262 cmapdb get_unichr: <UnicodeMap: /'Adobe-Identity-UCS'>, 6
DEBUG 2025-03-27 19:42:40,262 cmapdb get_unichr: <UnicodeMap: /'Adobe-Identity-UCS'>, 25
DEBUG 2025-03-27 19:42:40,263 psparser nexttoken: (3458, /b'ET')
DEBUG 2025-03-27 19:42:40,263 psparser do_keyword: pos=3458, token=/b'ET', stack=[]
DEBUG 2025-03-27 19:42:40,263 psparser add_results: ((3458, /b'ET'),)
DEBUG 2025-03-27 19:42:40,263 psparser nextobject: (3458, /b'ET')
DEBUG 2025-03-27 19:42:40,263 pdfinterp exec: ET
DEBUG 2025-03-27 19:42:40,263 psparser nexttoken: (3461, /b'EMC')
DEBUG 2025-03-27 19:42:40,263 psparser do_keyword: pos=3461, token=/b'EMC', stack=[]
DEBUG 2025-03-27 19:42:40,264 psparser add_results: ((3461, /b'EMC'),)
DEBUG 2025-03-27 19:42:40,264 psparser nextobject: (3461, /b'EMC')
DEBUG 2025-03-27 19:42:40,264 pdfinterp exec: EMC
DEBUG 2025-03-27 19:42:40,264 psparser nexttoken: (3465, 0.6941)
DEBUG 2025-03-27 19:42:40,264 psparser add_results: ((3465, 0.6941),)
DEBUG 2025-03-27 19:42:40,264 psparser nextobject: (3465, 0.6941)
DEBUG 2025-03-27 19:42:40,264 psparser nexttoken: (3472, /b'g')
DEBUG 2025-03-27 19:42:40,265 psparser do_keyword: pos=3472, token=/b'g', stack=[]
DEBUG 2025-03-27 19:42:40,265 psparser add_results: ((3472, /b'g'),)
DEBUG 2025-03-27 19:42:40,265 psparser nextobject: (3472, /b'g')
DEBUG 2025-03-27 19:42:40,265 pdfinterp exec: g [0.6941]
DEBUG 2025-03-27 19:42:40,265 psparser nexttoken: (3474, /'P')
DEBUG 2025-03-27 19:42:40,265 psparser add_results: ((3474, /'P'),)
DEBUG 2025-03-27 19:42:40,266 psparser nextobject: (3474, /'P')
DEBUG 2025-03-27 19:42:40,266 psparser nexttoken: (3477, /b'<<')
DEBUG 2025-03-27 19:42:40,266 psparser start_type: pos=3477, type='d'
DEBUG 2025-03-27 19:42:40,266 psparser nexttoken: (3479, /'MCID')
DEBUG 2025-03-27 19:42:40,266 psparser nexttoken: (3485, 19)
DEBUG 2025-03-27 19:42:40,266 psparser nexttoken: (3487, /b'>>')
DEBUG 2025-03-27 19:42:40,266 psparser end_type: pos=3477, type='d', objs=[/'MCID', 19]
DEBUG 2025-03-27 19:42:40,266 psparser add_results: ((3477, {'MCID': 19}),)
DEBUG 2025-03-27 19:42:40,268 psparser nextobject: (3477, {'MCID': 19})
DEBUG 2025-03-27 19:42:40,268 psparser nexttoken: (3490, /b'BDC')
DEBUG 2025-03-27 19:42:40,268 psparser do_keyword: pos=3490, token=/b'BDC', stack=[]
DEBUG 2025-03-27 19:42:40,268 psparser add_results: ((3490, /b'BDC'),)
DEBUG 2025-03-27 19:42:40,268 psparser nextobject: (3490, /b'BDC')
DEBUG 2025-03-27 19:42:40,268 pdfinterp exec: BDC [/'P', {'MCID': 19}]
DEBUG 2025-03-27 19:42:40,268 psparser nexttoken: (3494, /b'BT')
DEBUG 2025-03-27 19:42:40,268 psparser do_keyword: pos=3494, token=/b'BT', stack=[]
DEBUG 2025-03-27 19:42:40,268 psparser add_results: ((3494, /b'BT'),)
DEBUG 2025-03-27 19:42:40,269 psparser nextobject: (3494, /b'BT')
DEBUG 2025-03-27 19:42:40,269 pdfinterp exec: BT
DEBUG 2025-03-27 19:42:40,269 psparser nexttoken: (3497, /'F15')
DEBUG 2025-03-27 19:42:40,269 psparser add_results: ((3497, /'F15'),)
DEBUG 2025-03-27 19:42:40,269 psparser nextobject: (3497, /'F15')
DEBUG 2025-03-27 19:42:40,269 psparser nexttoken: (3502, 12)
DEBUG 2025-03-27 19:42:40,269 psparser add_results: ((3502, 12),)
DEBUG 2025-03-27 19:42:40,269 psparser nextobject: (3502, 12)
DEBUG 2025-03-27 19:42:40,269 psparser nexttoken: (3505, /b'Tf')
DEBUG 2025-03-27 19:42:40,269 psparser do_keyword: pos=3505, token=/b'Tf', stack=[]
DEBUG 2025-03-27 19:42:40,269 psparser add_results: ((3505, /b'Tf'),)
DEBUG 2025-03-27 19:42:40,269 psparser nextobject: (3505, /b'Tf')
DEBUG 2025-03-27 19:42:40,269 pdfinterp exec: Tf [/'F15', 12]
DEBUG 2025-03-27 19:42:40,269 psparser nexttoken: (3508, 1)
DEBUG 2025-03-27 19:42:40,269 psparser add_results: ((3508, 1),)
DEBUG 2025-03-27 19:42:40,270 psparser nextobject: (3508, 1)
DEBUG 2025-03-27 19:42:40,270 psparser nexttoken: (3510, 0)
DEBUG 2025-03-27 19:42:40,270 psparser add_results: ((3510, 0),)
DEBUG 2025-03-27 19:42:40,270 psparser nextobject: (3510, 0)
DEBUG 2025-03-27 19:42:40,270 psparser nexttoken: (3512, 0)
DEBUG 2025-03-27 19:42:40,270 psparser add_results: ((3512, 0),)
DEBUG 2025-03-27 19:42:40,270 psparser nextobject: (3512, 0)
DEBUG 2025-03-27 19:42:40,270 psparser nexttoken: (3514, -1)
DEBUG 2025-03-27 19:42:40,270 psparser add_results: ((3514, -1),)
DEBUG 2025-03-27 19:42:40,271 psparser nextobject: (3514, -1)
DEBUG 2025-03-27 19:42:40,271 psparser nexttoken: (3517, 0)
DEBUG 2025-03-27 19:42:40,271 psparser add_results: ((3517, 0),)
DEBUG 2025-03-27 19:42:40,271 psparser nextobject: (3517, 0)
DEBUG 2025-03-27 19:42:40,272 psparser nexttoken: (3519, 73.31400299)
DEBUG 2025-03-27 19:42:40,272 psparser add_results: ((3519, 73.31400299),)
DEBUG 2025-03-27 19:42:40,273 psparser nextobject: (3519, 73.31400299)
DEBUG 2025-03-27 19:42:40,273 psparser nexttoken: (3531, /b'Tm')
DEBUG 2025-03-27 19:42:40,273 psparser do_keyword: pos=3531, token=/b'Tm', stack=[]
DEBUG 2025-03-27 19:42:40,274 psparser add_results: ((3531, /b'Tm'),)
DEBUG 2025-03-27 19:42:40,274 psparser nextobject: (3531, /b'Tm')
DEBUG 2025-03-27 19:42:40,274 pdfinterp exec: Tm [1, 0, 0, -1, 0, 73.31400299]
DEBUG 2025-03-27 19:42:40,274 psparser nexttoken: (3534, /b'[')
DEBUG 2025-03-27 19:42:40,275 psparser start_type: pos=3534, type='a'
DEBUG 2025-03-27 19:42:40,275 psparser nexttoken: (3535, b'\x00\x11\x00\x16\x00\x08\x00\x17\x00\x05\x00\x04\x00\x18\x00\x0c\x00\x01\x004\x00\x06\x00\x06\x00\x07\x00\x0f\x00\x01\x001\x00\x0f\x00\x07\x00"\x00\x0e\x00#\x00%\x00\x0c\x00\x01\x00,\x00\x05\x00"\x00$\x00\x07')
DEBUG 2025-03-27 19:42:40,276 psparser nexttoken: (3653, /b']')
DEBUG 2025-03-27 19:42:40,276 psparser end_type: pos=3534, type='a', objs=[b'\x00\x11\x00\x16\x00\x08\x00\x17\x00\x05\x00\x04\x00\x18\x00\x0c\x00\x01\x004\x00\x06\x00\x06\x00\x07\x00\x0f\x00\x01\x001\x00\x0f\x00\x07\x00"\x00\x0e\x00#\x00%\x00\x0c\x00\x01\x00,\x00\x05\x00"\x00$\x00\x07']
DEBUG 2025-03-27 19:42:40,276 psparser add_results: ((3534, [b'\x00\x11\x00\x16\x00\x08\x00\x17\x00\x05\x00\x04\x00\x18\x00\x0c\x00\x01\x004\x00\x06\x00\x06\x00\x07\x00\x0f\x00\x01\x001\x00\x0f\x00\x07\x00"\x00\x0e\x00#\x00%\x00\x0c\x00\x01\x00,\x00\x05\x00"\x00$\x00\x07']),)
DEBUG 2025-03-27 19:42:40,276 psparser nextobject: (3534, [b'\x00\x11\x00\x16\x00\x08\x00\x17\x00\x05\x00\x04\x00\x18\x00\x0c\x00\x01\x004\x00\x06\x00\x06\x00\x07\x00\x0f\x00\x01\x001\x00\x0f\x00\x07\x00"\x00\x0e\x00#\x00%\x00\x0c\x00\x01\x00,\x00\x05\x00"\x00$\x00\x07'])
DEBUG 2025-03-27 19:42:40,277 psparser nexttoken: (3655, /b'TJ')
DEBUG 2025-03-27 19:42:40,278 psparser do_keyword: pos=3655, token=/b'TJ', stack=[]
DEBUG 2025-03-27 19:42:40,278 psparser add_results: ((3655, /b'TJ'),)
DEBUG 2025-03-27 19:42:40,279 psparser nextobject: (3655, /b'TJ')
DEBUG 2025-03-27 19:42:40,279 pdfinterp exec: TJ [[b'\x00\x11\x00\x16\x00\x08\x00\x17\x00\x05\x00\x04\x00\x18\x00\x0c\x00\x01\x004\x00\x06\x00\x06\x00\x07\x00\x0f\x00\x01\x001\x00\x0f\x00\x07\x00"\x00\x0e\x00#\x00%\x00\x0c\x00\x01\x00,\x00\x05\x00"\x00$\x00\x07']]
DEBUG 2025-03-27 19:42:40,280 cmapdb get_unichr: <UnicodeMap: /'Adobe-Identity-UCS'>, 17
DEBUG 2025-03-27 19:42:40,280 cmapdb get_unichr: <UnicodeMap: /'Adobe-Identity-UCS'>, 22
DEBUG 2025-03-27 19:42:40,280 cmapdb get_unichr: <UnicodeMap: /'Adobe-Identity-UCS'>, 8
DEBUG 2025-03-27 19:42:40,280 cmapdb get_unichr: <UnicodeMap: /'Adobe-Identity-UCS'>, 23
DEBUG 2025-03-27 19:42:40,281 cmapdb get_unichr: <UnicodeMap: /'Adobe-Identity-UCS'>, 5
DEBUG 2025-03-27 19:42:40,281 cmapdb get_unichr: <UnicodeMap: /'Adobe-Identity-UCS'>, 4
DEBUG 2025-03-27 19:42:40,281 cmapdb get_unichr: <UnicodeMap: /'Adobe-Identity-UCS'>, 24
DEBUG 2025-03-27 19:42:40,281 cmapdb get_unichr: <UnicodeMap: /'Adobe-Identity-UCS'>, 12
DEBUG 2025-03-27 19:42:40,281 cmapdb get_unichr: <UnicodeMap: /'Adobe-Identity-UCS'>, 1
DEBUG 2025-03-27 19:42:40,281 cmapdb get_unichr: <UnicodeMap: /'Adobe-Identity-UCS'>, 52
DEBUG 2025-03-27 19:42:40,281 cmapdb get_unichr: <UnicodeMap: /'Adobe-Identity-UCS'>, 6
DEBUG 2025-03-27 19:42:40,281 cmapdb get_unichr: <UnicodeMap: /'Adobe-Identity-UCS'>, 6
DEBUG 2025-03-27 19:42:40,281 cmapdb get_unichr: <UnicodeMap: /'Adobe-Identity-UCS'>, 7
DEBUG 2025-03-27 19:42:40,281 cmapdb get_unichr: <UnicodeMap: /'Adobe-Identity-UCS'>, 15
DEBUG 2025-03-27 19:42:40,282 cmapdb get_unichr: <UnicodeMap: /'Adobe-Identity-UCS'>, 1
DEBUG 2025-03-27 19:42:40,282 cmapdb get_unichr: <UnicodeMap: /'Adobe-Identity-UCS'>, 49
DEBUG 2025-03-27 19:42:40,282 cmapdb get_unichr: <UnicodeMap: /'Adobe-Identity-UCS'>, 15
DEBUG 2025-03-27 19:42:40,282 cmapdb get_unichr: <UnicodeMap: /'Adobe-Identity-UCS'>, 7
DEBUG 2025-03-27 19:42:40,282 cmapdb get_unichr: <UnicodeMap: /'Adobe-Identity-UCS'>, 34
DEBUG 2025-03-27 19:42:40,282 cmapdb get_unichr: <UnicodeMap: /'Adobe-Identity-UCS'>, 14
DEBUG 2025-03-27 19:42:40,282 cmapdb get_unichr: <UnicodeMap: /'Adobe-Identity-UCS'>, 35
DEBUG 2025-03-27 19:42:40,282 cmapdb get_unichr: <UnicodeMap: /'Adobe-Identity-UCS'>, 37
DEBUG 2025-03-27 19:42:40,282 cmapdb get_unichr: <UnicodeMap: /'Adobe-Identity-UCS'>, 12
DEBUG 2025-03-27 19:42:40,283 cmapdb get_unichr: <UnicodeMap: /'Adobe-Identity-UCS'>, 1
DEBUG 2025-03-27 19:42:40,283 cmapdb get_unichr: <UnicodeMap: /'Adobe-Identity-UCS'>, 44
DEBUG 2025-03-27 19:42:40,283 cmapdb get_unichr: <UnicodeMap: /'Adobe-Identity-UCS'>, 5
DEBUG 2025-03-27 19:42:40,283 cmapdb get_unichr: <UnicodeMap: /'Adobe-Identity-UCS'>, 34
DEBUG 2025-03-27 19:42:40,284 cmapdb get_unichr: <UnicodeMap: /'Adobe-Identity-UCS'>, 36
DEBUG 2025-03-27 19:42:40,284 cmapdb get_unichr: <UnicodeMap: /'Adobe-Identity-UCS'>, 7
DEBUG 2025-03-27 19:42:40,285 psparser nexttoken: (3658, /b'ET')
DEBUG 2025-03-27 19:42:40,285 psparser do_keyword: pos=3658, token=/b'ET', stack=[]
DEBUG 2025-03-27 19:42:40,285 psparser add_results: ((3658, /b'ET'),)
DEBUG 2025-03-27 19:42:40,285 psparser nextobject: (3658, /b'ET')
DEBUG 2025-03-27 19:42:40,285 pdfinterp exec: ET
DEBUG 2025-03-27 19:42:40,286 psparser nexttoken: (3661, /b'EMC')
DEBUG 2025-03-27 19:42:40,286 psparser do_keyword: pos=3661, token=/b'EMC', stack=[]
DEBUG 2025-03-27 19:42:40,286 psparser add_results: ((3661, /b'EMC'),)
DEBUG 2025-03-27 19:42:40,286 psparser nextobject: (3661, /b'EMC')
DEBUG 2025-03-27 19:42:40,286 pdfinterp exec: EMC
DEBUG 2025-03-27 19:42:40,286 psparser nexttoken: (3665, 0.098)
DEBUG 2025-03-27 19:42:40,287 psparser add_results: ((3665, 0.098),)
DEBUG 2025-03-27 19:42:40,287 psparser nextobject: (3665, 0.098)
DEBUG 2025-03-27 19:42:40,287 psparser nexttoken: (3671, /b'g')
DEBUG 2025-03-27 19:42:40,287 psparser do_keyword: pos=3671, token=/b'g', stack=[]
DEBUG 2025-03-27 19:42:40,287 psparser add_results: ((3671, /b'g'),)
DEBUG 2025-03-27 19:42:40,287 psparser nextobject: (3671, /b'g')
DEBUG 2025-03-27 19:42:40,288 pdfinterp exec: g [0.098]
DEBUG 2025-03-27 19:42:40,288 psparser nexttoken: (3673, /'P')
DEBUG 2025-03-27 19:42:40,288 psparser add_results: ((3673, /'P'),)
DEBUG 2025-03-27 19:42:40,289 psparser nextobject: (3673, /'P')
DEBUG 2025-03-27 19:42:40,289 psparser nexttoken: (3676, /b'<<')
DEBUG 2025-03-27 19:42:40,289 psparser start_type: pos=3676, type='d'
DEBUG 2025-03-27 19:42:40,289 psparser nexttoken: (3678, /'MCID')
DEBUG 2025-03-27 19:42:40,289 psparser nexttoken: (3684, 20)
DEBUG 2025-03-27 19:42:40,289 psparser nexttoken: (3686, /b'>>')
DEBUG 2025-03-27 19:42:40,289 psparser end_type: pos=3676, type='d', objs=[/'MCID', 20]
DEBUG 2025-03-27 19:42:40,289 psparser add_results: ((3676, {'MCID': 20}),)
DEBUG 2025-03-27 19:42:40,289 psparser nextobject: (3676, {'MCID': 20})
DEBUG 2025-03-27 19:42:40,289 psparser nexttoken: (3689, /b'BDC')
DEBUG 2025-03-27 19:42:40,290 psparser do_keyword: pos=3689, token=/b'BDC', stack=[]
DEBUG 2025-03-27 19:42:40,290 psparser add_results: ((3689, /b'BDC'),)
DEBUG 2025-03-27 19:42:40,291 psparser nextobject: (3689, /b'BDC')
DEBUG 2025-03-27 19:42:40,291 pdfinterp exec: BDC [/'P', {'MCID': 20}]
DEBUG 2025-03-27 19:42:40,291 psparser nexttoken: (3693, /b'BT')
DEBUG 2025-03-27 19:42:40,291 psparser do_keyword: pos=3693, token=/b'BT', stack=[]
DEBUG 2025-03-27 19:42:40,291 psparser add_results: ((3693, /b'BT'),)
DEBUG 2025-03-27 19:42:40,291 psparser nextobject: (3693, /b'BT')
DEBUG 2025-03-27 19:42:40,291 pdfinterp exec: BT
DEBUG 2025-03-27 19:42:40,292 psparser nexttoken: (3696, /'F15')
DEBUG 2025-03-27 19:42:40,292 psparser add_results: ((3696, /'F15'),)
DEBUG 2025-03-27 19:42:40,292 psparser nextobject: (3696, /'F15')
DEBUG 2025-03-27 19:42:40,292 psparser nexttoken: (3701, 15.75)
DEBUG 2025-03-27 19:42:40,292 psparser add_results: ((3701, 15.75),)
DEBUG 2025-03-27 19:42:40,292 psparser nextobject: (3701, 15.75)
DEBUG 2025-03-27 19:42:40,293 psparser nexttoken: (3707, /b'Tf')
DEBUG 2025-03-27 19:42:40,293 psparser do_keyword: pos=3707, token=/b'Tf', stack=[]
DEBUG 2025-03-27 19:42:40,293 psparser add_results: ((3707, /b'Tf'),)
DEBUG 2025-03-27 19:42:40,294 psparser nextobject: (3707, /b'Tf')
DEBUG 2025-03-27 19:42:40,294 pdfinterp exec: Tf [/'F15', 15.75]
DEBUG 2025-03-27 19:42:40,295 psparser nexttoken: (3710, 1)
DEBUG 2025-03-27 19:42:40,295 psparser add_results: ((3710, 1),)
DEBUG 2025-03-27 19:42:40,295 psparser nextobject: (3710, 1)
DEBUG 2025-03-27 19:42:40,295 psparser nexttoken: (3712, 0)
DEBUG 2025-03-27 19:42:40,296 psparser add_results: ((3712, 0),)
DEBUG 2025-03-27 19:42:40,296 psparser nextobject: (3712, 0)
DEBUG 2025-03-27 19:42:40,296 psparser nexttoken: (3714, 0)
DEBUG 2025-03-27 19:42:40,296 psparser add_results: ((3714, 0),)
DEBUG 2025-03-27 19:42:40,296 psparser nextobject: (3714, 0)
DEBUG 2025-03-27 19:42:40,296 psparser nexttoken: (3716, -1)
DEBUG 2025-03-27 19:42:40,297 psparser add_results: ((3716, -1),)
DEBUG 2025-03-27 19:42:40,297 psparser nextobject: (3716, -1)
DEBUG 2025-03-27 19:42:40,297 psparser nexttoken: (3719, 0)
DEBUG 2025-03-27 19:42:40,297 psparser add_results: ((3719, 0),)
DEBUG 2025-03-27 19:42:40,297 psparser nextobject: (3719, 0)
DEBUG 2025-03-27 19:42:40,297 psparser nexttoken: (3721, 110.93699646)
DEBUG 2025-03-27 19:42:40,297 psparser add_results: ((3721, 110.93699646),)
DEBUG 2025-03-27 19:42:40,297 psparser nextobject: (3721, 110.93699646)
DEBUG 2025-03-27 19:42:40,298 psparser nexttoken: (3734, /b'Tm')
DEBUG 2025-03-27 19:42:40,298 psparser do_keyword: pos=3734, token=/b'Tm', stack=[]
DEBUG 2025-03-27 19:42:40,298 psparser add_results: ((3734, /b'Tm'),)
DEBUG 2025-03-27 19:42:40,298 psparser nextobject: (3734, /b'Tm')
DEBUG 2025-03-27 19:42:40,298 pdfinterp exec: Tm [1, 0, 0, -1, 0, 110.93699646]
DEBUG 2025-03-27 19:42:40,298 psparser nexttoken: (3737, /b'[')
DEBUG 2025-03-27 19:42:40,298 psparser start_type: pos=3737, type='a'
DEBUG 2025-03-27 19:42:40,299 psparser nexttoken: (3738, b'\x00\r\x00\x16\x00 \x00 \x00\x07\x00\x0f\x00\x15')
DEBUG 2025-03-27 19:42:40,299 psparser nexttoken: (3768, /b']')
DEBUG 2025-03-27 19:42:40,299 psparser end_type: pos=3737, type='a', objs=[b'\x00\r\x00\x16\x00 \x00 \x00\x07\x00\x0f\x00\x15']
DEBUG 2025-03-27 19:42:40,299 psparser add_results: ((3737, [b'\x00\r\x00\x16\x00 \x00 \x00\x07\x00\x0f\x00\x15']),)
DEBUG 2025-03-27 19:42:40,299 psparser nextobject: (3737, [b'\x00\r\x00\x16\x00 \x00 \x00\x07\x00\x0f\x00\x15'])
DEBUG 2025-03-27 19:42:40,300 psparser nexttoken: (3770, /b'TJ')
DEBUG 2025-03-27 19:42:40,300 psparser do_keyword: pos=3770, token=/b'TJ', stack=[]
DEBUG 2025-03-27 19:42:40,300 psparser add_results: ((3770, /b'TJ'),)
DEBUG 2025-03-27 19:42:40,300 psparser nextobject: (3770, /b'TJ')
DEBUG 2025-03-27 19:42:40,300 pdfinterp exec: TJ [[b'\x00\r\x00\x16\x00 \x00 \x00\x07\x00\x0f\x00\x15']]
DEBUG 2025-03-27 19:42:40,300 cmapdb get_unichr: <UnicodeMap: /'Adobe-Identity-UCS'>, 13
DEBUG 2025-03-27 19:42:40,300 cmapdb get_unichr: <UnicodeMap: /'Adobe-Identity-UCS'>, 22
DEBUG 2025-03-27 19:42:40,300 cmapdb get_unichr: <UnicodeMap: /'Adobe-Identity-UCS'>, 32
DEBUG 2025-03-27 19:42:40,300 cmapdb get_unichr: <UnicodeMap: /'Adobe-Identity-UCS'>, 32
DEBUG 2025-03-27 19:42:40,302 cmapdb get_unichr: <UnicodeMap: /'Adobe-Identity-UCS'>, 7
DEBUG 2025-03-27 19:42:40,302 cmapdb get_unichr: <UnicodeMap: /'Adobe-Identity-UCS'>, 15
DEBUG 2025-03-27 19:42:40,302 cmapdb get_unichr: <UnicodeMap: /'Adobe-Identity-UCS'>, 21
DEBUG 2025-03-27 19:42:40,302 psparser nexttoken: (3773, /b'ET')
DEBUG 2025-03-27 19:42:40,302 psparser do_keyword: pos=3773, token=/b'ET', stack=[]
DEBUG 2025-03-27 19:42:40,302 psparser add_results: ((3773, /b'ET'),)
DEBUG 2025-03-27 19:42:40,302 psparser nextobject: (3773, /b'ET')
DEBUG 2025-03-27 19:42:40,302 pdfinterp exec: ET
DEBUG 2025-03-27 19:42:40,303 psparser nexttoken: (3776, /b'EMC')
DEBUG 2025-03-27 19:42:40,303 psparser do_keyword: pos=3776, token=/b'EMC', stack=[]
DEBUG 2025-03-27 19:42:40,303 psparser add_results: ((3776, /b'EMC'),)
DEBUG 2025-03-27 19:42:40,303 psparser nextobject: (3776, /b'EMC')
DEBUG 2025-03-27 19:42:40,303 pdfinterp exec: EMC
DEBUG 2025-03-27 19:42:40,303 psparser nexttoken: (3780, /'P')
DEBUG 2025-03-27 19:42:40,303 psparser add_results: ((3780, /'P'),)
DEBUG 2025-03-27 19:42:40,303 psparser nextobject: (3780, /'P')
DEBUG 2025-03-27 19:42:40,303 psparser nexttoken: (3783, /b'<<')
DEBUG 2025-03-27 19:42:40,304 psparser start_type: pos=3783, type='d'
DEBUG 2025-03-27 19:42:40,304 psparser nexttoken: (3785, /'MCID')
DEBUG 2025-03-27 19:42:40,304 psparser nexttoken: (3791, 21)
DEBUG 2025-03-27 19:42:40,304 psparser nexttoken: (3793, /b'>>')
DEBUG 2025-03-27 19:42:40,304 psparser end_type: pos=3783, type='d', objs=[/'MCID', 21]
DEBUG 2025-03-27 19:42:40,304 psparser add_results: ((3783, {'MCID': 21}),)
DEBUG 2025-03-27 19:42:40,304 psparser nextobject: (3783, {'MCID': 21})
DEBUG 2025-03-27 19:42:40,304 psparser nexttoken: (3796, /b'BDC')
DEBUG 2025-03-27 19:42:40,305 psparser do_keyword: pos=3796, token=/b'BDC', stack=[]
DEBUG 2025-03-27 19:42:40,305 psparser add_results: ((3796, /b'BDC'),)
DEBUG 2025-03-27 19:42:40,305 psparser nextobject: (3796, /b'BDC')
DEBUG 2025-03-27 19:42:40,305 pdfinterp exec: BDC [/'P', {'MCID': 21}]
DEBUG 2025-03-27 19:42:40,305 psparser nexttoken: (3800, /b'BT')
DEBUG 2025-03-27 19:42:40,305 psparser do_keyword: pos=3800, token=/b'BT', stack=[]
DEBUG 2025-03-27 19:42:40,305 psparser add_results: ((3800, /b'BT'),)
DEBUG 2025-03-27 19:42:40,306 psparser nextobject: (3800, /b'BT')
DEBUG 2025-03-27 19:42:40,306 pdfinterp exec: BT
DEBUG 2025-03-27 19:42:40,307 psparser nexttoken: (3803, /'F15')
DEBUG 2025-03-27 19:42:40,307 psparser add_results: ((3803, /'F15'),)
DEBUG 2025-03-27 19:42:40,307 psparser nextobject: (3803, /'F15')
DEBUG 2025-03-27 19:42:40,307 psparser nexttoken: (3808, 12)
DEBUG 2025-03-27 19:42:40,307 psparser add_results: ((3808, 12),)
DEBUG 2025-03-27 19:42:40,307 psparser nextobject: (3808, 12)
DEBUG 2025-03-27 19:42:40,307 psparser nexttoken: (3811, /b'Tf')
DEBUG 2025-03-27 19:42:40,308 psparser do_keyword: pos=3811, token=/b'Tf', stack=[]
DEBUG 2025-03-27 19:42:40,308 psparser add_results: ((3811, /b'Tf'),)
DEBUG 2025-03-27 19:42:40,309 psparser nextobject: (3811, /b'Tf')
DEBUG 2025-03-27 19:42:40,309 pdfinterp exec: Tf [/'F15', 12]
DEBUG 2025-03-27 19:42:40,309 psparser nexttoken: (3814, 1)
DEBUG 2025-03-27 19:42:40,309 psparser add_results: ((3814, 1),)
DEBUG 2025-03-27 19:42:40,309 psparser nextobject: (3814, 1)
DEBUG 2025-03-27 19:42:40,309 psparser nexttoken: (3816, 0)
DEBUG 2025-03-27 19:42:40,309 psparser add_results: ((3816, 0),)
DEBUG 2025-03-27 19:42:40,309 psparser nextobject: (3816, 0)
DEBUG 2025-03-27 19:42:40,309 psparser nexttoken: (3818, 0)
DEBUG 2025-03-27 19:42:40,309 psparser add_results: ((3818, 0),)
DEBUG 2025-03-27 19:42:40,309 psparser nextobject: (3818, 0)
DEBUG 2025-03-27 19:42:40,310 psparser nexttoken: (3820, -1)
DEBUG 2025-03-27 19:42:40,310 psparser add_results: ((3820, -1),)
DEBUG 2025-03-27 19:42:40,311 psparser nextobject: (3820, -1)
DEBUG 2025-03-27 19:42:40,312 psparser nexttoken: (3823, 0)
DEBUG 2025-03-27 19:42:40,312 psparser add_results: ((3823, 0),)
DEBUG 2025-03-27 19:42:40,312 psparser nextobject: (3823, 0)
DEBUG 2025-03-27 19:42:40,312 psparser nexttoken: (3825, 136.41400146)
DEBUG 2025-03-27 19:42:40,313 psparser add_results: ((3825, 136.41400146),)
DEBUG 2025-03-27 19:42:40,313 psparser nextobject: (3825, 136.41400146)
DEBUG 2025-03-27 19:42:40,313 psparser nexttoken: (3838, /b'Tm')
DEBUG 2025-03-27 19:42:40,313 psparser do_keyword: pos=3838, token=/b'Tm', stack=[]
DEBUG 2025-03-27 19:42:40,313 psparser add_results: ((3838, /b'Tm'),)
DEBUG 2025-03-27 19:42:40,314 psparser nextobject: (3838, /b'Tm')
DEBUG 2025-03-27 19:42:40,314 pdfinterp exec: Tm [1, 0, 0, -1, 0, 136.41400146]
DEBUG 2025-03-27 19:42:40,314 psparser nexttoken: (3841, /b'[')
DEBUG 2025-03-27 19:42:40,314 psparser start_type: pos=3841, type='a'
DEBUG 2025-03-27 19:42:40,314 psparser nexttoken: (3842, b'\x00\x1f\x00\x0e\x00\x14\x00\x14\x00\x04\x005\x00\x01\x00,\x006\x00 \x00\x01\x002\x00\x16\x00#\x00%\x00\x07\x00&\x00\x0f\x00\x07\x00\x01\x00\r\x00\x07\x00)\x00\x0e\x00\x05\x00\x07\x00\x0c\x00\x01\x00\x07\x00\x01\x00.\x00\x07\x00#\x00#\x00$\x00\x04\x00\x05\x00\x07\x00\x06\x00\x0e\x00\x01\x00\x07\x00\x05\x00"\x00\x01\x00"\x00\x0f\x00$\x007\x00\x0e\x00\x05\x00\x01\x008\x00\x19\x00-\x00\x0e\x00\x08\x00%')
DEBUG 2025-03-27 19:42:40,314 psparser nexttoken: (4076, /b']')
DEBUG 2025-03-27 19:42:40,315 psparser end_type: pos=3841, type='a', objs=[b'\x00\x1f\x00\x0e\x00\x14\x00\x14\x00\x04\x005\x00\x01\x00,\x006\x00 \x00\x01\x002\x00\x16\x00#\x00%\x00\x07\x00&\x00\x0f\x00\x07\x00\x01\x00\r\x00\x07\x00)\x00\x0e\x00\x05\x00\x07\x00\x0c\x00\x01\x00\x07\x00\x01\x00.\x00\x07\x00#\x00#\x00$\x00\x04\x00\x05\x00\x07\x00\x06\x00\x0e\x00\x01\x00\x07\x00\x05\x00"\x00\x01\x00"\x00\x0f\x00$\x007\x00\x0e\x00\x05\x00\x01\x008\x00\x19\x00-\x00\x0e\x00\x08\x00%']
DEBUG 2025-03-27 19:42:40,315 psparser add_results: ((3841, [b'\x00\x1f\x00\x0e\x00\x14\x00\x14\x00\x04\x005\x00\x01\x00,\x006\x00 \x00\x01\x002\x00\x16\x00#\x00%\x00\x07\x00&\x00\x0f\x00\x07\x00\x01\x00\r\x00\x07\x00)\x00\x0e\x00\x05\x00\x07\x00\x0c\x00\x01\x00\x07\x00\x01\x00.\x00\x07\x00#\x00#\x00$\x00\x04\x00\x05\x00\x07\x00\x06\x00\x0e\x00\x01\x00\x07\x00\x05\x00"\x00\x01\x00"\x00\x0f\x00$\x007\x00\x0e\x00\x05\x00\x01\x008\x00\x19\x00-\x00\x0e\x00\x08\x00%']),)
DEBUG 2025-03-27 19:42:40,315 psparser nextobject: (3841, [b'\x00\x1f\x00\x0e\x00\x14\x00\x14\x00\x04\x005\x00\x01\x00,\x006\x00 \x00\x01\x002\x00\x16\x00#\x00%\x00\x07\x00&\x00\x0f\x00\x07\x00\x01\x00\r\x00\x07\x00)\x00\x0e\x00\x05\x00\x07\x00\x0c\x00\x01\x00\x07\x00\x01\x00.\x00\x07\x00#\x00#\x00$\x00\x04\x00\x05\x00\x07\x00\x06\x00\x0e\x00\x01\x00\x07\x00\x05\x00"\x00\x01\x00"\x00\x0f\x00$\x007\x00\x0e\x00\x05\x00\x01\x008\x00\x19\x00-\x00\x0e\x00\x08\x00%'])
DEBUG 2025-03-27 19:42:40,315 psparser nexttoken: (4078, /b'TJ')
DEBUG 2025-03-27 19:42:40,315 psparser do_keyword: pos=4078, token=/b'TJ', stack=[]
DEBUG 2025-03-27 19:42:40,315 psparser add_results: ((4078, /b'TJ'),)
DEBUG 2025-03-27 19:42:40,315 psparser nextobject: (4078, /b'TJ')
DEBUG 2025-03-27 19:42:40,318 pdfinterp exec: TJ [[b'\x00\x1f\x00\x0e\x00\x14\x00\x14\x00\x04\x005\x00\x01\x00,\x006\x00 \x00\x01\x002\x00\x16\x00#\x00%\x00\x07\x00&\x00\x0f\x00\x07\x00\x01\x00\r\x00\x07\x00)\x00\x0e\x00\x05\x00\x07\x00\x0c\x00\x01\x00\x07\x00\x01\x00.\x00\x07\x00#\x00#\x00$\x00\x04\x00\x05\x00\x07\x00\x06\x00\x0e\x00\x01\x00\x07\x00\x05\x00"\x00\x01\x00"\x00\x0f\x00$\x007\x00\x0e\x00\x05\x00\x01\x008\x00\x19\x00-\x00\x0e\x00\x08\x00%']]
DEBUG 2025-03-27 19:42:40,318 cmapdb get_unichr: <UnicodeMap: /'Adobe-Identity-UCS'>, 31
DEBUG 2025-03-27 19:42:40,319 cmapdb get_unichr: <UnicodeMap: /'Adobe-Identity-UCS'>, 14
DEBUG 2025-03-27 19:42:40,319 cmapdb get_unichr: <UnicodeMap: /'Adobe-Identity-UCS'>, 20
DEBUG 2025-03-27 19:42:40,319 cmapdb get_unichr: <UnicodeMap: /'Adobe-Identity-UCS'>, 20
DEBUG 2025-03-27 19:42:40,319 cmapdb get_unichr: <UnicodeMap: /'Adobe-Identity-UCS'>, 4
DEBUG 2025-03-27 19:42:40,319 cmapdb get_unichr: <UnicodeMap: /'Adobe-Identity-UCS'>, 53
DEBUG 2025-03-27 19:42:40,319 cmapdb get_unichr: <UnicodeMap: /'Adobe-Identity-UCS'>, 1
DEBUG 2025-03-27 19:42:40,319 cmapdb get_unichr: <UnicodeMap: /'Adobe-Identity-UCS'>, 44
DEBUG 2025-03-27 19:42:40,319 cmapdb get_unichr: <UnicodeMap: /'Adobe-Identity-UCS'>, 54
DEBUG 2025-03-27 19:42:40,319 cmapdb get_unichr: <UnicodeMap: /'Adobe-Identity-UCS'>, 32
DEBUG 2025-03-27 19:42:40,319 cmapdb get_unichr: <UnicodeMap: /'Adobe-Identity-UCS'>, 1
DEBUG 2025-03-27 19:42:40,319 cmapdb get_unichr: <UnicodeMap: /'Adobe-Identity-UCS'>, 50
DEBUG 2025-03-27 19:42:40,319 cmapdb get_unichr: <UnicodeMap: /'Adobe-Identity-UCS'>, 22
DEBUG 2025-03-27 19:42:40,319 cmapdb get_unichr: <UnicodeMap: /'Adobe-Identity-UCS'>, 35
DEBUG 2025-03-27 19:42:40,319 cmapdb get_unichr: <UnicodeMap: /'Adobe-Identity-UCS'>, 37
DEBUG 2025-03-27 19:42:40,319 cmapdb get_unichr: <UnicodeMap: /'Adobe-Identity-UCS'>, 7
DEBUG 2025-03-27 19:42:40,319 cmapdb get_unichr: <UnicodeMap: /'Adobe-Identity-UCS'>, 38
DEBUG 2025-03-27 19:42:40,319 cmapdb get_unichr: <UnicodeMap: /'Adobe-Identity-UCS'>, 15
DEBUG 2025-03-27 19:42:40,319 cmapdb get_unichr: <UnicodeMap: /'Adobe-Identity-UCS'>, 7
DEBUG 2025-03-27 19:42:40,319 cmapdb get_unichr: <UnicodeMap: /'Adobe-Identity-UCS'>, 1
DEBUG 2025-03-27 19:42:40,319 cmapdb get_unichr: <UnicodeMap: /'Adobe-Identity-UCS'>, 13
DEBUG 2025-03-27 19:42:40,320 cmapdb get_unichr: <UnicodeMap: /'Adobe-Identity-UCS'>, 7
DEBUG 2025-03-27 19:42:40,320 cmapdb get_unichr: <UnicodeMap: /'Adobe-Identity-UCS'>, 41
DEBUG 2025-03-27 19:42:40,320 cmapdb get_unichr: <UnicodeMap: /'Adobe-Identity-UCS'>, 14
DEBUG 2025-03-27 19:42:40,320 cmapdb get_unichr: <UnicodeMap: /'Adobe-Identity-UCS'>, 5
DEBUG 2025-03-27 19:42:40,320 cmapdb get_unichr: <UnicodeMap: /'Adobe-Identity-UCS'>, 7
DEBUG 2025-03-27 19:42:40,320 cmapdb get_unichr: <UnicodeMap: /'Adobe-Identity-UCS'>, 12
DEBUG 2025-03-27 19:42:40,320 cmapdb get_unichr: <UnicodeMap: /'Adobe-Identity-UCS'>, 1
DEBUG 2025-03-27 19:42:40,320 cmapdb get_unichr: <UnicodeMap: /'Adobe-Identity-UCS'>, 7
DEBUG 2025-03-27 19:42:40,320 cmapdb get_unichr: <UnicodeMap: /'Adobe-Identity-UCS'>, 1
DEBUG 2025-03-27 19:42:40,320 cmapdb get_unichr: <UnicodeMap: /'Adobe-Identity-UCS'>, 46
DEBUG 2025-03-27 19:42:40,320 cmapdb get_unichr: <UnicodeMap: /'Adobe-Identity-UCS'>, 7
DEBUG 2025-03-27 19:42:40,321 cmapdb get_unichr: <UnicodeMap: /'Adobe-Identity-UCS'>, 35
DEBUG 2025-03-27 19:42:40,321 cmapdb get_unichr: <UnicodeMap: /'Adobe-Identity-UCS'>, 35
DEBUG 2025-03-27 19:42:40,321 cmapdb get_unichr: <UnicodeMap: /'Adobe-Identity-UCS'>, 36
DEBUG 2025-03-27 19:42:40,321 cmapdb get_unichr: <UnicodeMap: /'Adobe-Identity-UCS'>, 4
DEBUG 2025-03-27 19:42:40,321 cmapdb get_unichr: <UnicodeMap: /'Adobe-Identity-UCS'>, 5
DEBUG 2025-03-27 19:42:40,321 cmapdb get_unichr: <UnicodeMap: /'Adobe-Identity-UCS'>, 7
DEBUG 2025-03-27 19:42:40,321 cmapdb get_unichr: <UnicodeMap: /'Adobe-Identity-UCS'>, 6
DEBUG 2025-03-27 19:42:40,322 cmapdb get_unichr: <UnicodeMap: /'Adobe-Identity-UCS'>, 14
DEBUG 2025-03-27 19:42:40,322 cmapdb get_unichr: <UnicodeMap: /'Adobe-Identity-UCS'>, 1
DEBUG 2025-03-27 19:42:40,322 cmapdb get_unichr: <UnicodeMap: /'Adobe-Identity-UCS'>, 7
DEBUG 2025-03-27 19:42:40,322 cmapdb get_unichr: <UnicodeMap: /'Adobe-Identity-UCS'>, 5
DEBUG 2025-03-27 19:42:40,322 cmapdb get_unichr: <UnicodeMap: /'Adobe-Identity-UCS'>, 34
DEBUG 2025-03-27 19:42:40,323 cmapdb get_unichr: <UnicodeMap: /'Adobe-Identity-UCS'>, 1
DEBUG 2025-03-27 19:42:40,324 cmapdb get_unichr: <UnicodeMap: /'Adobe-Identity-UCS'>, 34
DEBUG 2025-03-27 19:42:40,325 cmapdb get_unichr: <UnicodeMap: /'Adobe-Identity-UCS'>, 15
DEBUG 2025-03-27 19:42:40,325 cmapdb get_unichr: <UnicodeMap: /'Adobe-Identity-UCS'>, 36
DEBUG 2025-03-27 19:42:40,326 cmapdb get_unichr: <UnicodeMap: /'Adobe-Identity-UCS'>, 55
DEBUG 2025-03-27 19:42:40,326 cmapdb get_unichr: <UnicodeMap: /'Adobe-Identity-UCS'>, 14
DEBUG 2025-03-27 19:42:40,326 cmapdb get_unichr: <UnicodeMap: /'Adobe-Identity-UCS'>, 5
DEBUG 2025-03-27 19:42:40,326 cmapdb get_unichr: <UnicodeMap: /'Adobe-Identity-UCS'>, 1
DEBUG 2025-03-27 19:42:40,327 cmapdb get_unichr: <UnicodeMap: /'Adobe-Identity-UCS'>, 56
DEBUG 2025-03-27 19:42:40,327 cmapdb get_unichr: <UnicodeMap: /'Adobe-Identity-UCS'>, 25
DEBUG 2025-03-27 19:42:40,327 cmapdb get_unichr: <UnicodeMap: /'Adobe-Identity-UCS'>, 45
DEBUG 2025-03-27 19:42:40,327 cmapdb get_unichr: <UnicodeMap: /'Adobe-Identity-UCS'>, 14
DEBUG 2025-03-27 19:42:40,327 cmapdb get_unichr: <UnicodeMap: /'Adobe-Identity-UCS'>, 8
DEBUG 2025-03-27 19:42:40,328 cmapdb get_unichr: <UnicodeMap: /'Adobe-Identity-UCS'>, 37
DEBUG 2025-03-27 19:42:40,328 psparser nexttoken: (4081, /b'ET')
DEBUG 2025-03-27 19:42:40,329 psparser do_keyword: pos=4081, token=/b'ET', stack=[]
DEBUG 2025-03-27 19:42:40,329 psparser add_results: ((4081, /b'ET'),)
DEBUG 2025-03-27 19:42:40,329 psparser nextobject: (4081, /b'ET')
DEBUG 2025-03-27 19:42:40,329 pdfinterp exec: ET
DEBUG 2025-03-27 19:42:40,329 psparser nexttoken: (4084, /b'EMC')
DEBUG 2025-03-27 19:42:40,330 psparser do_keyword: pos=4084, token=/b'EMC', stack=[]
DEBUG 2025-03-27 19:42:40,330 psparser add_results: ((4084, /b'EMC'),)
DEBUG 2025-03-27 19:42:40,330 psparser nextobject: (4084, /b'EMC')
DEBUG 2025-03-27 19:42:40,330 pdfinterp exec: EMC
DEBUG 2025-03-27 19:42:40,330 psparser nexttoken: (4088, /'P')
DEBUG 2025-03-27 19:42:40,330 psparser add_results: ((4088, /'P'),)
DEBUG 2025-03-27 19:42:40,330 psparser nextobject: (4088, /'P')
DEBUG 2025-03-27 19:42:40,330 psparser nexttoken: (4091, /b'<<')
DEBUG 2025-03-27 19:42:40,330 psparser start_type: pos=4091, type='d'
DEBUG 2025-03-27 19:42:40,330 psparser nexttoken: (4093, /'MCID')
DEBUG 2025-03-27 19:42:40,332 psparser nexttoken: (4099, 22)
DEBUG 2025-03-27 19:42:40,332 psparser nexttoken: (4101, /b'>>')
DEBUG 2025-03-27 19:42:40,332 psparser end_type: pos=4091, type='d', objs=[/'MCID', 22]
DEBUG 2025-03-27 19:42:40,332 psparser add_results: ((4091, {'MCID': 22}),)
DEBUG 2025-03-27 19:42:40,332 psparser nextobject: (4091, {'MCID': 22})
DEBUG 2025-03-27 19:42:40,332 psparser nexttoken: (4104, /b'BDC')
DEBUG 2025-03-27 19:42:40,333 psparser do_keyword: pos=4104, token=/b'BDC', stack=[]
DEBUG 2025-03-27 19:42:40,333 psparser add_results: ((4104, /b'BDC'),)
DEBUG 2025-03-27 19:42:40,333 psparser nextobject: (4104, /b'BDC')
DEBUG 2025-03-27 19:42:40,333 pdfinterp exec: BDC [/'P', {'MCID': 22}]
DEBUG 2025-03-27 19:42:40,333 psparser nexttoken: (4108, /b'BT')
DEBUG 2025-03-27 19:42:40,333 psparser do_keyword: pos=4108, token=/b'BT', stack=[]
DEBUG 2025-03-27 19:42:40,333 psparser add_results: ((4108, /b'BT'),)
DEBUG 2025-03-27 19:42:40,333 psparser nextobject: (4108, /b'BT')
DEBUG 2025-03-27 19:42:40,333 pdfinterp exec: BT
DEBUG 2025-03-27 19:42:40,334 psparser nexttoken: (4111, /'F15')
DEBUG 2025-03-27 19:42:40,334 psparser add_results: ((4111, /'F15'),)
DEBUG 2025-03-27 19:42:40,334 psparser nextobject: (4111, /'F15')
DEBUG 2025-03-27 19:42:40,334 psparser nexttoken: (4116, 12)
DEBUG 2025-03-27 19:42:40,334 psparser add_results: ((4116, 12),)
DEBUG 2025-03-27 19:42:40,334 psparser nextobject: (4116, 12)
DEBUG 2025-03-27 19:42:40,334 psparser nexttoken: (4119, /b'Tf')
DEBUG 2025-03-27 19:42:40,334 psparser do_keyword: pos=4119, token=/b'Tf', stack=[]
DEBUG 2025-03-27 19:42:40,334 psparser add_results: ((4119, /b'Tf'),)
DEBUG 2025-03-27 19:42:40,334 psparser nextobject: (4119, /b'Tf')
DEBUG 2025-03-27 19:42:40,335 pdfinterp exec: Tf [/'F15', 12]
DEBUG 2025-03-27 19:42:40,335 psparser nexttoken: (4122, 1)
DEBUG 2025-03-27 19:42:40,335 psparser add_results: ((4122, 1),)
DEBUG 2025-03-27 19:42:40,335 psparser nextobject: (4122, 1)
DEBUG 2025-03-27 19:42:40,335 psparser nexttoken: (4124, 0)
DEBUG 2025-03-27 19:42:40,335 psparser add_results: ((4124, 0),)
DEBUG 2025-03-27 19:42:40,335 psparser nextobject: (4124, 0)
DEBUG 2025-03-27 19:42:40,335 psparser nexttoken: (4126, 0)
DEBUG 2025-03-27 19:42:40,335 psparser add_results: ((4126, 0),)
DEBUG 2025-03-27 19:42:40,336 psparser nextobject: (4126, 0)
DEBUG 2025-03-27 19:42:40,336 psparser nexttoken: (4128, -1)
DEBUG 2025-03-27 19:42:40,336 psparser add_results: ((4128, -1),)
DEBUG 2025-03-27 19:42:40,336 psparser nextobject: (4128, -1)
DEBUG 2025-03-27 19:42:40,336 psparser nexttoken: (4131, 0)
DEBUG 2025-03-27 19:42:40,336 psparser add_results: ((4131, 0),)
DEBUG 2025-03-27 19:42:40,336 psparser nextobject: (4131, 0)
DEBUG 2025-03-27 19:42:40,336 psparser nexttoken: (4133, 154.41400146)
DEBUG 2025-03-27 19:42:40,337 psparser add_results: ((4133, 154.41400146),)
DEBUG 2025-03-27 19:42:40,337 psparser nextobject: (4133, 154.41400146)
DEBUG 2025-03-27 19:42:40,337 psparser nexttoken: (4146, /b'Tm')
DEBUG 2025-03-27 19:42:40,337 psparser do_keyword: pos=4146, token=/b'Tm', stack=[]
DEBUG 2025-03-27 19:42:40,337 psparser add_results: ((4146, /b'Tm'),)
DEBUG 2025-03-27 19:42:40,337 psparser nextobject: (4146, /b'Tm')
DEBUG 2025-03-27 19:42:40,337 pdfinterp exec: Tm [1, 0, 0, -1, 0, 154.41400146]
DEBUG 2025-03-27 19:42:40,338 psparser nexttoken: (4149, /b'[')
DEBUG 2025-03-27 19:42:40,338 psparser start_type: pos=4149, type='a'
DEBUG 2025-03-27 19:42:40,338 psparser nexttoken: (4150, b'\x00#\x00\x06\x00\x16\x00"\x00\x0e\x00\x05\x00\x06\x00\x01\x00$\x00\x05\x00\x01\x00\x03\x00\x04\x00 \x00.\x00\x16\x00\x06\x00\x0e\x00\x0f\x00\x01\x00\r\x00\x08\x00$\x00\x0e\x00\x05\x00\x08\x00\x0e\x00\x01\x00\x18\x00$\x00\x06\x00%\x00\x01\x00\x07\x00\x01\x00#\x00.\x00\x0e\x00\x08\x00$\x00\x07\x00\x14\x00$\x009\x00\x07\x00\x06\x00$\x00\x04\x00\x05\x00\x01\x00$\x00\x05\x00\x01\x00\x12\x00\x07\x00\x06\x00\x07\x00\x01\x00\r\x00\x08\x00$\x00\x0e\x00\x05\x00\x08\x00\x0e\x00\x0c')
DEBUG 2025-03-27 19:42:40,339 psparser nexttoken: (4416, /b']')
DEBUG 2025-03-27 19:42:40,339 psparser end_type: pos=4149, type='a', objs=[b'\x00#\x00\x06\x00\x16\x00"\x00\x0e\x00\x05\x00\x06\x00\x01\x00$\x00\x05\x00\x01\x00\x03\x00\x04\x00 \x00.\x00\x16\x00\x06\x00\x0e\x00\x0f\x00\x01\x00\r\x00\x08\x00$\x00\x0e\x00\x05\x00\x08\x00\x0e\x00\x01\x00\x18\x00$\x00\x06\x00%\x00\x01\x00\x07\x00\x01\x00#\x00.\x00\x0e\x00\x08\x00$\x00\x07\x00\x14\x00$\x009\x00\x07\x00\x06\x00$\x00\x04\x00\x05\x00\x01\x00$\x00\x05\x00\x01\x00\x12\x00\x07\x00\x06\x00\x07\x00\x01\x00\r\x00\x08\x00$\x00\x0e\x00\x05\x00\x08\x00\x0e\x00\x0c']
DEBUG 2025-03-27 19:42:40,339 psparser add_results: ((4149, [b'\x00#\x00\x06\x00\x16\x00"\x00\x0e\x00\x05\x00\x06\x00\x01\x00$\x00\x05\x00\x01\x00\x03\x00\x04\x00 \x00.\x00\x16\x00\x06\x00\x0e\x00\x0f\x00\x01\x00\r\x00\x08\x00$\x00\x0e\x00\x05\x00\x08\x00\x0e\x00\x01\x00\x18\x00$\x00\x06\x00%\x00\x01\x00\x07\x00\x01\x00#\x00.\x00\x0e\x00\x08\x00$\x00\x07\x00\x14\x00$\x009\x00\x07\x00\x06\x00$\x00\x04\x00\x05\x00\x01\x00$\x00\x05\x00\x01\x00\x12\x00\x07\x00\x06\x00\x07\x00\x01\x00\r\x00\x08\x00$\x00\x0e\x00\x05\x00\x08\x00\x0e\x00\x0c']),)
DEBUG 2025-03-27 19:42:40,339 psparser nextobject: (4149, [b'\x00#\x00\x06\x00\x16\x00"\x00\x0e\x00\x05\x00\x06\x00\x01\x00$\x00\x05\x00\x01\x00\x03\x00\x04\x00 \x00.\x00\x16\x00\x06\x00\x0e\x00\x0f\x00\x01\x00\r\x00\x08\x00$\x00\x0e\x00\x05\x00\x08\x00\x0e\x00\x01\x00\x18\x00$\x00\x06\x00%\x00\x01\x00\x07\x00\x01\x00#\x00.\x00\x0e\x00\x08\x00$\x00\x07\x00\x14\x00$\x009\x00\x07\x00\x06\x00$\x00\x04\x00\x05\x00\x01\x00$\x00\x05\x00\x01\x00\x12\x00\x07\x00\x06\x00\x07\x00\x01\x00\r\x00\x08\x00$\x00\x0e\x00\x05\x00\x08\x00\x0e\x00\x0c'])
DEBUG 2025-03-27 19:42:40,339 psparser nexttoken: (4418, /b'TJ')
DEBUG 2025-03-27 19:42:40,339 psparser do_keyword: pos=4418, token=/b'TJ', stack=[]
DEBUG 2025-03-27 19:42:40,339 psparser add_results: ((4418, /b'TJ'),)
DEBUG 2025-03-27 19:42:40,339 psparser nextobject: (4418, /b'TJ')
DEBUG 2025-03-27 19:42:40,340 pdfinterp exec: TJ [[b'\x00#\x00\x06\x00\x16\x00"\x00\x0e\x00\x05\x00\x06\x00\x01\x00$\x00\x05\x00\x01\x00\x03\x00\x04\x00 \x00.\x00\x16\x00\x06\x00\x0e\x00\x0f\x00\x01\x00\r\x00\x08\x00$\x00\x0e\x00\x05\x00\x08\x00\x0e\x00\x01\x00\x18\x00$\x00\x06\x00%\x00\x01\x00\x07\x00\x01\x00#\x00.\x00\x0e\x00\x08\x00$\x00\x07\x00\x14\x00$\x009\x00\x07\x00\x06\x00$\x00\x04\x00\x05\x00\x01\x00$\x00\x05\x00\x01\x00\x12\x00\x07\x00\x06\x00\x07\x00\x01\x00\r\x00\x08\x00$\x00\x0e\x00\x05\x00\x08\x00\x0e\x00\x0c']]
DEBUG 2025-03-27 19:42:40,340 cmapdb get_unichr: <UnicodeMap: /'Adobe-Identity-UCS'>, 35
DEBUG 2025-03-27 19:42:40,340 cmapdb get_unichr: <UnicodeMap: /'Adobe-Identity-UCS'>, 6
DEBUG 2025-03-27 19:42:40,341 cmapdb get_unichr: <UnicodeMap: /'Adobe-Identity-UCS'>, 22
DEBUG 2025-03-27 19:42:40,341 cmapdb get_unichr: <UnicodeMap: /'Adobe-Identity-UCS'>, 34
DEBUG 2025-03-27 19:42:40,341 cmapdb get_unichr: <UnicodeMap: /'Adobe-Identity-UCS'>, 14
DEBUG 2025-03-27 19:42:40,341 cmapdb get_unichr: <UnicodeMap: /'Adobe-Identity-UCS'>, 5
DEBUG 2025-03-27 19:42:40,342 cmapdb get_unichr: <UnicodeMap: /'Adobe-Identity-UCS'>, 6
DEBUG 2025-03-27 19:42:40,342 cmapdb get_unichr: <UnicodeMap: /'Adobe-Identity-UCS'>, 1
DEBUG 2025-03-27 19:42:40,342 cmapdb get_unichr: <UnicodeMap: /'Adobe-Identity-UCS'>, 36
DEBUG 2025-03-27 19:42:40,342 cmapdb get_unichr: <UnicodeMap: /'Adobe-Identity-UCS'>, 5
DEBUG 2025-03-27 19:42:40,343 cmapdb get_unichr: <UnicodeMap: /'Adobe-Identity-UCS'>, 1
DEBUG 2025-03-27 19:42:40,343 cmapdb get_unichr: <UnicodeMap: /'Adobe-Identity-UCS'>, 3
DEBUG 2025-03-27 19:42:40,343 cmapdb get_unichr: <UnicodeMap: /'Adobe-Identity-UCS'>, 4
DEBUG 2025-03-27 19:42:40,344 cmapdb get_unichr: <UnicodeMap: /'Adobe-Identity-UCS'>, 32
DEBUG 2025-03-27 19:42:40,344 cmapdb get_unichr: <UnicodeMap: /'Adobe-Identity-UCS'>, 46
DEBUG 2025-03-27 19:42:40,344 cmapdb get_unichr: <UnicodeMap: /'Adobe-Identity-UCS'>, 22
DEBUG 2025-03-27 19:42:40,345 cmapdb get_unichr: <UnicodeMap: /'Adobe-Identity-UCS'>, 6
DEBUG 2025-03-27 19:42:40,345 cmapdb get_unichr: <UnicodeMap: /'Adobe-Identity-UCS'>, 14
DEBUG 2025-03-27 19:42:40,345 cmapdb get_unichr: <UnicodeMap: /'Adobe-Identity-UCS'>, 15
DEBUG 2025-03-27 19:42:40,345 cmapdb get_unichr: <UnicodeMap: /'Adobe-Identity-UCS'>, 1
DEBUG 2025-03-27 19:42:40,346 cmapdb get_unichr: <UnicodeMap: /'Adobe-Identity-UCS'>, 13
DEBUG 2025-03-27 19:42:40,346 cmapdb get_unichr: <UnicodeMap: /'Adobe-Identity-UCS'>, 8
DEBUG 2025-03-27 19:42:40,346 cmapdb get_unichr: <UnicodeMap: /'Adobe-Identity-UCS'>, 36
DEBUG 2025-03-27 19:42:40,346 cmapdb get_unichr: <UnicodeMap: /'Adobe-Identity-UCS'>, 14
DEBUG 2025-03-27 19:42:40,346 cmapdb get_unichr: <UnicodeMap: /'Adobe-Identity-UCS'>, 5
DEBUG 2025-03-27 19:42:40,346 cmapdb get_unichr: <UnicodeMap: /'Adobe-Identity-UCS'>, 8
DEBUG 2025-03-27 19:42:40,346 cmapdb get_unichr: <UnicodeMap: /'Adobe-Identity-UCS'>, 14
DEBUG 2025-03-27 19:42:40,346 cmapdb get_unichr: <UnicodeMap: /'Adobe-Identity-UCS'>, 1
DEBUG 2025-03-27 19:42:40,347 cmapdb get_unichr: <UnicodeMap: /'Adobe-Identity-UCS'>, 24
DEBUG 2025-03-27 19:42:40,347 cmapdb get_unichr: <UnicodeMap: /'Adobe-Identity-UCS'>, 36
DEBUG 2025-03-27 19:42:40,347 cmapdb get_unichr: <UnicodeMap: /'Adobe-Identity-UCS'>, 6
DEBUG 2025-03-27 19:42:40,347 cmapdb get_unichr: <UnicodeMap: /'Adobe-Identity-UCS'>, 37
DEBUG 2025-03-27 19:42:40,347 cmapdb get_unichr: <UnicodeMap: /'Adobe-Identity-UCS'>, 1
DEBUG 2025-03-27 19:42:40,347 cmapdb get_unichr: <UnicodeMap: /'Adobe-Identity-UCS'>, 7
DEBUG 2025-03-27 19:42:40,348 cmapdb get_unichr: <UnicodeMap: /'Adobe-Identity-UCS'>, 1
DEBUG 2025-03-27 19:42:40,348 cmapdb get_unichr: <UnicodeMap: /'Adobe-Identity-UCS'>, 35
DEBUG 2025-03-27 19:42:40,348 cmapdb get_unichr: <UnicodeMap: /'Adobe-Identity-UCS'>, 46
DEBUG 2025-03-27 19:42:40,348 cmapdb get_unichr: <UnicodeMap: /'Adobe-Identity-UCS'>, 14
DEBUG 2025-03-27 19:42:40,349 cmapdb get_unichr: <UnicodeMap: /'Adobe-Identity-UCS'>, 8
DEBUG 2025-03-27 19:42:40,349 cmapdb get_unichr: <UnicodeMap: /'Adobe-Identity-UCS'>, 36
DEBUG 2025-03-27 19:42:40,349 cmapdb get_unichr: <UnicodeMap: /'Adobe-Identity-UCS'>, 7
DEBUG 2025-03-27 19:42:40,349 cmapdb get_unichr: <UnicodeMap: /'Adobe-Identity-UCS'>, 20
DEBUG 2025-03-27 19:42:40,349 cmapdb get_unichr: <UnicodeMap: /'Adobe-Identity-UCS'>, 36
DEBUG 2025-03-27 19:42:40,349 cmapdb get_unichr: <UnicodeMap: /'Adobe-Identity-UCS'>, 57
DEBUG 2025-03-27 19:42:40,349 cmapdb get_unichr: <UnicodeMap: /'Adobe-Identity-UCS'>, 7
DEBUG 2025-03-27 19:42:40,350 cmapdb get_unichr: <UnicodeMap: /'Adobe-Identity-UCS'>, 6
DEBUG 2025-03-27 19:42:40,350 cmapdb get_unichr: <UnicodeMap: /'Adobe-Identity-UCS'>, 36
DEBUG 2025-03-27 19:42:40,350 cmapdb get_unichr: <UnicodeMap: /'Adobe-Identity-UCS'>, 4
DEBUG 2025-03-27 19:42:40,350 cmapdb get_unichr: <UnicodeMap: /'Adobe-Identity-UCS'>, 5
DEBUG 2025-03-27 19:42:40,350 cmapdb get_unichr: <UnicodeMap: /'Adobe-Identity-UCS'>, 1
DEBUG 2025-03-27 19:42:40,351 cmapdb get_unichr: <UnicodeMap: /'Adobe-Identity-UCS'>, 36
DEBUG 2025-03-27 19:42:40,351 cmapdb get_unichr: <UnicodeMap: /'Adobe-Identity-UCS'>, 5
DEBUG 2025-03-27 19:42:40,351 cmapdb get_unichr: <UnicodeMap: /'Adobe-Identity-UCS'>, 1
DEBUG 2025-03-27 19:42:40,351 cmapdb get_unichr: <UnicodeMap: /'Adobe-Identity-UCS'>, 18
DEBUG 2025-03-27 19:42:40,352 cmapdb get_unichr: <UnicodeMap: /'Adobe-Identity-UCS'>, 7
DEBUG 2025-03-27 19:42:40,352 cmapdb get_unichr: <UnicodeMap: /'Adobe-Identity-UCS'>, 6
DEBUG 2025-03-27 19:42:40,352 cmapdb get_unichr: <UnicodeMap: /'Adobe-Identity-UCS'>, 7
DEBUG 2025-03-27 19:42:40,352 cmapdb get_unichr: <UnicodeMap: /'Adobe-Identity-UCS'>, 1
DEBUG 2025-03-27 19:42:40,352 cmapdb get_unichr: <UnicodeMap: /'Adobe-Identity-UCS'>, 13
DEBUG 2025-03-27 19:42:40,352 cmapdb get_unichr: <UnicodeMap: /'Adobe-Identity-UCS'>, 8
DEBUG 2025-03-27 19:42:40,352 cmapdb get_unichr: <UnicodeMap: /'Adobe-Identity-UCS'>, 36
DEBUG 2025-03-27 19:42:40,352 cmapdb get_unichr: <UnicodeMap: /'Adobe-Identity-UCS'>, 14
DEBUG 2025-03-27 19:42:40,352 cmapdb get_unichr: <UnicodeMap: /'Adobe-Identity-UCS'>, 5
DEBUG 2025-03-27 19:42:40,354 cmapdb get_unichr: <UnicodeMap: /'Adobe-Identity-UCS'>, 8
DEBUG 2025-03-27 19:42:40,354 cmapdb get_unichr: <UnicodeMap: /'Adobe-Identity-UCS'>, 14
DEBUG 2025-03-27 19:42:40,354 cmapdb get_unichr: <UnicodeMap: /'Adobe-Identity-UCS'>, 12
DEBUG 2025-03-27 19:42:40,354 psparser nexttoken: (4421, /b'ET')
DEBUG 2025-03-27 19:42:40,354 psparser do_keyword: pos=4421, token=/b'ET', stack=[]
DEBUG 2025-03-27 19:42:40,354 psparser add_results: ((4421, /b'ET'),)
DEBUG 2025-03-27 19:42:40,355 psparser nextobject: (4421, /b'ET')
DEBUG 2025-03-27 19:42:40,355 pdfinterp exec: ET
DEBUG 2025-03-27 19:42:40,355 psparser nexttoken: (4424, /b'EMC')
DEBUG 2025-03-27 19:42:40,355 psparser do_keyword: pos=4424, token=/b'EMC', stack=[]
DEBUG 2025-03-27 19:42:40,355 psparser add_results: ((4424, /b'EMC'),)
DEBUG 2025-03-27 19:42:40,356 psparser nextobject: (4424, /b'EMC')
DEBUG 2025-03-27 19:42:40,356 pdfinterp exec: EMC
DEBUG 2025-03-27 19:42:40,356 psparser nexttoken: (4428, /'P')
DEBUG 2025-03-27 19:42:40,356 psparser add_results: ((4428, /'P'),)
DEBUG 2025-03-27 19:42:40,356 psparser nextobject: (4428, /'P')
DEBUG 2025-03-27 19:42:40,356 psparser nexttoken: (4431, /b'<<')
DEBUG 2025-03-27 19:42:40,357 psparser start_type: pos=4431, type='d'
DEBUG 2025-03-27 19:42:40,357 psparser nexttoken: (4433, /'MCID')
DEBUG 2025-03-27 19:42:40,358 psparser nexttoken: (4439, 23)
DEBUG 2025-03-27 19:42:40,358 psparser nexttoken: (4441, /b'>>')
DEBUG 2025-03-27 19:42:40,358 psparser end_type: pos=4431, type='d', objs=[/'MCID', 23]
DEBUG 2025-03-27 19:42:40,358 psparser add_results: ((4431, {'MCID': 23}),)
DEBUG 2025-03-27 19:42:40,358 psparser nextobject: (4431, {'MCID': 23})
DEBUG 2025-03-27 19:42:40,358 psparser nexttoken: (4444, /b'BDC')
DEBUG 2025-03-27 19:42:40,359 psparser do_keyword: pos=4444, token=/b'BDC', stack=[]
DEBUG 2025-03-27 19:42:40,359 psparser add_results: ((4444, /b'BDC'),)
DEBUG 2025-03-27 19:42:40,359 psparser nextobject: (4444, /b'BDC')
DEBUG 2025-03-27 19:42:40,359 pdfinterp exec: BDC [/'P', {'MCID': 23}]
DEBUG 2025-03-27 19:42:40,360 psparser nexttoken: (4448, /b'BT')
DEBUG 2025-03-27 19:42:40,361 psparser do_keyword: pos=4448, token=/b'BT', stack=[]
DEBUG 2025-03-27 19:42:40,361 psparser add_results: ((4448, /b'BT'),)
DEBUG 2025-03-27 19:42:40,361 psparser nextobject: (4448, /b'BT')
DEBUG 2025-03-27 19:42:40,361 pdfinterp exec: BT
DEBUG 2025-03-27 19:42:40,361 psparser nexttoken: (4451, /'F15')
DEBUG 2025-03-27 19:42:40,362 psparser add_results: ((4451, /'F15'),)
DEBUG 2025-03-27 19:42:40,362 psparser nextobject: (4451, /'F15')
DEBUG 2025-03-27 19:42:40,362 psparser nexttoken: (4456, 12)
DEBUG 2025-03-27 19:42:40,362 psparser add_results: ((4456, 12),)
DEBUG 2025-03-27 19:42:40,362 psparser nextobject: (4456, 12)
DEBUG 2025-03-27 19:42:40,362 psparser nexttoken: (4459, /b'Tf')
DEBUG 2025-03-27 19:42:40,364 psparser do_keyword: pos=4459, token=/b'Tf', stack=[]
DEBUG 2025-03-27 19:42:40,364 psparser add_results: ((4459, /b'Tf'),)
DEBUG 2025-03-27 19:42:40,364 psparser nextobject: (4459, /b'Tf')
DEBUG 2025-03-27 19:42:40,364 pdfinterp exec: Tf [/'F15', 12]
DEBUG 2025-03-27 19:42:40,364 psparser nexttoken: (4462, 1)
DEBUG 2025-03-27 19:42:40,364 psparser add_results: ((4462, 1),)
DEBUG 2025-03-27 19:42:40,364 psparser nextobject: (4462, 1)
DEBUG 2025-03-27 19:42:40,364 psparser nexttoken: (4464, 0)
DEBUG 2025-03-27 19:42:40,364 psparser add_results: ((4464, 0),)
DEBUG 2025-03-27 19:42:40,365 psparser nextobject: (4464, 0)
DEBUG 2025-03-27 19:42:40,365 psparser nexttoken: (4466, 0)
DEBUG 2025-03-27 19:42:40,365 psparser add_results: ((4466, 0),)
DEBUG 2025-03-27 19:42:40,365 psparser nextobject: (4466, 0)
DEBUG 2025-03-27 19:42:40,365 psparser nexttoken: (4468, -1)
DEBUG 2025-03-27 19:42:40,365 psparser add_results: ((4468, -1),)
DEBUG 2025-03-27 19:42:40,365 psparser nextobject: (4468, -1)
DEBUG 2025-03-27 19:42:40,365 psparser nexttoken: (4471, 0)
DEBUG 2025-03-27 19:42:40,365 psparser add_results: ((4471, 0),)
DEBUG 2025-03-27 19:42:40,365 psparser nextobject: (4471, 0)
DEBUG 2025-03-27 19:42:40,365 psparser nexttoken: (4473, 172.41400146)
DEBUG 2025-03-27 19:42:40,366 psparser add_results: ((4473, 172.41400146),)
DEBUG 2025-03-27 19:42:40,366 psparser nextobject: (4473, 172.41400146)
DEBUG 2025-03-27 19:42:40,366 psparser nexttoken: (4486, /b'Tm')
DEBUG 2025-03-27 19:42:40,366 psparser do_keyword: pos=4486, token=/b'Tm', stack=[]
DEBUG 2025-03-27 19:42:40,366 psparser add_results: ((4486, /b'Tm'),)
DEBUG 2025-03-27 19:42:40,366 psparser nextobject: (4486, /b'Tm')
DEBUG 2025-03-27 19:42:40,366 pdfinterp exec: Tm [1, 0, 0, -1, 0, 172.41400146]
DEBUG 2025-03-27 19:42:40,367 psparser nexttoken: (4489, /b'[')
DEBUG 2025-03-27 19:42:40,367 psparser start_type: pos=4489, type='a'
DEBUG 2025-03-27 19:42:40,367 psparser nexttoken: (4490, b'\x00\x07\x00\x05\x00"\x00\x01\x00\x07\x00\x01\x00 \x00$\x00\x05\x00\x04\x00\x0f\x00\x01\x00$\x00\x05\x00\x01\x003\x00\x04\x00:\x00\x04\x00\x06\x00$\x00\x08\x00#\x00\x01\x00\x07\x00\x06\x00\x01\x00\r\x00%\x00\x0f\x00$\x00\x01\x003\x00\x07\x00 \x00#\x00\x18\x00\x07\x00\x0f\x00\x04\x00\x04\x00.\x00\x01\x00/\x00\x0e\x00 \x00\x04\x00\x0f\x00$\x00\x07\x00\x14\x00\x01\x00\x03\x00\x04\x00\x14\x00\x14\x00\x0e\x00&\x00\x0e\x00\x01\x00\x04\x000')
DEBUG 2025-03-27 19:42:40,367 psparser nexttoken: (4740, /b']')
DEBUG 2025-03-27 19:42:40,367 psparser end_type: pos=4489, type='a', objs=[b'\x00\x07\x00\x05\x00"\x00\x01\x00\x07\x00\x01\x00 \x00$\x00\x05\x00\x04\x00\x0f\x00\x01\x00$\x00\x05\x00\x01\x003\x00\x04\x00:\x00\x04\x00\x06\x00$\x00\x08\x00#\x00\x01\x00\x07\x00\x06\x00\x01\x00\r\x00%\x00\x0f\x00$\x00\x01\x003\x00\x07\x00 \x00#\x00\x18\x00\x07\x00\x0f\x00\x04\x00\x04\x00.\x00\x01\x00/\x00\x0e\x00 \x00\x04\x00\x0f\x00$\x00\x07\x00\x14\x00\x01\x00\x03\x00\x04\x00\x14\x00\x14\x00\x0e\x00&\x00\x0e\x00\x01\x00\x04\x000']
DEBUG 2025-03-27 19:42:40,367 psparser add_results: ((4489, [b'\x00\x07\x00\x05\x00"\x00\x01\x00\x07\x00\x01\x00 \x00$\x00\x05\x00\x04\x00\x0f\x00\x01\x00$\x00\x05\x00\x01\x003\x00\x04\x00:\x00\x04\x00\x06\x00$\x00\x08\x00#\x00\x01\x00\x07\x00\x06\x00\x01\x00\r\x00%\x00\x0f\x00$\x00\x01\x003\x00\x07\x00 \x00#\x00\x18\x00\x07\x00\x0f\x00\x04\x00\x04\x00.\x00\x01\x00/\x00\x0e\x00 \x00\x04\x00\x0f\x00$\x00\x07\x00\x14\x00\x01\x00\x03\x00\x04\x00\x14\x00\x14\x00\x0e\x00&\x00\x0e\x00\x01\x00\x04\x000']),)
DEBUG 2025-03-27 19:42:40,367 psparser nextobject: (4489, [b'\x00\x07\x00\x05\x00"\x00\x01\x00\x07\x00\x01\x00 \x00$\x00\x05\x00\x04\x00\x0f\x00\x01\x00$\x00\x05\x00\x01\x003\x00\x04\x00:\x00\x04\x00\x06\x00$\x00\x08\x00#\x00\x01\x00\x07\x00\x06\x00\x01\x00\r\x00%\x00\x0f\x00$\x00\x01\x003\x00\x07\x00 \x00#\x00\x18\x00\x07\x00\x0f\x00\x04\x00\x04\x00.\x00\x01\x00/\x00\x0e\x00 \x00\x04\x00\x0f\x00$\x00\x07\x00\x14\x00\x01\x00\x03\x00\x04\x00\x14\x00\x14\x00\x0e\x00&\x00\x0e\x00\x01\x00\x04\x000'])
DEBUG 2025-03-27 19:42:40,368 psparser nexttoken: (4742, /b'TJ')
DEBUG 2025-03-27 19:42:40,368 psparser do_keyword: pos=4742, token=/b'TJ', stack=[]
DEBUG 2025-03-27 19:42:40,368 psparser add_results: ((4742, /b'TJ'),)
DEBUG 2025-03-27 19:42:40,368 psparser nextobject: (4742, /b'TJ')
DEBUG 2025-03-27 19:42:40,368 pdfinterp exec: TJ [[b'\x00\x07\x00\x05\x00"\x00\x01\x00\x07\x00\x01\x00 \x00$\x00\x05\x00\x04\x00\x0f\x00\x01\x00$\x00\x05\x00\x01\x003\x00\x04\x00:\x00\x04\x00\x06\x00$\x00\x08\x00#\x00\x01\x00\x07\x00\x06\x00\x01\x00\r\x00%\x00\x0f\x00$\x00\x01\x003\x00\x07\x00 \x00#\x00\x18\x00\x07\x00\x0f\x00\x04\x00\x04\x00.\x00\x01\x00/\x00\x0e\x00 \x00\x04\x00\x0f\x00$\x00\x07\x00\x14\x00\x01\x00\x03\x00\x04\x00\x14\x00\x14\x00\x0e\x00&\x00\x0e\x00\x01\x00\x04\x000']]
DEBUG 2025-03-27 19:42:40,368 cmapdb get_unichr: <UnicodeMap: /'Adobe-Identity-UCS'>, 7
DEBUG 2025-03-27 19:42:40,368 cmapdb get_unichr: <UnicodeMap: /'Adobe-Identity-UCS'>, 5
DEBUG 2025-03-27 19:42:40,369 cmapdb get_unichr: <UnicodeMap: /'Adobe-Identity-UCS'>, 34
DEBUG 2025-03-27 19:42:40,369 cmapdb get_unichr: <UnicodeMap: /'Adobe-Identity-UCS'>, 1
DEBUG 2025-03-27 19:42:40,369 cmapdb get_unichr: <UnicodeMap: /'Adobe-Identity-UCS'>, 7
DEBUG 2025-03-27 19:42:40,369 cmapdb get_unichr: <UnicodeMap: /'Adobe-Identity-UCS'>, 1
DEBUG 2025-03-27 19:42:40,369 cmapdb get_unichr: <UnicodeMap: /'Adobe-Identity-UCS'>, 32
DEBUG 2025-03-27 19:42:40,369 cmapdb get_unichr: <UnicodeMap: /'Adobe-Identity-UCS'>, 36
DEBUG 2025-03-27 19:42:40,369 cmapdb get_unichr: <UnicodeMap: /'Adobe-Identity-UCS'>, 5
DEBUG 2025-03-27 19:42:40,369 cmapdb get_unichr: <UnicodeMap: /'Adobe-Identity-UCS'>, 4
DEBUG 2025-03-27 19:42:40,369 cmapdb get_unichr: <UnicodeMap: /'Adobe-Identity-UCS'>, 15
DEBUG 2025-03-27 19:42:40,369 cmapdb get_unichr: <UnicodeMap: /'Adobe-Identity-UCS'>, 1
DEBUG 2025-03-27 19:42:40,369 cmapdb get_unichr: <UnicodeMap: /'Adobe-Identity-UCS'>, 36
DEBUG 2025-03-27 19:42:40,369 cmapdb get_unichr: <UnicodeMap: /'Adobe-Identity-UCS'>, 5
DEBUG 2025-03-27 19:42:40,370 cmapdb get_unichr: <UnicodeMap: /'Adobe-Identity-UCS'>, 1
DEBUG 2025-03-27 19:42:40,370 cmapdb get_unichr: <UnicodeMap: /'Adobe-Identity-UCS'>, 51
DEBUG 2025-03-27 19:42:40,370 cmapdb get_unichr: <UnicodeMap: /'Adobe-Identity-UCS'>, 4
DEBUG 2025-03-27 19:42:40,370 cmapdb get_unichr: <UnicodeMap: /'Adobe-Identity-UCS'>, 58
DEBUG 2025-03-27 19:42:40,370 cmapdb get_unichr: <UnicodeMap: /'Adobe-Identity-UCS'>, 4
DEBUG 2025-03-27 19:42:40,370 cmapdb get_unichr: <UnicodeMap: /'Adobe-Identity-UCS'>, 6
DEBUG 2025-03-27 19:42:40,371 cmapdb get_unichr: <UnicodeMap: /'Adobe-Identity-UCS'>, 36
DEBUG 2025-03-27 19:42:40,371 cmapdb get_unichr: <UnicodeMap: /'Adobe-Identity-UCS'>, 8
DEBUG 2025-03-27 19:42:40,371 cmapdb get_unichr: <UnicodeMap: /'Adobe-Identity-UCS'>, 35
DEBUG 2025-03-27 19:42:40,371 cmapdb get_unichr: <UnicodeMap: /'Adobe-Identity-UCS'>, 1
DEBUG 2025-03-27 19:42:40,372 cmapdb get_unichr: <UnicodeMap: /'Adobe-Identity-UCS'>, 7
DEBUG 2025-03-27 19:42:40,372 cmapdb get_unichr: <UnicodeMap: /'Adobe-Identity-UCS'>, 6
DEBUG 2025-03-27 19:42:40,372 cmapdb get_unichr: <UnicodeMap: /'Adobe-Identity-UCS'>, 1
DEBUG 2025-03-27 19:42:40,372 cmapdb get_unichr: <UnicodeMap: /'Adobe-Identity-UCS'>, 13
DEBUG 2025-03-27 19:42:40,372 cmapdb get_unichr: <UnicodeMap: /'Adobe-Identity-UCS'>, 37
DEBUG 2025-03-27 19:42:40,373 cmapdb get_unichr: <UnicodeMap: /'Adobe-Identity-UCS'>, 15
DEBUG 2025-03-27 19:42:40,373 cmapdb get_unichr: <UnicodeMap: /'Adobe-Identity-UCS'>, 36
DEBUG 2025-03-27 19:42:40,373 cmapdb get_unichr: <UnicodeMap: /'Adobe-Identity-UCS'>, 1
DEBUG 2025-03-27 19:42:40,373 cmapdb get_unichr: <UnicodeMap: /'Adobe-Identity-UCS'>, 51
DEBUG 2025-03-27 19:42:40,374 cmapdb get_unichr: <UnicodeMap: /'Adobe-Identity-UCS'>, 7
DEBUG 2025-03-27 19:42:40,374 cmapdb get_unichr: <UnicodeMap: /'Adobe-Identity-UCS'>, 32
DEBUG 2025-03-27 19:42:40,374 cmapdb get_unichr: <UnicodeMap: /'Adobe-Identity-UCS'>, 35
DEBUG 2025-03-27 19:42:40,374 cmapdb get_unichr: <UnicodeMap: /'Adobe-Identity-UCS'>, 24
DEBUG 2025-03-27 19:42:40,375 cmapdb get_unichr: <UnicodeMap: /'Adobe-Identity-UCS'>, 7
DEBUG 2025-03-27 19:42:40,375 cmapdb get_unichr: <UnicodeMap: /'Adobe-Identity-UCS'>, 15
DEBUG 2025-03-27 19:42:40,375 cmapdb get_unichr: <UnicodeMap: /'Adobe-Identity-UCS'>, 4
DEBUG 2025-03-27 19:42:40,375 cmapdb get_unichr: <UnicodeMap: /'Adobe-Identity-UCS'>, 4
DEBUG 2025-03-27 19:42:40,375 cmapdb get_unichr: <UnicodeMap: /'Adobe-Identity-UCS'>, 46
DEBUG 2025-03-27 19:42:40,375 cmapdb get_unichr: <UnicodeMap: /'Adobe-Identity-UCS'>, 1
DEBUG 2025-03-27 19:42:40,375 cmapdb get_unichr: <UnicodeMap: /'Adobe-Identity-UCS'>, 47
DEBUG 2025-03-27 19:42:40,376 cmapdb get_unichr: <UnicodeMap: /'Adobe-Identity-UCS'>, 14
DEBUG 2025-03-27 19:42:40,376 cmapdb get_unichr: <UnicodeMap: /'Adobe-Identity-UCS'>, 32
DEBUG 2025-03-27 19:42:40,376 cmapdb get_unichr: <UnicodeMap: /'Adobe-Identity-UCS'>, 4
DEBUG 2025-03-27 19:42:40,376 cmapdb get_unichr: <UnicodeMap: /'Adobe-Identity-UCS'>, 15
DEBUG 2025-03-27 19:42:40,376 cmapdb get_unichr: <UnicodeMap: /'Adobe-Identity-UCS'>, 36
DEBUG 2025-03-27 19:42:40,376 cmapdb get_unichr: <UnicodeMap: /'Adobe-Identity-UCS'>, 7
DEBUG 2025-03-27 19:42:40,376 cmapdb get_unichr: <UnicodeMap: /'Adobe-Identity-UCS'>, 20
DEBUG 2025-03-27 19:42:40,376 cmapdb get_unichr: <UnicodeMap: /'Adobe-Identity-UCS'>, 1
DEBUG 2025-03-27 19:42:40,377 cmapdb get_unichr: <UnicodeMap: /'Adobe-Identity-UCS'>, 3
DEBUG 2025-03-27 19:42:40,378 cmapdb get_unichr: <UnicodeMap: /'Adobe-Identity-UCS'>, 4
DEBUG 2025-03-27 19:42:40,378 cmapdb get_unichr: <UnicodeMap: /'Adobe-Identity-UCS'>, 20
DEBUG 2025-03-27 19:42:40,378 cmapdb get_unichr: <UnicodeMap: /'Adobe-Identity-UCS'>, 20
DEBUG 2025-03-27 19:42:40,379 cmapdb get_unichr: <UnicodeMap: /'Adobe-Identity-UCS'>, 14
DEBUG 2025-03-27 19:42:40,379 cmapdb get_unichr: <UnicodeMap: /'Adobe-Identity-UCS'>, 38
DEBUG 2025-03-27 19:42:40,379 cmapdb get_unichr: <UnicodeMap: /'Adobe-Identity-UCS'>, 14
DEBUG 2025-03-27 19:42:40,379 cmapdb get_unichr: <UnicodeMap: /'Adobe-Identity-UCS'>, 1
DEBUG 2025-03-27 19:42:40,380 cmapdb get_unichr: <UnicodeMap: /'Adobe-Identity-UCS'>, 4
DEBUG 2025-03-27 19:42:40,380 cmapdb get_unichr: <UnicodeMap: /'Adobe-Identity-UCS'>, 48
DEBUG 2025-03-27 19:42:40,380 psparser nexttoken: (4745, /b'ET')
DEBUG 2025-03-27 19:42:40,380 psparser do_keyword: pos=4745, token=/b'ET', stack=[]
DEBUG 2025-03-27 19:42:40,380 psparser add_results: ((4745, /b'ET'),)
DEBUG 2025-03-27 19:42:40,380 psparser nextobject: (4745, /b'ET')
DEBUG 2025-03-27 19:42:40,380 pdfinterp exec: ET
DEBUG 2025-03-27 19:42:40,382 psparser nexttoken: (4748, /b'EMC')
DEBUG 2025-03-27 19:42:40,382 psparser do_keyword: pos=4748, token=/b'EMC', stack=[]
DEBUG 2025-03-27 19:42:40,382 psparser add_results: ((4748, /b'EMC'),)
DEBUG 2025-03-27 19:42:40,382 psparser nextobject: (4748, /b'EMC')
DEBUG 2025-03-27 19:42:40,382 pdfinterp exec: EMC
DEBUG 2025-03-27 19:42:40,382 psparser nexttoken: (4752, /'P')
DEBUG 2025-03-27 19:42:40,382 psparser add_results: ((4752, /'P'),)
DEBUG 2025-03-27 19:42:40,382 psparser nextobject: (4752, /'P')
DEBUG 2025-03-27 19:42:40,383 psparser nexttoken: (4755, /b'<<')
DEBUG 2025-03-27 19:42:40,383 psparser start_type: pos=4755, type='d'
DEBUG 2025-03-27 19:42:40,383 psparser nexttoken: (4757, /'MCID')
DEBUG 2025-03-27 19:42:40,383 psparser nexttoken: (4763, 24)
DEBUG 2025-03-27 19:42:40,383 psparser nexttoken: (4765, /b'>>')
DEBUG 2025-03-27 19:42:40,383 psparser end_type: pos=4755, type='d', objs=[/'MCID', 24]
DEBUG 2025-03-27 19:42:40,383 psparser add_results: ((4755, {'MCID': 24}),)
DEBUG 2025-03-27 19:42:40,383 psparser nextobject: (4755, {'MCID': 24})
DEBUG 2025-03-27 19:42:40,383 psparser nexttoken: (4768, /b'BDC')
DEBUG 2025-03-27 19:42:40,383 psparser do_keyword: pos=4768, token=/b'BDC', stack=[]
DEBUG 2025-03-27 19:42:40,383 psparser add_results: ((4768, /b'BDC'),)
DEBUG 2025-03-27 19:42:40,383 psparser nextobject: (4768, /b'BDC')
DEBUG 2025-03-27 19:42:40,383 pdfinterp exec: BDC [/'P', {'MCID': 24}]
DEBUG 2025-03-27 19:42:40,384 psparser nexttoken: (4772, /b'BT')
DEBUG 2025-03-27 19:42:40,384 psparser do_keyword: pos=4772, token=/b'BT', stack=[]
DEBUG 2025-03-27 19:42:40,384 psparser add_results: ((4772, /b'BT'),)
DEBUG 2025-03-27 19:42:40,384 psparser nextobject: (4772, /b'BT')
DEBUG 2025-03-27 19:42:40,384 pdfinterp exec: BT
DEBUG 2025-03-27 19:42:40,384 psparser nexttoken: (4775, /'F15')
DEBUG 2025-03-27 19:42:40,384 psparser add_results: ((4775, /'F15'),)
DEBUG 2025-03-27 19:42:40,384 psparser nextobject: (4775, /'F15')
DEBUG 2025-03-27 19:42:40,385 psparser nexttoken: (4780, 12)
DEBUG 2025-03-27 19:42:40,385 psparser add_results: ((4780, 12),)
DEBUG 2025-03-27 19:42:40,385 psparser nextobject: (4780, 12)
DEBUG 2025-03-27 19:42:40,385 psparser nexttoken: (4783, /b'Tf')
DEBUG 2025-03-27 19:42:40,385 psparser do_keyword: pos=4783, token=/b'Tf', stack=[]
DEBUG 2025-03-27 19:42:40,385 psparser add_results: ((4783, /b'Tf'),)
DEBUG 2025-03-27 19:42:40,385 psparser nextobject: (4783, /b'Tf')
DEBUG 2025-03-27 19:42:40,385 pdfinterp exec: Tf [/'F15', 12]
DEBUG 2025-03-27 19:42:40,385 psparser nexttoken: (4786, 1)
DEBUG 2025-03-27 19:42:40,385 psparser add_results: ((4786, 1),)
DEBUG 2025-03-27 19:42:40,385 psparser nextobject: (4786, 1)
DEBUG 2025-03-27 19:42:40,385 psparser nexttoken: (4788, 0)
DEBUG 2025-03-27 19:42:40,385 psparser add_results: ((4788, 0),)
DEBUG 2025-03-27 19:42:40,385 psparser nextobject: (4788, 0)
DEBUG 2025-03-27 19:42:40,385 psparser nexttoken: (4790, 0)
DEBUG 2025-03-27 19:42:40,385 psparser add_results: ((4790, 0),)
DEBUG 2025-03-27 19:42:40,385 psparser nextobject: (4790, 0)
DEBUG 2025-03-27 19:42:40,386 psparser nexttoken: (4792, -1)
DEBUG 2025-03-27 19:42:40,386 psparser add_results: ((4792, -1),)
DEBUG 2025-03-27 19:42:40,386 psparser nextobject: (4792, -1)
DEBUG 2025-03-27 19:42:40,386 psparser nexttoken: (4795, 0)
DEBUG 2025-03-27 19:42:40,386 psparser add_results: ((4795, 0),)
DEBUG 2025-03-27 19:42:40,387 psparser nextobject: (4795, 0)
DEBUG 2025-03-27 19:42:40,387 psparser nexttoken: (4797, 190.41400146)
DEBUG 2025-03-27 19:42:40,387 psparser add_results: ((4797, 190.41400146),)
DEBUG 2025-03-27 19:42:40,387 psparser nextobject: (4797, 190.41400146)
DEBUG 2025-03-27 19:42:40,387 psparser nexttoken: (4810, /b'Tm')
DEBUG 2025-03-27 19:42:40,388 psparser do_keyword: pos=4810, token=/b'Tm', stack=[]
DEBUG 2025-03-27 19:42:40,388 psparser add_results: ((4810, /b'Tm'),)
DEBUG 2025-03-27 19:42:40,388 psparser nextobject: (4810, /b'Tm')
DEBUG 2025-03-27 19:42:40,388 pdfinterp exec: Tm [1, 0, 0, -1, 0, 190.41400146]
DEBUG 2025-03-27 19:42:40,389 psparser nexttoken: (4813, /b'[')
DEBUG 2025-03-27 19:42:40,389 psparser start_type: pos=4813, type='a'
DEBUG 2025-03-27 19:42:40,389 psparser nexttoken: (4814, b'\x00\t\x00\x05\x00&\x00$\x00\x05\x00\x0e\x00\x0e\x00\x0f\x00$\x00\x05\x00&\x00\x01\x00\x07\x00\x05\x00"\x00\x01\x00/\x00\x07\x00\x05\x00\x07\x00&\x00\x0e\x00 \x00\x0e\x00\x05\x00\x06\x00\x0c\x00\x01\x00\x11\x00\x16\x00\x08\x00\x17\x00\x05\x00\x04\x00\x18\x00\x19')
DEBUG 2025-03-27 19:42:40,389 psparser nexttoken: (4960, /b']')
DEBUG 2025-03-27 19:42:40,390 psparser end_type: pos=4813, type='a', objs=[b'\x00\t\x00\x05\x00&\x00$\x00\x05\x00\x0e\x00\x0e\x00\x0f\x00$\x00\x05\x00&\x00\x01\x00\x07\x00\x05\x00"\x00\x01\x00/\x00\x07\x00\x05\x00\x07\x00&\x00\x0e\x00 \x00\x0e\x00\x05\x00\x06\x00\x0c\x00\x01\x00\x11\x00\x16\x00\x08\x00\x17\x00\x05\x00\x04\x00\x18\x00\x19']
DEBUG 2025-03-27 19:42:40,390 psparser add_results: ((4813, [b'\x00\t\x00\x05\x00&\x00$\x00\x05\x00\x0e\x00\x0e\x00\x0f\x00$\x00\x05\x00&\x00\x01\x00\x07\x00\x05\x00"\x00\x01\x00/\x00\x07\x00\x05\x00\x07\x00&\x00\x0e\x00 \x00\x0e\x00\x05\x00\x06\x00\x0c\x00\x01\x00\x11\x00\x16\x00\x08\x00\x17\x00\x05\x00\x04\x00\x18\x00\x19']),)
DEBUG 2025-03-27 19:42:40,391 psparser nextobject: (4813, [b'\x00\t\x00\x05\x00&\x00$\x00\x05\x00\x0e\x00\x0e\x00\x0f\x00$\x00\x05\x00&\x00\x01\x00\x07\x00\x05\x00"\x00\x01\x00/\x00\x07\x00\x05\x00\x07\x00&\x00\x0e\x00 \x00\x0e\x00\x05\x00\x06\x00\x0c\x00\x01\x00\x11\x00\x16\x00\x08\x00\x17\x00\x05\x00\x04\x00\x18\x00\x19'])
DEBUG 2025-03-27 19:42:40,391 psparser nexttoken: (4962, /b'TJ')
DEBUG 2025-03-27 19:42:40,391 psparser do_keyword: pos=4962, token=/b'TJ', stack=[]
DEBUG 2025-03-27 19:42:40,392 psparser add_results: ((4962, /b'TJ'),)
DEBUG 2025-03-27 19:42:40,392 psparser nextobject: (4962, /b'TJ')
DEBUG 2025-03-27 19:42:40,392 pdfinterp exec: TJ [[b'\x00\t\x00\x05\x00&\x00$\x00\x05\x00\x0e\x00\x0e\x00\x0f\x00$\x00\x05\x00&\x00\x01\x00\x07\x00\x05\x00"\x00\x01\x00/\x00\x07\x00\x05\x00\x07\x00&\x00\x0e\x00 \x00\x0e\x00\x05\x00\x06\x00\x0c\x00\x01\x00\x11\x00\x16\x00\x08\x00\x17\x00\x05\x00\x04\x00\x18\x00\x19']]
DEBUG 2025-03-27 19:42:40,392 cmapdb get_unichr: <UnicodeMap: /'Adobe-Identity-UCS'>, 9
DEBUG 2025-03-27 19:42:40,392 cmapdb get_unichr: <UnicodeMap: /'Adobe-Identity-UCS'>, 5
DEBUG 2025-03-27 19:42:40,393 cmapdb get_unichr: <UnicodeMap: /'Adobe-Identity-UCS'>, 38
DEBUG 2025-03-27 19:42:40,393 cmapdb get_unichr: <UnicodeMap: /'Adobe-Identity-UCS'>, 36
DEBUG 2025-03-27 19:42:40,393 cmapdb get_unichr: <UnicodeMap: /'Adobe-Identity-UCS'>, 5
DEBUG 2025-03-27 19:42:40,393 cmapdb get_unichr: <UnicodeMap: /'Adobe-Identity-UCS'>, 14
DEBUG 2025-03-27 19:42:40,394 cmapdb get_unichr: <UnicodeMap: /'Adobe-Identity-UCS'>, 14
DEBUG 2025-03-27 19:42:40,394 cmapdb get_unichr: <UnicodeMap: /'Adobe-Identity-UCS'>, 15
DEBUG 2025-03-27 19:42:40,396 cmapdb get_unichr: <UnicodeMap: /'Adobe-Identity-UCS'>, 36
DEBUG 2025-03-27 19:42:40,396 cmapdb get_unichr: <UnicodeMap: /'Adobe-Identity-UCS'>, 5
DEBUG 2025-03-27 19:42:40,396 cmapdb get_unichr: <UnicodeMap: /'Adobe-Identity-UCS'>, 38
DEBUG 2025-03-27 19:42:40,397 cmapdb get_unichr: <UnicodeMap: /'Adobe-Identity-UCS'>, 1
DEBUG 2025-03-27 19:42:40,397 cmapdb get_unichr: <UnicodeMap: /'Adobe-Identity-UCS'>, 7
DEBUG 2025-03-27 19:42:40,397 cmapdb get_unichr: <UnicodeMap: /'Adobe-Identity-UCS'>, 5
DEBUG 2025-03-27 19:42:40,397 cmapdb get_unichr: <UnicodeMap: /'Adobe-Identity-UCS'>, 34
DEBUG 2025-03-27 19:42:40,397 cmapdb get_unichr: <UnicodeMap: /'Adobe-Identity-UCS'>, 1
DEBUG 2025-03-27 19:42:40,398 cmapdb get_unichr: <UnicodeMap: /'Adobe-Identity-UCS'>, 47
DEBUG 2025-03-27 19:42:40,398 cmapdb get_unichr: <UnicodeMap: /'Adobe-Identity-UCS'>, 7
DEBUG 2025-03-27 19:42:40,398 cmapdb get_unichr: <UnicodeMap: /'Adobe-Identity-UCS'>, 5
DEBUG 2025-03-27 19:42:40,398 cmapdb get_unichr: <UnicodeMap: /'Adobe-Identity-UCS'>, 7
DEBUG 2025-03-27 19:42:40,398 cmapdb get_unichr: <UnicodeMap: /'Adobe-Identity-UCS'>, 38
DEBUG 2025-03-27 19:42:40,398 cmapdb get_unichr: <UnicodeMap: /'Adobe-Identity-UCS'>, 14
DEBUG 2025-03-27 19:42:40,398 cmapdb get_unichr: <UnicodeMap: /'Adobe-Identity-UCS'>, 32
DEBUG 2025-03-27 19:42:40,398 cmapdb get_unichr: <UnicodeMap: /'Adobe-Identity-UCS'>, 14
DEBUG 2025-03-27 19:42:40,399 cmapdb get_unichr: <UnicodeMap: /'Adobe-Identity-UCS'>, 5
DEBUG 2025-03-27 19:42:40,399 cmapdb get_unichr: <UnicodeMap: /'Adobe-Identity-UCS'>, 6
DEBUG 2025-03-27 19:42:40,399 cmapdb get_unichr: <UnicodeMap: /'Adobe-Identity-UCS'>, 12
DEBUG 2025-03-27 19:42:40,399 cmapdb get_unichr: <UnicodeMap: /'Adobe-Identity-UCS'>, 1
DEBUG 2025-03-27 19:42:40,399 cmapdb get_unichr: <UnicodeMap: /'Adobe-Identity-UCS'>, 17
DEBUG 2025-03-27 19:42:40,399 cmapdb get_unichr: <UnicodeMap: /'Adobe-Identity-UCS'>, 22
DEBUG 2025-03-27 19:42:40,399 cmapdb get_unichr: <UnicodeMap: /'Adobe-Identity-UCS'>, 8
DEBUG 2025-03-27 19:42:40,400 cmapdb get_unichr: <UnicodeMap: /'Adobe-Identity-UCS'>, 23
DEBUG 2025-03-27 19:42:40,400 cmapdb get_unichr: <UnicodeMap: /'Adobe-Identity-UCS'>, 5
DEBUG 2025-03-27 19:42:40,400 cmapdb get_unichr: <UnicodeMap: /'Adobe-Identity-UCS'>, 4
DEBUG 2025-03-27 19:42:40,400 cmapdb get_unichr: <UnicodeMap: /'Adobe-Identity-UCS'>, 24
DEBUG 2025-03-27 19:42:40,400 cmapdb get_unichr: <UnicodeMap: /'Adobe-Identity-UCS'>, 25
DEBUG 2025-03-27 19:42:40,400 psparser nexttoken: (4965, /b'ET')
DEBUG 2025-03-27 19:42:40,400 psparser do_keyword: pos=4965, token=/b'ET', stack=[]
DEBUG 2025-03-27 19:42:40,400 psparser add_results: ((4965, /b'ET'),)
DEBUG 2025-03-27 19:42:40,400 psparser nextobject: (4965, /b'ET')
DEBUG 2025-03-27 19:42:40,400 pdfinterp exec: ET
DEBUG 2025-03-27 19:42:40,400 psparser nexttoken: (4968, /b'EMC')
DEBUG 2025-03-27 19:42:40,400 psparser do_keyword: pos=4968, token=/b'EMC', stack=[]
DEBUG 2025-03-27 19:42:40,400 psparser add_results: ((4968, /b'EMC'),)
DEBUG 2025-03-27 19:42:40,401 psparser nextobject: (4968, /b'EMC')
DEBUG 2025-03-27 19:42:40,401 pdfinterp exec: EMC
DEBUG 2025-03-27 19:42:40,401 psparser nexttoken: (4972, /'P')
DEBUG 2025-03-27 19:42:40,401 psparser add_results: ((4972, /'P'),)
DEBUG 2025-03-27 19:42:40,401 psparser nextobject: (4972, /'P')
DEBUG 2025-03-27 19:42:40,401 psparser nexttoken: (4975, /b'<<')
DEBUG 2025-03-27 19:42:40,401 psparser start_type: pos=4975, type='d'
DEBUG 2025-03-27 19:42:40,401 psparser nexttoken: (4977, /'MCID')
DEBUG 2025-03-27 19:42:40,401 psparser nexttoken: (4983, 25)
DEBUG 2025-03-27 19:42:40,402 psparser nexttoken: (4985, /b'>>')
DEBUG 2025-03-27 19:42:40,402 psparser end_type: pos=4975, type='d', objs=[/'MCID', 25]
DEBUG 2025-03-27 19:42:40,402 psparser add_results: ((4975, {'MCID': 25}),)
DEBUG 2025-03-27 19:42:40,402 psparser nextobject: (4975, {'MCID': 25})
DEBUG 2025-03-27 19:42:40,402 psparser nexttoken: (4988, /b'BDC')
DEBUG 2025-03-27 19:42:40,402 psparser do_keyword: pos=4988, token=/b'BDC', stack=[]
DEBUG 2025-03-27 19:42:40,402 psparser add_results: ((4988, /b'BDC'),)
DEBUG 2025-03-27 19:42:40,402 psparser nextobject: (4988, /b'BDC')
DEBUG 2025-03-27 19:42:40,402 pdfinterp exec: BDC [/'P', {'MCID': 25}]
DEBUG 2025-03-27 19:42:40,402 psparser nexttoken: (4992, /b'BT')
DEBUG 2025-03-27 19:42:40,402 psparser do_keyword: pos=4992, token=/b'BT', stack=[]
DEBUG 2025-03-27 19:42:40,403 psparser add_results: ((4992, /b'BT'),)
DEBUG 2025-03-27 19:42:40,403 psparser nextobject: (4992, /b'BT')
DEBUG 2025-03-27 19:42:40,403 pdfinterp exec: BT
DEBUG 2025-03-27 19:42:40,403 psparser nexttoken: (4995, /'F15')
DEBUG 2025-03-27 19:42:40,403 psparser add_results: ((4995, /'F15'),)
DEBUG 2025-03-27 19:42:40,403 psparser nextobject: (4995, /'F15')
DEBUG 2025-03-27 19:42:40,403 psparser nexttoken: (5000, 12)
DEBUG 2025-03-27 19:42:40,404 psparser add_results: ((5000, 12),)
DEBUG 2025-03-27 19:42:40,404 psparser nextobject: (5000, 12)
DEBUG 2025-03-27 19:42:40,404 psparser nexttoken: (5003, /b'Tf')
DEBUG 2025-03-27 19:42:40,404 psparser do_keyword: pos=5003, token=/b'Tf', stack=[]
DEBUG 2025-03-27 19:42:40,404 psparser add_results: ((5003, /b'Tf'),)
DEBUG 2025-03-27 19:42:40,404 psparser nextobject: (5003, /b'Tf')
DEBUG 2025-03-27 19:42:40,405 pdfinterp exec: Tf [/'F15', 12]
DEBUG 2025-03-27 19:42:40,405 psparser nexttoken: (5006, 1)
DEBUG 2025-03-27 19:42:40,405 psparser add_results: ((5006, 1),)
DEBUG 2025-03-27 19:42:40,406 psparser nextobject: (5006, 1)
DEBUG 2025-03-27 19:42:40,406 psparser nexttoken: (5008, 0)
DEBUG 2025-03-27 19:42:40,406 psparser add_results: ((5008, 0),)
DEBUG 2025-03-27 19:42:40,407 psparser nextobject: (5008, 0)
DEBUG 2025-03-27 19:42:40,407 psparser nexttoken: (5010, 0)
DEBUG 2025-03-27 19:42:40,407 psparser add_results: ((5010, 0),)
DEBUG 2025-03-27 19:42:40,408 psparser nextobject: (5010, 0)
DEBUG 2025-03-27 19:42:40,408 psparser nexttoken: (5012, -1)
DEBUG 2025-03-27 19:42:40,408 psparser add_results: ((5012, -1),)
DEBUG 2025-03-27 19:42:40,408 psparser nextobject: (5012, -1)
DEBUG 2025-03-27 19:42:40,408 psparser nexttoken: (5015, 0)
DEBUG 2025-03-27 19:42:40,408 psparser add_results: ((5015, 0),)
DEBUG 2025-03-27 19:42:40,408 psparser nextobject: (5015, 0)
DEBUG 2025-03-27 19:42:40,408 psparser nexttoken: (5017, 226.41400146)
DEBUG 2025-03-27 19:42:40,408 psparser add_results: ((5017, 226.41400146),)
DEBUG 2025-03-27 19:42:40,410 psparser nextobject: (5017, 226.41400146)
DEBUG 2025-03-27 19:42:40,410 psparser nexttoken: (5030, /b'Tm')
DEBUG 2025-03-27 19:42:40,410 psparser do_keyword: pos=5030, token=/b'Tm', stack=[]
DEBUG 2025-03-27 19:42:40,410 psparser add_results: ((5030, /b'Tm'),)
DEBUG 2025-03-27 19:42:40,410 psparser nextobject: (5030, /b'Tm')
DEBUG 2025-03-27 19:42:40,410 pdfinterp exec: Tm [1, 0, 0, -1, 0, 226.41400146]
DEBUG 2025-03-27 19:42:40,411 psparser nexttoken: (5033, /b'[')
DEBUG 2025-03-27 19:42:40,411 psparser start_type: pos=5033, type='a'
DEBUG 2025-03-27 19:42:40,412 psparser nexttoken: (5034, b'\x00/\x00\x15\x00\x01\x00\x07\x00\x08\x00\x07\x00"\x00\x0e\x00 \x00$\x00\x08\x00\x01\x00;\x00\x04\x00\x16\x00\x0f\x00\x05\x00\x0e\x00\x15\x00\x01\x00:\x00\x14\x00\x0e\x00\x05\x00"\x00#\x00\x01\x00 \x00\x15\x00\x01\x00\x14\x00\x04\x007\x00\x0e\x00\x01\x000\x00\x04\x00\x0f\x00\x01\x00"\x00\x07\x00\x06\x00\x07\x00\x02\x00"\x00\x0f\x00$\x007\x00\x0e\x00\x05\x00\x01\x00#\x00\x04\x00\x14\x00\x16\x00\x06\x00$\x00\x04\x00\x05\x00#\x00\x01\x00\x07\x00\x05\x00"')
DEBUG 2025-03-27 19:42:40,413 psparser nexttoken: (5292, /b']')
DEBUG 2025-03-27 19:42:40,413 psparser end_type: pos=5033, type='a', objs=[b'\x00/\x00\x15\x00\x01\x00\x07\x00\x08\x00\x07\x00"\x00\x0e\x00 \x00$\x00\x08\x00\x01\x00;\x00\x04\x00\x16\x00\x0f\x00\x05\x00\x0e\x00\x15\x00\x01\x00:\x00\x14\x00\x0e\x00\x05\x00"\x00#\x00\x01\x00 \x00\x15\x00\x01\x00\x14\x00\x04\x007\x00\x0e\x00\x01\x000\x00\x04\x00\x0f\x00\x01\x00"\x00\x07\x00\x06\x00\x07\x00\x02\x00"\x00\x0f\x00$\x007\x00\x0e\x00\x05\x00\x01\x00#\x00\x04\x00\x14\x00\x16\x00\x06\x00$\x00\x04\x00\x05\x00#\x00\x01\x00\x07\x00\x05\x00"']
DEBUG 2025-03-27 19:42:40,413 psparser add_results: ((5033, [b'\x00/\x00\x15\x00\x01\x00\x07\x00\x08\x00\x07\x00"\x00\x0e\x00 \x00$\x00\x08\x00\x01\x00;\x00\x04\x00\x16\x00\x0f\x00\x05\x00\x0e\x00\x15\x00\x01\x00:\x00\x14\x00\x0e\x00\x05\x00"\x00#\x00\x01\x00 \x00\x15\x00\x01\x00\x14\x00\x04\x007\x00\x0e\x00\x01\x000\x00\x04\x00\x0f\x00\x01\x00"\x00\x07\x00\x06\x00\x07\x00\x02\x00"\x00\x0f\x00$\x007\x00\x0e\x00\x05\x00\x01\x00#\x00\x04\x00\x14\x00\x16\x00\x06\x00$\x00\x04\x00\x05\x00#\x00\x01\x00\x07\x00\x05\x00"']),)
DEBUG 2025-03-27 19:42:40,413 psparser nextobject: (5033, [b'\x00/\x00\x15\x00\x01\x00\x07\x00\x08\x00\x07\x00"\x00\x0e\x00 \x00$\x00\x08\x00\x01\x00;\x00\x04\x00\x16\x00\x0f\x00\x05\x00\x0e\x00\x15\x00\x01\x00:\x00\x14\x00\x0e\x00\x05\x00"\x00#\x00\x01\x00 \x00\x15\x00\x01\x00\x14\x00\x04\x007\x00\x0e\x00\x01\x000\x00\x04\x00\x0f\x00\x01\x00"\x00\x07\x00\x06\x00\x07\x00\x02\x00"\x00\x0f\x00$\x007\x00\x0e\x00\x05\x00\x01\x00#\x00\x04\x00\x14\x00\x16\x00\x06\x00$\x00\x04\x00\x05\x00#\x00\x01\x00\x07\x00\x05\x00"'])
DEBUG 2025-03-27 19:42:40,413 psparser nexttoken: (5294, /b'TJ')
DEBUG 2025-03-27 19:42:40,413 psparser do_keyword: pos=5294, token=/b'TJ', stack=[]
DEBUG 2025-03-27 19:42:40,413 psparser add_results: ((5294, /b'TJ'),)
DEBUG 2025-03-27 19:42:40,414 psparser nextobject: (5294, /b'TJ')
DEBUG 2025-03-27 19:42:40,414 pdfinterp exec: TJ [[b'\x00/\x00\x15\x00\x01\x00\x07\x00\x08\x00\x07\x00"\x00\x0e\x00 \x00$\x00\x08\x00\x01\x00;\x00\x04\x00\x16\x00\x0f\x00\x05\x00\x0e\x00\x15\x00\x01\x00:\x00\x14\x00\x0e\x00\x05\x00"\x00#\x00\x01\x00 \x00\x15\x00\x01\x00\x14\x00\x04\x007\x00\x0e\x00\x01\x000\x00\x04\x00\x0f\x00\x01\x00"\x00\x07\x00\x06\x00\x07\x00\x02\x00"\x00\x0f\x00$\x007\x00\x0e\x00\x05\x00\x01\x00#\x00\x04\x00\x14\x00\x16\x00\x06\x00$\x00\x04\x00\x05\x00#\x00\x01\x00\x07\x00\x05\x00"']]
DEBUG 2025-03-27 19:42:40,414 cmapdb get_unichr: <UnicodeMap: /'Adobe-Identity-UCS'>, 47
DEBUG 2025-03-27 19:42:40,414 cmapdb get_unichr: <UnicodeMap: /'Adobe-Identity-UCS'>, 21
DEBUG 2025-03-27 19:42:40,414 cmapdb get_unichr: <UnicodeMap: /'Adobe-Identity-UCS'>, 1
DEBUG 2025-03-27 19:42:40,414 cmapdb get_unichr: <UnicodeMap: /'Adobe-Identity-UCS'>, 7
DEBUG 2025-03-27 19:42:40,414 cmapdb get_unichr: <UnicodeMap: /'Adobe-Identity-UCS'>, 8
DEBUG 2025-03-27 19:42:40,415 cmapdb get_unichr: <UnicodeMap: /'Adobe-Identity-UCS'>, 7
DEBUG 2025-03-27 19:42:40,415 cmapdb get_unichr: <UnicodeMap: /'Adobe-Identity-UCS'>, 34
DEBUG 2025-03-27 19:42:40,415 cmapdb get_unichr: <UnicodeMap: /'Adobe-Identity-UCS'>, 14
DEBUG 2025-03-27 19:42:40,415 cmapdb get_unichr: <UnicodeMap: /'Adobe-Identity-UCS'>, 32
DEBUG 2025-03-27 19:42:40,415 cmapdb get_unichr: <UnicodeMap: /'Adobe-Identity-UCS'>, 36
DEBUG 2025-03-27 19:42:40,415 cmapdb get_unichr: <UnicodeMap: /'Adobe-Identity-UCS'>, 8
DEBUG 2025-03-27 19:42:40,415 cmapdb get_unichr: <UnicodeMap: /'Adobe-Identity-UCS'>, 1
DEBUG 2025-03-27 19:42:40,415 cmapdb get_unichr: <UnicodeMap: /'Adobe-Identity-UCS'>, 59
DEBUG 2025-03-27 19:42:40,415 cmapdb get_unichr: <UnicodeMap: /'Adobe-Identity-UCS'>, 4
DEBUG 2025-03-27 19:42:40,417 cmapdb get_unichr: <UnicodeMap: /'Adobe-Identity-UCS'>, 22
DEBUG 2025-03-27 19:42:40,417 cmapdb get_unichr: <UnicodeMap: /'Adobe-Identity-UCS'>, 15
DEBUG 2025-03-27 19:42:40,417 cmapdb get_unichr: <UnicodeMap: /'Adobe-Identity-UCS'>, 5
DEBUG 2025-03-27 19:42:40,417 cmapdb get_unichr: <UnicodeMap: /'Adobe-Identity-UCS'>, 14
DEBUG 2025-03-27 19:42:40,417 cmapdb get_unichr: <UnicodeMap: /'Adobe-Identity-UCS'>, 21
DEBUG 2025-03-27 19:42:40,417 cmapdb get_unichr: <UnicodeMap: /'Adobe-Identity-UCS'>, 1
DEBUG 2025-03-27 19:42:40,418 cmapdb get_unichr: <UnicodeMap: /'Adobe-Identity-UCS'>, 58
DEBUG 2025-03-27 19:42:40,418 cmapdb get_unichr: <UnicodeMap: /'Adobe-Identity-UCS'>, 20
DEBUG 2025-03-27 19:42:40,418 cmapdb get_unichr: <UnicodeMap: /'Adobe-Identity-UCS'>, 14
DEBUG 2025-03-27 19:42:40,418 cmapdb get_unichr: <UnicodeMap: /'Adobe-Identity-UCS'>, 5
DEBUG 2025-03-27 19:42:40,418 cmapdb get_unichr: <UnicodeMap: /'Adobe-Identity-UCS'>, 34
DEBUG 2025-03-27 19:42:40,418 cmapdb get_unichr: <UnicodeMap: /'Adobe-Identity-UCS'>, 35
DEBUG 2025-03-27 19:42:40,418 cmapdb get_unichr: <UnicodeMap: /'Adobe-Identity-UCS'>, 1
DEBUG 2025-03-27 19:42:40,419 cmapdb get_unichr: <UnicodeMap: /'Adobe-Identity-UCS'>, 32
DEBUG 2025-03-27 19:42:40,419 cmapdb get_unichr: <UnicodeMap: /'Adobe-Identity-UCS'>, 21
DEBUG 2025-03-27 19:42:40,419 cmapdb get_unichr: <UnicodeMap: /'Adobe-Identity-UCS'>, 1
DEBUG 2025-03-27 19:42:40,419 cmapdb get_unichr: <UnicodeMap: /'Adobe-Identity-UCS'>, 20
DEBUG 2025-03-27 19:42:40,419 cmapdb get_unichr: <UnicodeMap: /'Adobe-Identity-UCS'>, 4
DEBUG 2025-03-27 19:42:40,419 cmapdb get_unichr: <UnicodeMap: /'Adobe-Identity-UCS'>, 55
DEBUG 2025-03-27 19:42:40,419 cmapdb get_unichr: <UnicodeMap: /'Adobe-Identity-UCS'>, 14
DEBUG 2025-03-27 19:42:40,419 cmapdb get_unichr: <UnicodeMap: /'Adobe-Identity-UCS'>, 1
DEBUG 2025-03-27 19:42:40,419 cmapdb get_unichr: <UnicodeMap: /'Adobe-Identity-UCS'>, 48
DEBUG 2025-03-27 19:42:40,419 cmapdb get_unichr: <UnicodeMap: /'Adobe-Identity-UCS'>, 4
DEBUG 2025-03-27 19:42:40,419 cmapdb get_unichr: <UnicodeMap: /'Adobe-Identity-UCS'>, 15
DEBUG 2025-03-27 19:42:40,420 cmapdb get_unichr: <UnicodeMap: /'Adobe-Identity-UCS'>, 1
DEBUG 2025-03-27 19:42:40,420 cmapdb get_unichr: <UnicodeMap: /'Adobe-Identity-UCS'>, 34
DEBUG 2025-03-27 19:42:40,420 cmapdb get_unichr: <UnicodeMap: /'Adobe-Identity-UCS'>, 7
DEBUG 2025-03-27 19:42:40,420 cmapdb get_unichr: <UnicodeMap: /'Adobe-Identity-UCS'>, 6
DEBUG 2025-03-27 19:42:40,420 cmapdb get_unichr: <UnicodeMap: /'Adobe-Identity-UCS'>, 7
DEBUG 2025-03-27 19:42:40,420 cmapdb get_unichr: <UnicodeMap: /'Adobe-Identity-UCS'>, 2
DEBUG 2025-03-27 19:42:40,420 cmapdb get_unichr: <UnicodeMap: /'Adobe-Identity-UCS'>, 34
DEBUG 2025-03-27 19:42:40,420 cmapdb get_unichr: <UnicodeMap: /'Adobe-Identity-UCS'>, 15
DEBUG 2025-03-27 19:42:40,420 cmapdb get_unichr: <UnicodeMap: /'Adobe-Identity-UCS'>, 36
DEBUG 2025-03-27 19:42:40,421 cmapdb get_unichr: <UnicodeMap: /'Adobe-Identity-UCS'>, 55
DEBUG 2025-03-27 19:42:40,421 cmapdb get_unichr: <UnicodeMap: /'Adobe-Identity-UCS'>, 14
DEBUG 2025-03-27 19:42:40,421 cmapdb get_unichr: <UnicodeMap: /'Adobe-Identity-UCS'>, 5
DEBUG 2025-03-27 19:42:40,421 cmapdb get_unichr: <UnicodeMap: /'Adobe-Identity-UCS'>, 1
DEBUG 2025-03-27 19:42:40,421 cmapdb get_unichr: <UnicodeMap: /'Adobe-Identity-UCS'>, 35
DEBUG 2025-03-27 19:42:40,421 cmapdb get_unichr: <UnicodeMap: /'Adobe-Identity-UCS'>, 4
DEBUG 2025-03-27 19:42:40,421 cmapdb get_unichr: <UnicodeMap: /'Adobe-Identity-UCS'>, 20
DEBUG 2025-03-27 19:42:40,421 cmapdb get_unichr: <UnicodeMap: /'Adobe-Identity-UCS'>, 22
DEBUG 2025-03-27 19:42:40,422 cmapdb get_unichr: <UnicodeMap: /'Adobe-Identity-UCS'>, 6
DEBUG 2025-03-27 19:42:40,422 cmapdb get_unichr: <UnicodeMap: /'Adobe-Identity-UCS'>, 36
DEBUG 2025-03-27 19:42:40,422 cmapdb get_unichr: <UnicodeMap: /'Adobe-Identity-UCS'>, 4
DEBUG 2025-03-27 19:42:40,422 cmapdb get_unichr: <UnicodeMap: /'Adobe-Identity-UCS'>, 5
DEBUG 2025-03-27 19:42:40,422 cmapdb get_unichr: <UnicodeMap: /'Adobe-Identity-UCS'>, 35
DEBUG 2025-03-27 19:42:40,422 cmapdb get_unichr: <UnicodeMap: /'Adobe-Identity-UCS'>, 1
DEBUG 2025-03-27 19:42:40,422 cmapdb get_unichr: <UnicodeMap: /'Adobe-Identity-UCS'>, 7
DEBUG 2025-03-27 19:42:40,422 cmapdb get_unichr: <UnicodeMap: /'Adobe-Identity-UCS'>, 5
DEBUG 2025-03-27 19:42:40,423 cmapdb get_unichr: <UnicodeMap: /'Adobe-Identity-UCS'>, 34
DEBUG 2025-03-27 19:42:40,423 psparser nexttoken: (5297, /b'ET')
DEBUG 2025-03-27 19:42:40,423 psparser do_keyword: pos=5297, token=/b'ET', stack=[]
DEBUG 2025-03-27 19:42:40,423 psparser add_results: ((5297, /b'ET'),)
DEBUG 2025-03-27 19:42:40,424 psparser nextobject: (5297, /b'ET')
DEBUG 2025-03-27 19:42:40,424 pdfinterp exec: ET
DEBUG 2025-03-27 19:42:40,424 psparser nexttoken: (5300, /b'EMC')
DEBUG 2025-03-27 19:42:40,424 psparser do_keyword: pos=5300, token=/b'EMC', stack=[]
DEBUG 2025-03-27 19:42:40,426 psparser add_results: ((5300, /b'EMC'),)
DEBUG 2025-03-27 19:42:40,426 psparser nextobject: (5300, /b'EMC')
DEBUG 2025-03-27 19:42:40,426 pdfinterp exec: EMC
DEBUG 2025-03-27 19:42:40,426 psparser nexttoken: (5304, /'P')
DEBUG 2025-03-27 19:42:40,426 psparser add_results: ((5304, /'P'),)
DEBUG 2025-03-27 19:42:40,426 psparser nextobject: (5304, /'P')
DEBUG 2025-03-27 19:42:40,426 psparser nexttoken: (5307, /b'<<')
DEBUG 2025-03-27 19:42:40,426 psparser start_type: pos=5307, type='d'
DEBUG 2025-03-27 19:42:40,426 psparser nexttoken: (5309, /'MCID')
DEBUG 2025-03-27 19:42:40,426 psparser nexttoken: (5315, 26)
DEBUG 2025-03-27 19:42:40,427 psparser nexttoken: (5317, /b'>>')
DEBUG 2025-03-27 19:42:40,427 psparser end_type: pos=5307, type='d', objs=[/'MCID', 26]
DEBUG 2025-03-27 19:42:40,427 psparser add_results: ((5307, {'MCID': 26}),)
DEBUG 2025-03-27 19:42:40,427 psparser nextobject: (5307, {'MCID': 26})
DEBUG 2025-03-27 19:42:40,427 psparser nexttoken: (5320, /b'BDC')
DEBUG 2025-03-27 19:42:40,428 psparser do_keyword: pos=5320, token=/b'BDC', stack=[]
DEBUG 2025-03-27 19:42:40,428 psparser add_results: ((5320, /b'BDC'),)
DEBUG 2025-03-27 19:42:40,429 psparser nextobject: (5320, /b'BDC')
DEBUG 2025-03-27 19:42:40,429 pdfinterp exec: BDC [/'P', {'MCID': 26}]
DEBUG 2025-03-27 19:42:40,429 psparser nexttoken: (5324, /b'BT')
DEBUG 2025-03-27 19:42:40,429 psparser do_keyword: pos=5324, token=/b'BT', stack=[]
DEBUG 2025-03-27 19:42:40,430 psparser add_results: ((5324, /b'BT'),)
DEBUG 2025-03-27 19:42:40,431 psparser nextobject: (5324, /b'BT')
DEBUG 2025-03-27 19:42:40,431 pdfinterp exec: BT
DEBUG 2025-03-27 19:42:40,431 psparser nexttoken: (5327, /'F15')
DEBUG 2025-03-27 19:42:40,431 psparser add_results: ((5327, /'F15'),)
DEBUG 2025-03-27 19:42:40,431 psparser nextobject: (5327, /'F15')
DEBUG 2025-03-27 19:42:40,432 psparser nexttoken: (5332, 12)
DEBUG 2025-03-27 19:42:40,432 psparser add_results: ((5332, 12),)
DEBUG 2025-03-27 19:42:40,432 psparser nextobject: (5332, 12)
DEBUG 2025-03-27 19:42:40,432 psparser nexttoken: (5335, /b'Tf')
DEBUG 2025-03-27 19:42:40,432 psparser do_keyword: pos=5335, token=/b'Tf', stack=[]
DEBUG 2025-03-27 19:42:40,432 psparser add_results: ((5335, /b'Tf'),)
DEBUG 2025-03-27 19:42:40,432 psparser nextobject: (5335, /b'Tf')
DEBUG 2025-03-27 19:42:40,432 pdfinterp exec: Tf [/'F15', 12]
DEBUG 2025-03-27 19:42:40,432 psparser nexttoken: (5338, 1)
DEBUG 2025-03-27 19:42:40,433 psparser add_results: ((5338, 1),)
DEBUG 2025-03-27 19:42:40,433 psparser nextobject: (5338, 1)
DEBUG 2025-03-27 19:42:40,433 psparser nexttoken: (5340, 0)
DEBUG 2025-03-27 19:42:40,433 psparser add_results: ((5340, 0),)
DEBUG 2025-03-27 19:42:40,433 psparser nextobject: (5340, 0)
DEBUG 2025-03-27 19:42:40,433 psparser nexttoken: (5342, 0)
DEBUG 2025-03-27 19:42:40,433 psparser add_results: ((5342, 0),)
DEBUG 2025-03-27 19:42:40,433 psparser nextobject: (5342, 0)
DEBUG 2025-03-27 19:42:40,433 psparser nexttoken: (5344, -1)
DEBUG 2025-03-27 19:42:40,434 psparser add_results: ((5344, -1),)
DEBUG 2025-03-27 19:42:40,434 psparser nextobject: (5344, -1)
DEBUG 2025-03-27 19:42:40,434 psparser nexttoken: (5347, 0)
DEBUG 2025-03-27 19:42:40,434 psparser add_results: ((5347, 0),)
DEBUG 2025-03-27 19:42:40,434 psparser nextobject: (5347, 0)
DEBUG 2025-03-27 19:42:40,434 psparser nexttoken: (5349, 244.41400146)
DEBUG 2025-03-27 19:42:40,434 psparser add_results: ((5349, 244.41400146),)
DEBUG 2025-03-27 19:42:40,435 psparser nextobject: (5349, 244.41400146)
DEBUG 2025-03-27 19:42:40,435 psparser nexttoken: (5362, /b'Tm')
DEBUG 2025-03-27 19:42:40,435 psparser do_keyword: pos=5362, token=/b'Tm', stack=[]
DEBUG 2025-03-27 19:42:40,435 psparser add_results: ((5362, /b'Tm'),)
DEBUG 2025-03-27 19:42:40,435 psparser nextobject: (5362, /b'Tm')
DEBUG 2025-03-27 19:42:40,435 pdfinterp exec: Tm [1, 0, 0, -1, 0, 244.41400146]
DEBUG 2025-03-27 19:42:40,436 psparser nexttoken: (5365, /b'[')
DEBUG 2025-03-27 19:42:40,436 psparser start_type: pos=5365, type='a'
DEBUG 2025-03-27 19:42:40,436 psparser nexttoken: (5366, b'\x00\x08\x00\x16\x00\x06\x00\x06\x00$\x00\x05\x00&\x00\x02\x00\x0e\x00"\x00&\x00\x0e\x00\x01\x00\x0f\x00\x04\x00:\x00\x04\x00\x06\x00$\x00\x08\x00\x01\x00\x06\x00\x0e\x00\x08\x00%\x00\x05\x00\x04\x00\x14\x00\x04\x00&\x00$\x00\x0e\x00#\x00\x0c\x00\x01\x00\x0e\x00\x05\x00\x07\x00:\x00\x14\x00$\x00\x05\x00&\x00\x01\x00 \x00\x0e\x00\x01\x00\x06\x00\x04\x00\x01\x00\x0e\x00)\x00.\x00\x14\x00\x04\x00\x0f\x00\x0e\x00\x01\x00$\x00\x05\x00\x05\x00\x04\x007\x00\x07\x00\x06\x00$\x007\x00\x0e')
DEBUG 2025-03-27 19:42:40,436 psparser nexttoken: (5640, /b']')
DEBUG 2025-03-27 19:42:40,437 psparser end_type: pos=5365, type='a', objs=[b'\x00\x08\x00\x16\x00\x06\x00\x06\x00$\x00\x05\x00&\x00\x02\x00\x0e\x00"\x00&\x00\x0e\x00\x01\x00\x0f\x00\x04\x00:\x00\x04\x00\x06\x00$\x00\x08\x00\x01\x00\x06\x00\x0e\x00\x08\x00%\x00\x05\x00\x04\x00\x14\x00\x04\x00&\x00$\x00\x0e\x00#\x00\x0c\x00\x01\x00\x0e\x00\x05\x00\x07\x00:\x00\x14\x00$\x00\x05\x00&\x00\x01\x00 \x00\x0e\x00\x01\x00\x06\x00\x04\x00\x01\x00\x0e\x00)\x00.\x00\x14\x00\x04\x00\x0f\x00\x0e\x00\x01\x00$\x00\x05\x00\x05\x00\x04\x007\x00\x07\x00\x06\x00$\x007\x00\x0e']
DEBUG 2025-03-27 19:42:40,437 psparser add_results: ((5365, [b'\x00\x08\x00\x16\x00\x06\x00\x06\x00$\x00\x05\x00&\x00\x02\x00\x0e\x00"\x00&\x00\x0e\x00\x01\x00\x0f\x00\x04\x00:\x00\x04\x00\x06\x00$\x00\x08\x00\x01\x00\x06\x00\x0e\x00\x08\x00%\x00\x05\x00\x04\x00\x14\x00\x04\x00&\x00$\x00\x0e\x00#\x00\x0c\x00\x01\x00\x0e\x00\x05\x00\x07\x00:\x00\x14\x00$\x00\x05\x00&\x00\x01\x00 \x00\x0e\x00\x01\x00\x06\x00\x04\x00\x01\x00\x0e\x00)\x00.\x00\x14\x00\x04\x00\x0f\x00\x0e\x00\x01\x00$\x00\x05\x00\x05\x00\x04\x007\x00\x07\x00\x06\x00$\x007\x00\x0e']),)
DEBUG 2025-03-27 19:42:40,437 psparser nextobject: (5365, [b'\x00\x08\x00\x16\x00\x06\x00\x06\x00$\x00\x05\x00&\x00\x02\x00\x0e\x00"\x00&\x00\x0e\x00\x01\x00\x0f\x00\x04\x00:\x00\x04\x00\x06\x00$\x00\x08\x00\x01\x00\x06\x00\x0e\x00\x08\x00%\x00\x05\x00\x04\x00\x14\x00\x04\x00&\x00$\x00\x0e\x00#\x00\x0c\x00\x01\x00\x0e\x00\x05\x00\x07\x00:\x00\x14\x00$\x00\x05\x00&\x00\x01\x00 \x00\x0e\x00\x01\x00\x06\x00\x04\x00\x01\x00\x0e\x00)\x00.\x00\x14\x00\x04\x00\x0f\x00\x0e\x00\x01\x00$\x00\x05\x00\x05\x00\x04\x007\x00\x07\x00\x06\x00$\x007\x00\x0e'])
DEBUG 2025-03-27 19:42:40,437 psparser nexttoken: (5642, /b'TJ')
DEBUG 2025-03-27 19:42:40,437 psparser do_keyword: pos=5642, token=/b'TJ', stack=[]
DEBUG 2025-03-27 19:42:40,437 psparser add_results: ((5642, /b'TJ'),)
DEBUG 2025-03-27 19:42:40,438 psparser nextobject: (5642, /b'TJ')
DEBUG 2025-03-27 19:42:40,438 pdfinterp exec: TJ [[b'\x00\x08\x00\x16\x00\x06\x00\x06\x00$\x00\x05\x00&\x00\x02\x00\x0e\x00"\x00&\x00\x0e\x00\x01\x00\x0f\x00\x04\x00:\x00\x04\x00\x06\x00$\x00\x08\x00\x01\x00\x06\x00\x0e\x00\x08\x00%\x00\x05\x00\x04\x00\x14\x00\x04\x00&\x00$\x00\x0e\x00#\x00\x0c\x00\x01\x00\x0e\x00\x05\x00\x07\x00:\x00\x14\x00$\x00\x05\x00&\x00\x01\x00 \x00\x0e\x00\x01\x00\x06\x00\x04\x00\x01\x00\x0e\x00)\x00.\x00\x14\x00\x04\x00\x0f\x00\x0e\x00\x01\x00$\x00\x05\x00\x05\x00\x04\x007\x00\x07\x00\x06\x00$\x007\x00\x0e']]
DEBUG 2025-03-27 19:42:40,438 cmapdb get_unichr: <UnicodeMap: /'Adobe-Identity-UCS'>, 8
DEBUG 2025-03-27 19:42:40,438 cmapdb get_unichr: <UnicodeMap: /'Adobe-Identity-UCS'>, 22
DEBUG 2025-03-27 19:42:40,438 cmapdb get_unichr: <UnicodeMap: /'Adobe-Identity-UCS'>, 6
DEBUG 2025-03-27 19:42:40,438 cmapdb get_unichr: <UnicodeMap: /'Adobe-Identity-UCS'>, 6
DEBUG 2025-03-27 19:42:40,439 cmapdb get_unichr: <UnicodeMap: /'Adobe-Identity-UCS'>, 36
DEBUG 2025-03-27 19:42:40,439 cmapdb get_unichr: <UnicodeMap: /'Adobe-Identity-UCS'>, 5
DEBUG 2025-03-27 19:42:40,439 cmapdb get_unichr: <UnicodeMap: /'Adobe-Identity-UCS'>, 38
DEBUG 2025-03-27 19:42:40,439 cmapdb get_unichr: <UnicodeMap: /'Adobe-Identity-UCS'>, 2
DEBUG 2025-03-27 19:42:40,439 cmapdb get_unichr: <UnicodeMap: /'Adobe-Identity-UCS'>, 14
DEBUG 2025-03-27 19:42:40,439 cmapdb get_unichr: <UnicodeMap: /'Adobe-Identity-UCS'>, 34
DEBUG 2025-03-27 19:42:40,439 cmapdb get_unichr: <UnicodeMap: /'Adobe-Identity-UCS'>, 38
DEBUG 2025-03-27 19:42:40,439 cmapdb get_unichr: <UnicodeMap: /'Adobe-Identity-UCS'>, 14
DEBUG 2025-03-27 19:42:40,439 cmapdb get_unichr: <UnicodeMap: /'Adobe-Identity-UCS'>, 1
DEBUG 2025-03-27 19:42:40,439 cmapdb get_unichr: <UnicodeMap: /'Adobe-Identity-UCS'>, 15
DEBUG 2025-03-27 19:42:40,439 cmapdb get_unichr: <UnicodeMap: /'Adobe-Identity-UCS'>, 4
DEBUG 2025-03-27 19:42:40,439 cmapdb get_unichr: <UnicodeMap: /'Adobe-Identity-UCS'>, 58
DEBUG 2025-03-27 19:42:40,439 cmapdb get_unichr: <UnicodeMap: /'Adobe-Identity-UCS'>, 4
DEBUG 2025-03-27 19:42:40,440 cmapdb get_unichr: <UnicodeMap: /'Adobe-Identity-UCS'>, 6
DEBUG 2025-03-27 19:42:40,440 cmapdb get_unichr: <UnicodeMap: /'Adobe-Identity-UCS'>, 36
DEBUG 2025-03-27 19:42:40,440 cmapdb get_unichr: <UnicodeMap: /'Adobe-Identity-UCS'>, 8
DEBUG 2025-03-27 19:42:40,440 cmapdb get_unichr: <UnicodeMap: /'Adobe-Identity-UCS'>, 1
DEBUG 2025-03-27 19:42:40,440 cmapdb get_unichr: <UnicodeMap: /'Adobe-Identity-UCS'>, 6
DEBUG 2025-03-27 19:42:40,441 cmapdb get_unichr: <UnicodeMap: /'Adobe-Identity-UCS'>, 14
DEBUG 2025-03-27 19:42:40,441 cmapdb get_unichr: <UnicodeMap: /'Adobe-Identity-UCS'>, 8
DEBUG 2025-03-27 19:42:40,441 cmapdb get_unichr: <UnicodeMap: /'Adobe-Identity-UCS'>, 37
DEBUG 2025-03-27 19:42:40,441 cmapdb get_unichr: <UnicodeMap: /'Adobe-Identity-UCS'>, 5
DEBUG 2025-03-27 19:42:40,441 cmapdb get_unichr: <UnicodeMap: /'Adobe-Identity-UCS'>, 4
DEBUG 2025-03-27 19:42:40,441 cmapdb get_unichr: <UnicodeMap: /'Adobe-Identity-UCS'>, 20
DEBUG 2025-03-27 19:42:40,441 cmapdb get_unichr: <UnicodeMap: /'Adobe-Identity-UCS'>, 4
DEBUG 2025-03-27 19:42:40,442 cmapdb get_unichr: <UnicodeMap: /'Adobe-Identity-UCS'>, 38
DEBUG 2025-03-27 19:42:40,442 cmapdb get_unichr: <UnicodeMap: /'Adobe-Identity-UCS'>, 36
DEBUG 2025-03-27 19:42:40,442 cmapdb get_unichr: <UnicodeMap: /'Adobe-Identity-UCS'>, 14
DEBUG 2025-03-27 19:42:40,442 cmapdb get_unichr: <UnicodeMap: /'Adobe-Identity-UCS'>, 35
DEBUG 2025-03-27 19:42:40,442 cmapdb get_unichr: <UnicodeMap: /'Adobe-Identity-UCS'>, 12
DEBUG 2025-03-27 19:42:40,443 cmapdb get_unichr: <UnicodeMap: /'Adobe-Identity-UCS'>, 1
DEBUG 2025-03-27 19:42:40,443 cmapdb get_unichr: <UnicodeMap: /'Adobe-Identity-UCS'>, 14
DEBUG 2025-03-27 19:42:40,443 cmapdb get_unichr: <UnicodeMap: /'Adobe-Identity-UCS'>, 5
DEBUG 2025-03-27 19:42:40,443 cmapdb get_unichr: <UnicodeMap: /'Adobe-Identity-UCS'>, 7
DEBUG 2025-03-27 19:42:40,443 cmapdb get_unichr: <UnicodeMap: /'Adobe-Identity-UCS'>, 58
DEBUG 2025-03-27 19:42:40,445 cmapdb get_unichr: <UnicodeMap: /'Adobe-Identity-UCS'>, 20
DEBUG 2025-03-27 19:42:40,445 cmapdb get_unichr: <UnicodeMap: /'Adobe-Identity-UCS'>, 36
DEBUG 2025-03-27 19:42:40,445 cmapdb get_unichr: <UnicodeMap: /'Adobe-Identity-UCS'>, 5
DEBUG 2025-03-27 19:42:40,445 cmapdb get_unichr: <UnicodeMap: /'Adobe-Identity-UCS'>, 38
DEBUG 2025-03-27 19:42:40,445 cmapdb get_unichr: <UnicodeMap: /'Adobe-Identity-UCS'>, 1
DEBUG 2025-03-27 19:42:40,446 cmapdb get_unichr: <UnicodeMap: /'Adobe-Identity-UCS'>, 32
DEBUG 2025-03-27 19:42:40,446 cmapdb get_unichr: <UnicodeMap: /'Adobe-Identity-UCS'>, 14
DEBUG 2025-03-27 19:42:40,446 cmapdb get_unichr: <UnicodeMap: /'Adobe-Identity-UCS'>, 1
DEBUG 2025-03-27 19:42:40,446 cmapdb get_unichr: <UnicodeMap: /'Adobe-Identity-UCS'>, 6
DEBUG 2025-03-27 19:42:40,446 cmapdb get_unichr: <UnicodeMap: /'Adobe-Identity-UCS'>, 4
DEBUG 2025-03-27 19:42:40,446 cmapdb get_unichr: <UnicodeMap: /'Adobe-Identity-UCS'>, 1
DEBUG 2025-03-27 19:42:40,446 cmapdb get_unichr: <UnicodeMap: /'Adobe-Identity-UCS'>, 14
DEBUG 2025-03-27 19:42:40,446 cmapdb get_unichr: <UnicodeMap: /'Adobe-Identity-UCS'>, 41
DEBUG 2025-03-27 19:42:40,446 cmapdb get_unichr: <UnicodeMap: /'Adobe-Identity-UCS'>, 46
DEBUG 2025-03-27 19:42:40,446 cmapdb get_unichr: <UnicodeMap: /'Adobe-Identity-UCS'>, 20
DEBUG 2025-03-27 19:42:40,446 cmapdb get_unichr: <UnicodeMap: /'Adobe-Identity-UCS'>, 4
DEBUG 2025-03-27 19:42:40,447 cmapdb get_unichr: <UnicodeMap: /'Adobe-Identity-UCS'>, 15
DEBUG 2025-03-27 19:42:40,447 cmapdb get_unichr: <UnicodeMap: /'Adobe-Identity-UCS'>, 14
DEBUG 2025-03-27 19:42:40,447 cmapdb get_unichr: <UnicodeMap: /'Adobe-Identity-UCS'>, 1
DEBUG 2025-03-27 19:42:40,447 cmapdb get_unichr: <UnicodeMap: /'Adobe-Identity-UCS'>, 36
DEBUG 2025-03-27 19:42:40,447 cmapdb get_unichr: <UnicodeMap: /'Adobe-Identity-UCS'>, 5
DEBUG 2025-03-27 19:42:40,447 cmapdb get_unichr: <UnicodeMap: /'Adobe-Identity-UCS'>, 5
DEBUG 2025-03-27 19:42:40,447 cmapdb get_unichr: <UnicodeMap: /'Adobe-Identity-UCS'>, 4
DEBUG 2025-03-27 19:42:40,447 cmapdb get_unichr: <UnicodeMap: /'Adobe-Identity-UCS'>, 55
DEBUG 2025-03-27 19:42:40,448 cmapdb get_unichr: <UnicodeMap: /'Adobe-Identity-UCS'>, 7
DEBUG 2025-03-27 19:42:40,448 cmapdb get_unichr: <UnicodeMap: /'Adobe-Identity-UCS'>, 6
DEBUG 2025-03-27 19:42:40,448 cmapdb get_unichr: <UnicodeMap: /'Adobe-Identity-UCS'>, 36
DEBUG 2025-03-27 19:42:40,448 cmapdb get_unichr: <UnicodeMap: /'Adobe-Identity-UCS'>, 55
DEBUG 2025-03-27 19:42:40,448 cmapdb get_unichr: <UnicodeMap: /'Adobe-Identity-UCS'>, 14
DEBUG 2025-03-27 19:42:40,448 psparser nexttoken: (5645, /b'ET')
DEBUG 2025-03-27 19:42:40,448 psparser do_keyword: pos=5645, token=/b'ET', stack=[]
DEBUG 2025-03-27 19:42:40,448 psparser add_results: ((5645, /b'ET'),)
DEBUG 2025-03-27 19:42:40,449 psparser nextobject: (5645, /b'ET')
DEBUG 2025-03-27 19:42:40,449 pdfinterp exec: ET
DEBUG 2025-03-27 19:42:40,449 psparser nexttoken: (5648, /b'EMC')
DEBUG 2025-03-27 19:42:40,449 psparser do_keyword: pos=5648, token=/b'EMC', stack=[]
DEBUG 2025-03-27 19:42:40,449 psparser add_results: ((5648, /b'EMC'),)
DEBUG 2025-03-27 19:42:40,449 psparser nextobject: (5648, /b'EMC')
DEBUG 2025-03-27 19:42:40,449 pdfinterp exec: EMC
DEBUG 2025-03-27 19:42:40,449 psparser nexttoken: (5652, /'P')
DEBUG 2025-03-27 19:42:40,449 psparser add_results: ((5652, /'P'),)
DEBUG 2025-03-27 19:42:40,449 psparser nextobject: (5652, /'P')
DEBUG 2025-03-27 19:42:40,449 psparser nexttoken: (5655, /b'<<')
DEBUG 2025-03-27 19:42:40,449 psparser start_type: pos=5655, type='d'
DEBUG 2025-03-27 19:42:40,449 psparser nexttoken: (5657, /'MCID')
DEBUG 2025-03-27 19:42:40,449 psparser nexttoken: (5663, 27)
DEBUG 2025-03-27 19:42:40,449 psparser nexttoken: (5665, /b'>>')
DEBUG 2025-03-27 19:42:40,449 psparser end_type: pos=5655, type='d', objs=[/'MCID', 27]
DEBUG 2025-03-27 19:42:40,449 psparser add_results: ((5655, {'MCID': 27}),)
DEBUG 2025-03-27 19:42:40,450 psparser nextobject: (5655, {'MCID': 27})
DEBUG 2025-03-27 19:42:40,450 psparser nexttoken: (5668, /b'BDC')
DEBUG 2025-03-27 19:42:40,450 psparser do_keyword: pos=5668, token=/b'BDC', stack=[]
DEBUG 2025-03-27 19:42:40,450 psparser add_results: ((5668, /b'BDC'),)
DEBUG 2025-03-27 19:42:40,450 psparser nextobject: (5668, /b'BDC')
DEBUG 2025-03-27 19:42:40,450 pdfinterp exec: BDC [/'P', {'MCID': 27}]
DEBUG 2025-03-27 19:42:40,450 psparser nexttoken: (5672, /b'BT')
DEBUG 2025-03-27 19:42:40,450 psparser do_keyword: pos=5672, token=/b'BT', stack=[]
DEBUG 2025-03-27 19:42:40,450 psparser add_results: ((5672, /b'BT'),)
DEBUG 2025-03-27 19:42:40,450 psparser nextobject: (5672, /b'BT')
DEBUG 2025-03-27 19:42:40,450 pdfinterp exec: BT
DEBUG 2025-03-27 19:42:40,450 psparser nexttoken: (5675, /'F15')
DEBUG 2025-03-27 19:42:40,450 psparser add_results: ((5675, /'F15'),)
DEBUG 2025-03-27 19:42:40,451 psparser nextobject: (5675, /'F15')
DEBUG 2025-03-27 19:42:40,451 psparser nexttoken: (5680, 12)
DEBUG 2025-03-27 19:42:40,451 psparser add_results: ((5680, 12),)
DEBUG 2025-03-27 19:42:40,451 psparser nextobject: (5680, 12)
DEBUG 2025-03-27 19:42:40,451 psparser nexttoken: (5683, /b'Tf')
DEBUG 2025-03-27 19:42:40,451 psparser do_keyword: pos=5683, token=/b'Tf', stack=[]
DEBUG 2025-03-27 19:42:40,451 psparser add_results: ((5683, /b'Tf'),)
DEBUG 2025-03-27 19:42:40,452 psparser nextobject: (5683, /b'Tf')
DEBUG 2025-03-27 19:42:40,452 pdfinterp exec: Tf [/'F15', 12]
DEBUG 2025-03-27 19:42:40,452 psparser nexttoken: (5686, 1)
DEBUG 2025-03-27 19:42:40,452 psparser add_results: ((5686, 1),)
DEBUG 2025-03-27 19:42:40,452 psparser nextobject: (5686, 1)
DEBUG 2025-03-27 19:42:40,452 psparser nexttoken: (5688, 0)
DEBUG 2025-03-27 19:42:40,452 psparser add_results: ((5688, 0),)
DEBUG 2025-03-27 19:42:40,453 psparser nextobject: (5688, 0)
DEBUG 2025-03-27 19:42:40,453 psparser nexttoken: (5690, 0)
DEBUG 2025-03-27 19:42:40,453 psparser add_results: ((5690, 0),)
DEBUG 2025-03-27 19:42:40,453 psparser nextobject: (5690, 0)
DEBUG 2025-03-27 19:42:40,453 psparser nexttoken: (5692, -1)
DEBUG 2025-03-27 19:42:40,453 psparser add_results: ((5692, -1),)
DEBUG 2025-03-27 19:42:40,453 psparser nextobject: (5692, -1)
DEBUG 2025-03-27 19:42:40,453 psparser nexttoken: (5695, 0)
DEBUG 2025-03-27 19:42:40,453 psparser add_results: ((5695, 0),)
DEBUG 2025-03-27 19:42:40,453 psparser nextobject: (5695, 0)
DEBUG 2025-03-27 19:42:40,453 psparser nexttoken: (5697, 262.41400146)
DEBUG 2025-03-27 19:42:40,453 psparser add_results: ((5697, 262.41400146),)
DEBUG 2025-03-27 19:42:40,453 psparser nextobject: (5697, 262.41400146)
DEBUG 2025-03-27 19:42:40,453 psparser nexttoken: (5710, /b'Tm')
DEBUG 2025-03-27 19:42:40,454 psparser do_keyword: pos=5710, token=/b'Tm', stack=[]
DEBUG 2025-03-27 19:42:40,454 psparser add_results: ((5710, /b'Tm'),)
DEBUG 2025-03-27 19:42:40,454 psparser nextobject: (5710, /b'Tm')
DEBUG 2025-03-27 19:42:40,454 pdfinterp exec: Tm [1, 0, 0, -1, 0, 262.41400146]
DEBUG 2025-03-27 19:42:40,454 psparser nexttoken: (5713, /b'[')
DEBUG 2025-03-27 19:42:40,454 psparser start_type: pos=5713, type='a'
DEBUG 2025-03-27 19:42:40,455 psparser nexttoken: (5714, b'\x00$\x00\x05\x00\x06\x00\x0e\x00\x0f\x00#\x00\x0e\x00\x08\x00\x06\x00$\x00\x04\x00\x05\x00#\x00\x01\x00\x04\x000\x00\x01\x00\x13\x00,\x00\x0c\x00\x01\x00"\x00\x07\x00\x06\x00\x07\x00\x01\x00\x07\x00\x05\x00\x07\x00\x14\x00\x15\x00\x06\x00$\x00\x08\x00#\x00\x0c\x00\x01\x00\x07\x00\x05\x00"\x00\x01\x00\x07\x00\x16\x00\x06\x00\x04\x00 \x00\x07\x00\x06\x00$\x00\x04\x00\x05\x00\x19\x00\x01\x00\x13\x00\x14\x00\x04\x00\x05\x00&\x00#\x00$\x00"\x00\x0e\x00\x0c\x00\x01\x00 \x00\x15')
DEBUG 2025-03-27 19:42:40,456 psparser nexttoken: (5980, /b']')
DEBUG 2025-03-27 19:42:40,456 psparser end_type: pos=5713, type='a', objs=[b'\x00$\x00\x05\x00\x06\x00\x0e\x00\x0f\x00#\x00\x0e\x00\x08\x00\x06\x00$\x00\x04\x00\x05\x00#\x00\x01\x00\x04\x000\x00\x01\x00\x13\x00,\x00\x0c\x00\x01\x00"\x00\x07\x00\x06\x00\x07\x00\x01\x00\x07\x00\x05\x00\x07\x00\x14\x00\x15\x00\x06\x00$\x00\x08\x00#\x00\x0c\x00\x01\x00\x07\x00\x05\x00"\x00\x01\x00\x07\x00\x16\x00\x06\x00\x04\x00 \x00\x07\x00\x06\x00$\x00\x04\x00\x05\x00\x19\x00\x01\x00\x13\x00\x14\x00\x04\x00\x05\x00&\x00#\x00$\x00"\x00\x0e\x00\x0c\x00\x01\x00 \x00\x15']
DEBUG 2025-03-27 19:42:40,456 psparser add_results: ((5713, [b'\x00$\x00\x05\x00\x06\x00\x0e\x00\x0f\x00#\x00\x0e\x00\x08\x00\x06\x00$\x00\x04\x00\x05\x00#\x00\x01\x00\x04\x000\x00\x01\x00\x13\x00,\x00\x0c\x00\x01\x00"\x00\x07\x00\x06\x00\x07\x00\x01\x00\x07\x00\x05\x00\x07\x00\x14\x00\x15\x00\x06\x00$\x00\x08\x00#\x00\x0c\x00\x01\x00\x07\x00\x05\x00"\x00\x01\x00\x07\x00\x16\x00\x06\x00\x04\x00 \x00\x07\x00\x06\x00$\x00\x04\x00\x05\x00\x19\x00\x01\x00\x13\x00\x14\x00\x04\x00\x05\x00&\x00#\x00$\x00"\x00\x0e\x00\x0c\x00\x01\x00 \x00\x15']),)
DEBUG 2025-03-27 19:42:40,456 psparser nextobject: (5713, [b'\x00$\x00\x05\x00\x06\x00\x0e\x00\x0f\x00#\x00\x0e\x00\x08\x00\x06\x00$\x00\x04\x00\x05\x00#\x00\x01\x00\x04\x000\x00\x01\x00\x13\x00,\x00\x0c\x00\x01\x00"\x00\x07\x00\x06\x00\x07\x00\x01\x00\x07\x00\x05\x00\x07\x00\x14\x00\x15\x00\x06\x00$\x00\x08\x00#\x00\x0c\x00\x01\x00\x07\x00\x05\x00"\x00\x01\x00\x07\x00\x16\x00\x06\x00\x04\x00 \x00\x07\x00\x06\x00$\x00\x04\x00\x05\x00\x19\x00\x01\x00\x13\x00\x14\x00\x04\x00\x05\x00&\x00#\x00$\x00"\x00\x0e\x00\x0c\x00\x01\x00 \x00\x15'])
DEBUG 2025-03-27 19:42:40,456 psparser nexttoken: (5982, /b'TJ')
DEBUG 2025-03-27 19:42:40,456 psparser do_keyword: pos=5982, token=/b'TJ', stack=[]
DEBUG 2025-03-27 19:42:40,456 psparser add_results: ((5982, /b'TJ'),)
DEBUG 2025-03-27 19:42:40,456 psparser nextobject: (5982, /b'TJ')
DEBUG 2025-03-27 19:42:40,456 pdfinterp exec: TJ [[b'\x00$\x00\x05\x00\x06\x00\x0e\x00\x0f\x00#\x00\x0e\x00\x08\x00\x06\x00$\x00\x04\x00\x05\x00#\x00\x01\x00\x04\x000\x00\x01\x00\x13\x00,\x00\x0c\x00\x01\x00"\x00\x07\x00\x06\x00\x07\x00\x01\x00\x07\x00\x05\x00\x07\x00\x14\x00\x15\x00\x06\x00$\x00\x08\x00#\x00\x0c\x00\x01\x00\x07\x00\x05\x00"\x00\x01\x00\x07\x00\x16\x00\x06\x00\x04\x00 \x00\x07\x00\x06\x00$\x00\x04\x00\x05\x00\x19\x00\x01\x00\x13\x00\x14\x00\x04\x00\x05\x00&\x00#\x00$\x00"\x00\x0e\x00\x0c\x00\x01\x00 \x00\x15']]
DEBUG 2025-03-27 19:42:40,457 cmapdb get_unichr: <UnicodeMap: /'Adobe-Identity-UCS'>, 36
DEBUG 2025-03-27 19:42:40,457 cmapdb get_unichr: <UnicodeMap: /'Adobe-Identity-UCS'>, 5
DEBUG 2025-03-27 19:42:40,457 cmapdb get_unichr: <UnicodeMap: /'Adobe-Identity-UCS'>, 6
DEBUG 2025-03-27 19:42:40,457 cmapdb get_unichr: <UnicodeMap: /'Adobe-Identity-UCS'>, 14
DEBUG 2025-03-27 19:42:40,457 cmapdb get_unichr: <UnicodeMap: /'Adobe-Identity-UCS'>, 15
DEBUG 2025-03-27 19:42:40,457 cmapdb get_unichr: <UnicodeMap: /'Adobe-Identity-UCS'>, 35
DEBUG 2025-03-27 19:42:40,457 cmapdb get_unichr: <UnicodeMap: /'Adobe-Identity-UCS'>, 14
DEBUG 2025-03-27 19:42:40,458 cmapdb get_unichr: <UnicodeMap: /'Adobe-Identity-UCS'>, 8
DEBUG 2025-03-27 19:42:40,458 cmapdb get_unichr: <UnicodeMap: /'Adobe-Identity-UCS'>, 6
DEBUG 2025-03-27 19:42:40,458 cmapdb get_unichr: <UnicodeMap: /'Adobe-Identity-UCS'>, 36
DEBUG 2025-03-27 19:42:40,458 cmapdb get_unichr: <UnicodeMap: /'Adobe-Identity-UCS'>, 4
DEBUG 2025-03-27 19:42:40,458 cmapdb get_unichr: <UnicodeMap: /'Adobe-Identity-UCS'>, 5
DEBUG 2025-03-27 19:42:40,458 cmapdb get_unichr: <UnicodeMap: /'Adobe-Identity-UCS'>, 35
DEBUG 2025-03-27 19:42:40,458 cmapdb get_unichr: <UnicodeMap: /'Adobe-Identity-UCS'>, 1
DEBUG 2025-03-27 19:42:40,458 cmapdb get_unichr: <UnicodeMap: /'Adobe-Identity-UCS'>, 4
DEBUG 2025-03-27 19:42:40,458 cmapdb get_unichr: <UnicodeMap: /'Adobe-Identity-UCS'>, 48
DEBUG 2025-03-27 19:42:40,458 cmapdb get_unichr: <UnicodeMap: /'Adobe-Identity-UCS'>, 1
DEBUG 2025-03-27 19:42:40,459 cmapdb get_unichr: <UnicodeMap: /'Adobe-Identity-UCS'>, 19
DEBUG 2025-03-27 19:42:40,459 cmapdb get_unichr: <UnicodeMap: /'Adobe-Identity-UCS'>, 44
DEBUG 2025-03-27 19:42:40,459 cmapdb get_unichr: <UnicodeMap: /'Adobe-Identity-UCS'>, 12
DEBUG 2025-03-27 19:42:40,459 cmapdb get_unichr: <UnicodeMap: /'Adobe-Identity-UCS'>, 1
DEBUG 2025-03-27 19:42:40,459 cmapdb get_unichr: <UnicodeMap: /'Adobe-Identity-UCS'>, 34
DEBUG 2025-03-27 19:42:40,459 cmapdb get_unichr: <UnicodeMap: /'Adobe-Identity-UCS'>, 7
DEBUG 2025-03-27 19:42:40,459 cmapdb get_unichr: <UnicodeMap: /'Adobe-Identity-UCS'>, 6
DEBUG 2025-03-27 19:42:40,459 cmapdb get_unichr: <UnicodeMap: /'Adobe-Identity-UCS'>, 7
DEBUG 2025-03-27 19:42:40,460 cmapdb get_unichr: <UnicodeMap: /'Adobe-Identity-UCS'>, 1
DEBUG 2025-03-27 19:42:40,460 cmapdb get_unichr: <UnicodeMap: /'Adobe-Identity-UCS'>, 7
DEBUG 2025-03-27 19:42:40,460 cmapdb get_unichr: <UnicodeMap: /'Adobe-Identity-UCS'>, 5
DEBUG 2025-03-27 19:42:40,464 cmapdb get_unichr: <UnicodeMap: /'Adobe-Identity-UCS'>, 7
DEBUG 2025-03-27 19:42:40,464 cmapdb get_unichr: <UnicodeMap: /'Adobe-Identity-UCS'>, 20
DEBUG 2025-03-27 19:42:40,465 cmapdb get_unichr: <UnicodeMap: /'Adobe-Identity-UCS'>, 21
DEBUG 2025-03-27 19:42:40,465 cmapdb get_unichr: <UnicodeMap: /'Adobe-Identity-UCS'>, 6
DEBUG 2025-03-27 19:42:40,465 cmapdb get_unichr: <UnicodeMap: /'Adobe-Identity-UCS'>, 36
DEBUG 2025-03-27 19:42:40,465 cmapdb get_unichr: <UnicodeMap: /'Adobe-Identity-UCS'>, 8
DEBUG 2025-03-27 19:42:40,465 cmapdb get_unichr: <UnicodeMap: /'Adobe-Identity-UCS'>, 35
DEBUG 2025-03-27 19:42:40,465 cmapdb get_unichr: <UnicodeMap: /'Adobe-Identity-UCS'>, 12
DEBUG 2025-03-27 19:42:40,465 cmapdb get_unichr: <UnicodeMap: /'Adobe-Identity-UCS'>, 1
DEBUG 2025-03-27 19:42:40,465 cmapdb get_unichr: <UnicodeMap: /'Adobe-Identity-UCS'>, 7
DEBUG 2025-03-27 19:42:40,465 cmapdb get_unichr: <UnicodeMap: /'Adobe-Identity-UCS'>, 5
DEBUG 2025-03-27 19:42:40,466 cmapdb get_unichr: <UnicodeMap: /'Adobe-Identity-UCS'>, 34
DEBUG 2025-03-27 19:42:40,466 cmapdb get_unichr: <UnicodeMap: /'Adobe-Identity-UCS'>, 1
DEBUG 2025-03-27 19:42:40,467 cmapdb get_unichr: <UnicodeMap: /'Adobe-Identity-UCS'>, 7
DEBUG 2025-03-27 19:42:40,467 cmapdb get_unichr: <UnicodeMap: /'Adobe-Identity-UCS'>, 22
DEBUG 2025-03-27 19:42:40,467 cmapdb get_unichr: <UnicodeMap: /'Adobe-Identity-UCS'>, 6
DEBUG 2025-03-27 19:42:40,467 cmapdb get_unichr: <UnicodeMap: /'Adobe-Identity-UCS'>, 4
DEBUG 2025-03-27 19:42:40,467 cmapdb get_unichr: <UnicodeMap: /'Adobe-Identity-UCS'>, 32
DEBUG 2025-03-27 19:42:40,467 cmapdb get_unichr: <UnicodeMap: /'Adobe-Identity-UCS'>, 7
DEBUG 2025-03-27 19:42:40,468 cmapdb get_unichr: <UnicodeMap: /'Adobe-Identity-UCS'>, 6
DEBUG 2025-03-27 19:42:40,468 cmapdb get_unichr: <UnicodeMap: /'Adobe-Identity-UCS'>, 36
DEBUG 2025-03-27 19:42:40,468 cmapdb get_unichr: <UnicodeMap: /'Adobe-Identity-UCS'>, 4
DEBUG 2025-03-27 19:42:40,468 cmapdb get_unichr: <UnicodeMap: /'Adobe-Identity-UCS'>, 5
DEBUG 2025-03-27 19:42:40,468 cmapdb get_unichr: <UnicodeMap: /'Adobe-Identity-UCS'>, 25
DEBUG 2025-03-27 19:42:40,468 cmapdb get_unichr: <UnicodeMap: /'Adobe-Identity-UCS'>, 1
DEBUG 2025-03-27 19:42:40,468 cmapdb get_unichr: <UnicodeMap: /'Adobe-Identity-UCS'>, 19
DEBUG 2025-03-27 19:42:40,468 cmapdb get_unichr: <UnicodeMap: /'Adobe-Identity-UCS'>, 20
DEBUG 2025-03-27 19:42:40,468 cmapdb get_unichr: <UnicodeMap: /'Adobe-Identity-UCS'>, 4
DEBUG 2025-03-27 19:42:40,468 cmapdb get_unichr: <UnicodeMap: /'Adobe-Identity-UCS'>, 5
DEBUG 2025-03-27 19:42:40,468 cmapdb get_unichr: <UnicodeMap: /'Adobe-Identity-UCS'>, 38
DEBUG 2025-03-27 19:42:40,468 cmapdb get_unichr: <UnicodeMap: /'Adobe-Identity-UCS'>, 35
DEBUG 2025-03-27 19:42:40,468 cmapdb get_unichr: <UnicodeMap: /'Adobe-Identity-UCS'>, 36
DEBUG 2025-03-27 19:42:40,469 cmapdb get_unichr: <UnicodeMap: /'Adobe-Identity-UCS'>, 34
DEBUG 2025-03-27 19:42:40,469 cmapdb get_unichr: <UnicodeMap: /'Adobe-Identity-UCS'>, 14
DEBUG 2025-03-27 19:42:40,469 cmapdb get_unichr: <UnicodeMap: /'Adobe-Identity-UCS'>, 12
DEBUG 2025-03-27 19:42:40,469 cmapdb get_unichr: <UnicodeMap: /'Adobe-Identity-UCS'>, 1
DEBUG 2025-03-27 19:42:40,469 cmapdb get_unichr: <UnicodeMap: /'Adobe-Identity-UCS'>, 32
DEBUG 2025-03-27 19:42:40,469 cmapdb get_unichr: <UnicodeMap: /'Adobe-Identity-UCS'>, 21
DEBUG 2025-03-27 19:42:40,469 psparser nexttoken: (5985, /b'ET')
DEBUG 2025-03-27 19:42:40,469 psparser do_keyword: pos=5985, token=/b'ET', stack=[]
DEBUG 2025-03-27 19:42:40,469 psparser add_results: ((5985, /b'ET'),)
DEBUG 2025-03-27 19:42:40,469 psparser nextobject: (5985, /b'ET')
DEBUG 2025-03-27 19:42:40,469 pdfinterp exec: ET
DEBUG 2025-03-27 19:42:40,470 psparser nexttoken: (5988, /b'EMC')
DEBUG 2025-03-27 19:42:40,470 psparser do_keyword: pos=5988, token=/b'EMC', stack=[]
DEBUG 2025-03-27 19:42:40,470 psparser add_results: ((5988, /b'EMC'),)
DEBUG 2025-03-27 19:42:40,470 psparser nextobject: (5988, /b'EMC')
DEBUG 2025-03-27 19:42:40,470 pdfinterp exec: EMC
DEBUG 2025-03-27 19:42:40,470 psparser nexttoken: (5992, /'P')
DEBUG 2025-03-27 19:42:40,470 psparser add_results: ((5992, /'P'),)
DEBUG 2025-03-27 19:42:40,470 psparser nextobject: (5992, /'P')
DEBUG 2025-03-27 19:42:40,471 psparser nexttoken: (5995, /b'<<')
DEBUG 2025-03-27 19:42:40,471 psparser start_type: pos=5995, type='d'
DEBUG 2025-03-27 19:42:40,471 psparser nexttoken: (5997, /'MCID')
DEBUG 2025-03-27 19:42:40,471 psparser nexttoken: (6003, 28)
DEBUG 2025-03-27 19:42:40,471 psparser nexttoken: (6005, /b'>>')
DEBUG 2025-03-27 19:42:40,471 psparser end_type: pos=5995, type='d', objs=[/'MCID', 28]
DEBUG 2025-03-27 19:42:40,471 psparser add_results: ((5995, {'MCID': 28}),)
DEBUG 2025-03-27 19:42:40,471 psparser nextobject: (5995, {'MCID': 28})
DEBUG 2025-03-27 19:42:40,471 psparser nexttoken: (6008, /b'BDC')
DEBUG 2025-03-27 19:42:40,471 psparser do_keyword: pos=6008, token=/b'BDC', stack=[]
DEBUG 2025-03-27 19:42:40,471 psparser add_results: ((6008, /b'BDC'),)
DEBUG 2025-03-27 19:42:40,471 psparser nextobject: (6008, /b'BDC')
DEBUG 2025-03-27 19:42:40,471 pdfinterp exec: BDC [/'P', {'MCID': 28}]
DEBUG 2025-03-27 19:42:40,471 psparser nexttoken: (6012, /b'BT')
DEBUG 2025-03-27 19:42:40,471 psparser do_keyword: pos=6012, token=/b'BT', stack=[]
DEBUG 2025-03-27 19:42:40,471 psparser add_results: ((6012, /b'BT'),)
DEBUG 2025-03-27 19:42:40,472 psparser nextobject: (6012, /b'BT')
DEBUG 2025-03-27 19:42:40,472 pdfinterp exec: BT
DEBUG 2025-03-27 19:42:40,472 psparser nexttoken: (6015, /'F15')
DEBUG 2025-03-27 19:42:40,472 psparser add_results: ((6015, /'F15'),)
DEBUG 2025-03-27 19:42:40,472 psparser nextobject: (6015, /'F15')
DEBUG 2025-03-27 19:42:40,472 psparser nexttoken: (6020, 12)
DEBUG 2025-03-27 19:42:40,472 psparser add_results: ((6020, 12),)
DEBUG 2025-03-27 19:42:40,472 psparser nextobject: (6020, 12)
DEBUG 2025-03-27 19:42:40,473 psparser nexttoken: (6023, /b'Tf')
DEBUG 2025-03-27 19:42:40,473 psparser do_keyword: pos=6023, token=/b'Tf', stack=[]
DEBUG 2025-03-27 19:42:40,473 psparser add_results: ((6023, /b'Tf'),)
DEBUG 2025-03-27 19:42:40,473 psparser nextobject: (6023, /b'Tf')
DEBUG 2025-03-27 19:42:40,473 pdfinterp exec: Tf [/'F15', 12]
DEBUG 2025-03-27 19:42:40,473 psparser nexttoken: (6026, 1)
DEBUG 2025-03-27 19:42:40,473 psparser add_results: ((6026, 1),)
DEBUG 2025-03-27 19:42:40,473 psparser nextobject: (6026, 1)
DEBUG 2025-03-27 19:42:40,473 psparser nexttoken: (6028, 0)
DEBUG 2025-03-27 19:42:40,474 psparser add_results: ((6028, 0),)
DEBUG 2025-03-27 19:42:40,474 psparser nextobject: (6028, 0)
DEBUG 2025-03-27 19:42:40,474 psparser nexttoken: (6030, 0)
DEBUG 2025-03-27 19:42:40,474 psparser add_results: ((6030, 0),)
DEBUG 2025-03-27 19:42:40,474 psparser nextobject: (6030, 0)
DEBUG 2025-03-27 19:42:40,475 psparser nexttoken: (6032, -1)
DEBUG 2025-03-27 19:42:40,475 psparser add_results: ((6032, -1),)
DEBUG 2025-03-27 19:42:40,475 psparser nextobject: (6032, -1)
DEBUG 2025-03-27 19:42:40,475 psparser nexttoken: (6035, 0)
DEBUG 2025-03-27 19:42:40,475 psparser add_results: ((6035, 0),)
DEBUG 2025-03-27 19:42:40,475 psparser nextobject: (6035, 0)
DEBUG 2025-03-27 19:42:40,475 psparser nexttoken: (6037, 280.41400146)
DEBUG 2025-03-27 19:42:40,475 psparser add_results: ((6037, 280.41400146),)
DEBUG 2025-03-27 19:42:40,475 psparser nextobject: (6037, 280.41400146)
DEBUG 2025-03-27 19:42:40,475 psparser nexttoken: (6050, /b'Tm')
DEBUG 2025-03-27 19:42:40,475 psparser do_keyword: pos=6050, token=/b'Tm', stack=[]
DEBUG 2025-03-27 19:42:40,476 psparser add_results: ((6050, /b'Tm'),)
DEBUG 2025-03-27 19:42:40,476 psparser nextobject: (6050, /b'Tm')
DEBUG 2025-03-27 19:42:40,476 pdfinterp exec: Tm [1, 0, 0, -1, 0, 280.41400146]
DEBUG 2025-03-27 19:42:40,476 psparser nexttoken: (6053, /b'[')
DEBUG 2025-03-27 19:42:40,476 psparser start_type: pos=6053, type='a'
DEBUG 2025-03-27 19:42:40,476 psparser nexttoken: (6054, b'\x00%\x00\x07\x00\x05\x00"\x00#\x00\x02\x00\x04\x00\x05\x00\x01\x00\x0e\x00)\x00.\x00\x0e\x00\x0f\x00$\x00\x0e\x00\x05\x00\x08\x00\x0e\x00#\x00\x01\x00$\x00\x05\x00\x01\x00\x08\x00\x04\x00"\x00$\x00\x05\x00&\x00\x01\x00\x07\x00\x05\x00"\x00\x01\x00.\x00\x0f\x00\x04\x00:\x00\x14\x00\x0e\x00 \x00\x02\x00#\x00\x04\x00\x14\x007\x00$\x00\x05\x00&\x00\x01\x00%\x00\x07\x007\x00\x0e\x00\x01\x00%\x00\x04\x00\x05\x00\x0e\x00"\x00\x01\x00 \x00\x15')
DEBUG 2025-03-27 19:42:40,476 psparser nexttoken: (6312, /b']')
DEBUG 2025-03-27 19:42:40,476 psparser end_type: pos=6053, type='a', objs=[b'\x00%\x00\x07\x00\x05\x00"\x00#\x00\x02\x00\x04\x00\x05\x00\x01\x00\x0e\x00)\x00.\x00\x0e\x00\x0f\x00$\x00\x0e\x00\x05\x00\x08\x00\x0e\x00#\x00\x01\x00$\x00\x05\x00\x01\x00\x08\x00\x04\x00"\x00$\x00\x05\x00&\x00\x01\x00\x07\x00\x05\x00"\x00\x01\x00.\x00\x0f\x00\x04\x00:\x00\x14\x00\x0e\x00 \x00\x02\x00#\x00\x04\x00\x14\x007\x00$\x00\x05\x00&\x00\x01\x00%\x00\x07\x007\x00\x0e\x00\x01\x00%\x00\x04\x00\x05\x00\x0e\x00"\x00\x01\x00 \x00\x15']
DEBUG 2025-03-27 19:42:40,476 psparser add_results: ((6053, [b'\x00%\x00\x07\x00\x05\x00"\x00#\x00\x02\x00\x04\x00\x05\x00\x01\x00\x0e\x00)\x00.\x00\x0e\x00\x0f\x00$\x00\x0e\x00\x05\x00\x08\x00\x0e\x00#\x00\x01\x00$\x00\x05\x00\x01\x00\x08\x00\x04\x00"\x00$\x00\x05\x00&\x00\x01\x00\x07\x00\x05\x00"\x00\x01\x00.\x00\x0f\x00\x04\x00:\x00\x14\x00\x0e\x00 \x00\x02\x00#\x00\x04\x00\x14\x007\x00$\x00\x05\x00&\x00\x01\x00%\x00\x07\x007\x00\x0e\x00\x01\x00%\x00\x04\x00\x05\x00\x0e\x00"\x00\x01\x00 \x00\x15']),)
DEBUG 2025-03-27 19:42:40,477 psparser nextobject: (6053, [b'\x00%\x00\x07\x00\x05\x00"\x00#\x00\x02\x00\x04\x00\x05\x00\x01\x00\x0e\x00)\x00.\x00\x0e\x00\x0f\x00$\x00\x0e\x00\x05\x00\x08\x00\x0e\x00#\x00\x01\x00$\x00\x05\x00\x01\x00\x08\x00\x04\x00"\x00$\x00\x05\x00&\x00\x01\x00\x07\x00\x05\x00"\x00\x01\x00.\x00\x0f\x00\x04\x00:\x00\x14\x00\x0e\x00 \x00\x02\x00#\x00\x04\x00\x14\x007\x00$\x00\x05\x00&\x00\x01\x00%\x00\x07\x007\x00\x0e\x00\x01\x00%\x00\x04\x00\x05\x00\x0e\x00"\x00\x01\x00 \x00\x15'])
DEBUG 2025-03-27 19:42:40,477 psparser nexttoken: (6314, /b'TJ')
DEBUG 2025-03-27 19:42:40,477 psparser do_keyword: pos=6314, token=/b'TJ', stack=[]
DEBUG 2025-03-27 19:42:40,477 psparser add_results: ((6314, /b'TJ'),)
DEBUG 2025-03-27 19:42:40,477 psparser nextobject: (6314, /b'TJ')
DEBUG 2025-03-27 19:42:40,477 pdfinterp exec: TJ [[b'\x00%\x00\x07\x00\x05\x00"\x00#\x00\x02\x00\x04\x00\x05\x00\x01\x00\x0e\x00)\x00.\x00\x0e\x00\x0f\x00$\x00\x0e\x00\x05\x00\x08\x00\x0e\x00#\x00\x01\x00$\x00\x05\x00\x01\x00\x08\x00\x04\x00"\x00$\x00\x05\x00&\x00\x01\x00\x07\x00\x05\x00"\x00\x01\x00.\x00\x0f\x00\x04\x00:\x00\x14\x00\x0e\x00 \x00\x02\x00#\x00\x04\x00\x14\x007\x00$\x00\x05\x00&\x00\x01\x00%\x00\x07\x007\x00\x0e\x00\x01\x00%\x00\x04\x00\x05\x00\x0e\x00"\x00\x01\x00 \x00\x15']]
DEBUG 2025-03-27 19:42:40,477 cmapdb get_unichr: <UnicodeMap: /'Adobe-Identity-UCS'>, 37
DEBUG 2025-03-27 19:42:40,477 cmapdb get_unichr: <UnicodeMap: /'Adobe-Identity-UCS'>, 7
DEBUG 2025-03-27 19:42:40,478 cmapdb get_unichr: <UnicodeMap: /'Adobe-Identity-UCS'>, 5
DEBUG 2025-03-27 19:42:40,478 cmapdb get_unichr: <UnicodeMap: /'Adobe-Identity-UCS'>, 34
DEBUG 2025-03-27 19:42:40,478 cmapdb get_unichr: <UnicodeMap: /'Adobe-Identity-UCS'>, 35
DEBUG 2025-03-27 19:42:40,479 cmapdb get_unichr: <UnicodeMap: /'Adobe-Identity-UCS'>, 2
DEBUG 2025-03-27 19:42:40,479 cmapdb get_unichr: <UnicodeMap: /'Adobe-Identity-UCS'>, 4
DEBUG 2025-03-27 19:42:40,479 cmapdb get_unichr: <UnicodeMap: /'Adobe-Identity-UCS'>, 5
DEBUG 2025-03-27 19:42:40,479 cmapdb get_unichr: <UnicodeMap: /'Adobe-Identity-UCS'>, 1
DEBUG 2025-03-27 19:42:40,479 cmapdb get_unichr: <UnicodeMap: /'Adobe-Identity-UCS'>, 14
DEBUG 2025-03-27 19:42:40,479 cmapdb get_unichr: <UnicodeMap: /'Adobe-Identity-UCS'>, 41
DEBUG 2025-03-27 19:42:40,479 cmapdb get_unichr: <UnicodeMap: /'Adobe-Identity-UCS'>, 46
DEBUG 2025-03-27 19:42:40,479 cmapdb get_unichr: <UnicodeMap: /'Adobe-Identity-UCS'>, 14
DEBUG 2025-03-27 19:42:40,479 cmapdb get_unichr: <UnicodeMap: /'Adobe-Identity-UCS'>, 15
DEBUG 2025-03-27 19:42:40,480 cmapdb get_unichr: <UnicodeMap: /'Adobe-Identity-UCS'>, 36
DEBUG 2025-03-27 19:42:40,480 cmapdb get_unichr: <UnicodeMap: /'Adobe-Identity-UCS'>, 14
DEBUG 2025-03-27 19:42:40,480 cmapdb get_unichr: <UnicodeMap: /'Adobe-Identity-UCS'>, 5
DEBUG 2025-03-27 19:42:40,480 cmapdb get_unichr: <UnicodeMap: /'Adobe-Identity-UCS'>, 8
DEBUG 2025-03-27 19:42:40,480 cmapdb get_unichr: <UnicodeMap: /'Adobe-Identity-UCS'>, 14
DEBUG 2025-03-27 19:42:40,480 cmapdb get_unichr: <UnicodeMap: /'Adobe-Identity-UCS'>, 35
DEBUG 2025-03-27 19:42:40,481 cmapdb get_unichr: <UnicodeMap: /'Adobe-Identity-UCS'>, 1
DEBUG 2025-03-27 19:42:40,481 cmapdb get_unichr: <UnicodeMap: /'Adobe-Identity-UCS'>, 36
DEBUG 2025-03-27 19:42:40,481 cmapdb get_unichr: <UnicodeMap: /'Adobe-Identity-UCS'>, 5
DEBUG 2025-03-27 19:42:40,481 cmapdb get_unichr: <UnicodeMap: /'Adobe-Identity-UCS'>, 1
DEBUG 2025-03-27 19:42:40,481 cmapdb get_unichr: <UnicodeMap: /'Adobe-Identity-UCS'>, 8
DEBUG 2025-03-27 19:42:40,481 cmapdb get_unichr: <UnicodeMap: /'Adobe-Identity-UCS'>, 4
DEBUG 2025-03-27 19:42:40,481 cmapdb get_unichr: <UnicodeMap: /'Adobe-Identity-UCS'>, 34
DEBUG 2025-03-27 19:42:40,482 cmapdb get_unichr: <UnicodeMap: /'Adobe-Identity-UCS'>, 36
DEBUG 2025-03-27 19:42:40,482 cmapdb get_unichr: <UnicodeMap: /'Adobe-Identity-UCS'>, 5
DEBUG 2025-03-27 19:42:40,482 cmapdb get_unichr: <UnicodeMap: /'Adobe-Identity-UCS'>, 38
DEBUG 2025-03-27 19:42:40,482 cmapdb get_unichr: <UnicodeMap: /'Adobe-Identity-UCS'>, 1
DEBUG 2025-03-27 19:42:40,482 cmapdb get_unichr: <UnicodeMap: /'Adobe-Identity-UCS'>, 7
DEBUG 2025-03-27 19:42:40,482 cmapdb get_unichr: <UnicodeMap: /'Adobe-Identity-UCS'>, 5
DEBUG 2025-03-27 19:42:40,483 cmapdb get_unichr: <UnicodeMap: /'Adobe-Identity-UCS'>, 34
DEBUG 2025-03-27 19:42:40,483 cmapdb get_unichr: <UnicodeMap: /'Adobe-Identity-UCS'>, 1
DEBUG 2025-03-27 19:42:40,483 cmapdb get_unichr: <UnicodeMap: /'Adobe-Identity-UCS'>, 46
DEBUG 2025-03-27 19:42:40,483 cmapdb get_unichr: <UnicodeMap: /'Adobe-Identity-UCS'>, 15
DEBUG 2025-03-27 19:42:40,483 cmapdb get_unichr: <UnicodeMap: /'Adobe-Identity-UCS'>, 4
DEBUG 2025-03-27 19:42:40,483 cmapdb get_unichr: <UnicodeMap: /'Adobe-Identity-UCS'>, 58
DEBUG 2025-03-27 19:42:40,483 cmapdb get_unichr: <UnicodeMap: /'Adobe-Identity-UCS'>, 20
DEBUG 2025-03-27 19:42:40,484 cmapdb get_unichr: <UnicodeMap: /'Adobe-Identity-UCS'>, 14
DEBUG 2025-03-27 19:42:40,484 cmapdb get_unichr: <UnicodeMap: /'Adobe-Identity-UCS'>, 32
DEBUG 2025-03-27 19:42:40,484 cmapdb get_unichr: <UnicodeMap: /'Adobe-Identity-UCS'>, 2
DEBUG 2025-03-27 19:42:40,484 cmapdb get_unichr: <UnicodeMap: /'Adobe-Identity-UCS'>, 35
DEBUG 2025-03-27 19:42:40,484 cmapdb get_unichr: <UnicodeMap: /'Adobe-Identity-UCS'>, 4
DEBUG 2025-03-27 19:42:40,484 cmapdb get_unichr: <UnicodeMap: /'Adobe-Identity-UCS'>, 20
DEBUG 2025-03-27 19:42:40,484 cmapdb get_unichr: <UnicodeMap: /'Adobe-Identity-UCS'>, 55
DEBUG 2025-03-27 19:42:40,485 cmapdb get_unichr: <UnicodeMap: /'Adobe-Identity-UCS'>, 36
DEBUG 2025-03-27 19:42:40,485 cmapdb get_unichr: <UnicodeMap: /'Adobe-Identity-UCS'>, 5
DEBUG 2025-03-27 19:42:40,485 cmapdb get_unichr: <UnicodeMap: /'Adobe-Identity-UCS'>, 38
DEBUG 2025-03-27 19:42:40,485 cmapdb get_unichr: <UnicodeMap: /'Adobe-Identity-UCS'>, 1
DEBUG 2025-03-27 19:42:40,485 cmapdb get_unichr: <UnicodeMap: /'Adobe-Identity-UCS'>, 37
DEBUG 2025-03-27 19:42:40,485 cmapdb get_unichr: <UnicodeMap: /'Adobe-Identity-UCS'>, 7
DEBUG 2025-03-27 19:42:40,486 cmapdb get_unichr: <UnicodeMap: /'Adobe-Identity-UCS'>, 55
DEBUG 2025-03-27 19:42:40,486 cmapdb get_unichr: <UnicodeMap: /'Adobe-Identity-UCS'>, 14
DEBUG 2025-03-27 19:42:40,486 cmapdb get_unichr: <UnicodeMap: /'Adobe-Identity-UCS'>, 1
DEBUG 2025-03-27 19:42:40,486 cmapdb get_unichr: <UnicodeMap: /'Adobe-Identity-UCS'>, 37
DEBUG 2025-03-27 19:42:40,486 cmapdb get_unichr: <UnicodeMap: /'Adobe-Identity-UCS'>, 4
DEBUG 2025-03-27 19:42:40,486 cmapdb get_unichr: <UnicodeMap: /'Adobe-Identity-UCS'>, 5
DEBUG 2025-03-27 19:42:40,486 cmapdb get_unichr: <UnicodeMap: /'Adobe-Identity-UCS'>, 14
DEBUG 2025-03-27 19:42:40,487 cmapdb get_unichr: <UnicodeMap: /'Adobe-Identity-UCS'>, 34
DEBUG 2025-03-27 19:42:40,487 cmapdb get_unichr: <UnicodeMap: /'Adobe-Identity-UCS'>, 1
DEBUG 2025-03-27 19:42:40,487 cmapdb get_unichr: <UnicodeMap: /'Adobe-Identity-UCS'>, 32
DEBUG 2025-03-27 19:42:40,487 cmapdb get_unichr: <UnicodeMap: /'Adobe-Identity-UCS'>, 21
DEBUG 2025-03-27 19:42:40,487 psparser nexttoken: (6317, /b'ET')
DEBUG 2025-03-27 19:42:40,487 psparser do_keyword: pos=6317, token=/b'ET', stack=[]
DEBUG 2025-03-27 19:42:40,487 psparser add_results: ((6317, /b'ET'),)
DEBUG 2025-03-27 19:42:40,487 psparser nextobject: (6317, /b'ET')
DEBUG 2025-03-27 19:42:40,487 pdfinterp exec: ET
DEBUG 2025-03-27 19:42:40,487 psparser nexttoken: (6320, /b'EMC')
DEBUG 2025-03-27 19:42:40,488 psparser do_keyword: pos=6320, token=/b'EMC', stack=[]
DEBUG 2025-03-27 19:42:40,488 psparser add_results: ((6320, /b'EMC'),)
DEBUG 2025-03-27 19:42:40,488 psparser nextobject: (6320, /b'EMC')
DEBUG 2025-03-27 19:42:40,488 pdfinterp exec: EMC
DEBUG 2025-03-27 19:42:40,488 psparser nexttoken: (6324, /'P')
DEBUG 2025-03-27 19:42:40,488 psparser add_results: ((6324, /'P'),)
DEBUG 2025-03-27 19:42:40,488 psparser nextobject: (6324, /'P')
DEBUG 2025-03-27 19:42:40,488 psparser nexttoken: (6327, /b'<<')
DEBUG 2025-03-27 19:42:40,488 psparser start_type: pos=6327, type='d'
DEBUG 2025-03-27 19:42:40,488 psparser nexttoken: (6329, /'MCID')
DEBUG 2025-03-27 19:42:40,488 psparser nexttoken: (6335, 29)
DEBUG 2025-03-27 19:42:40,488 psparser nexttoken: (6337, /b'>>')
DEBUG 2025-03-27 19:42:40,488 psparser end_type: pos=6327, type='d', objs=[/'MCID', 29]
DEBUG 2025-03-27 19:42:40,488 psparser add_results: ((6327, {'MCID': 29}),)
DEBUG 2025-03-27 19:42:40,488 psparser nextobject: (6327, {'MCID': 29})
DEBUG 2025-03-27 19:42:40,490 psparser nexttoken: (6340, /b'BDC')
DEBUG 2025-03-27 19:42:40,490 psparser do_keyword: pos=6340, token=/b'BDC', stack=[]
DEBUG 2025-03-27 19:42:40,490 psparser add_results: ((6340, /b'BDC'),)
DEBUG 2025-03-27 19:42:40,490 psparser nextobject: (6340, /b'BDC')
DEBUG 2025-03-27 19:42:40,490 pdfinterp exec: BDC [/'P', {'MCID': 29}]
DEBUG 2025-03-27 19:42:40,490 psparser nexttoken: (6344, /b'BT')
DEBUG 2025-03-27 19:42:40,490 psparser do_keyword: pos=6344, token=/b'BT', stack=[]
DEBUG 2025-03-27 19:42:40,491 psparser add_results: ((6344, /b'BT'),)
DEBUG 2025-03-27 19:42:40,491 psparser nextobject: (6344, /b'BT')
DEBUG 2025-03-27 19:42:40,491 pdfinterp exec: BT
DEBUG 2025-03-27 19:42:40,491 psparser nexttoken: (6347, /'F15')
DEBUG 2025-03-27 19:42:40,491 psparser add_results: ((6347, /'F15'),)
DEBUG 2025-03-27 19:42:40,491 psparser nextobject: (6347, /'F15')
DEBUG 2025-03-27 19:42:40,491 psparser nexttoken: (6352, 12)
DEBUG 2025-03-27 19:42:40,491 psparser add_results: ((6352, 12),)
DEBUG 2025-03-27 19:42:40,491 psparser nextobject: (6352, 12)
DEBUG 2025-03-27 19:42:40,491 psparser nexttoken: (6355, /b'Tf')
DEBUG 2025-03-27 19:42:40,491 psparser do_keyword: pos=6355, token=/b'Tf', stack=[]
DEBUG 2025-03-27 19:42:40,492 psparser add_results: ((6355, /b'Tf'),)
DEBUG 2025-03-27 19:42:40,493 psparser nextobject: (6355, /b'Tf')
DEBUG 2025-03-27 19:42:40,494 pdfinterp exec: Tf [/'F15', 12]
DEBUG 2025-03-27 19:42:40,495 psparser nexttoken: (6358, 1)
DEBUG 2025-03-27 19:42:40,495 psparser add_results: ((6358, 1),)
DEBUG 2025-03-27 19:42:40,495 psparser nextobject: (6358, 1)
DEBUG 2025-03-27 19:42:40,495 psparser nexttoken: (6360, 0)
DEBUG 2025-03-27 19:42:40,495 psparser add_results: ((6360, 0),)
DEBUG 2025-03-27 19:42:40,496 psparser nextobject: (6360, 0)
DEBUG 2025-03-27 19:42:40,496 psparser nexttoken: (6362, 0)
DEBUG 2025-03-27 19:42:40,496 psparser add_results: ((6362, 0),)
DEBUG 2025-03-27 19:42:40,496 psparser nextobject: (6362, 0)
DEBUG 2025-03-27 19:42:40,496 psparser nexttoken: (6364, -1)
DEBUG 2025-03-27 19:42:40,496 psparser add_results: ((6364, -1),)
DEBUG 2025-03-27 19:42:40,496 psparser nextobject: (6364, -1)
DEBUG 2025-03-27 19:42:40,498 psparser nexttoken: (6367, 0)
DEBUG 2025-03-27 19:42:40,498 psparser add_results: ((6367, 0),)
DEBUG 2025-03-27 19:42:40,498 psparser nextobject: (6367, 0)
DEBUG 2025-03-27 19:42:40,498 psparser nexttoken: (6369, 298.41400146)
DEBUG 2025-03-27 19:42:40,499 psparser add_results: ((6369, 298.41400146),)
DEBUG 2025-03-27 19:42:40,499 psparser nextobject: (6369, 298.41400146)
DEBUG 2025-03-27 19:42:40,499 psparser nexttoken: (6382, /b'Tm')
DEBUG 2025-03-27 19:42:40,499 psparser do_keyword: pos=6382, token=/b'Tm', stack=[]
DEBUG 2025-03-27 19:42:40,499 psparser add_results: ((6382, /b'Tm'),)
DEBUG 2025-03-27 19:42:40,499 psparser nextobject: (6382, /b'Tm')
DEBUG 2025-03-27 19:42:40,499 pdfinterp exec: Tm [1, 0, 0, -1, 0, 298.41400146]
DEBUG 2025-03-27 19:42:40,499 psparser nexttoken: (6385, /b'[')
DEBUG 2025-03-27 19:42:40,499 psparser start_type: pos=6385, type='a'
DEBUG 2025-03-27 19:42:40,500 psparser nexttoken: (6386, b'\x00\x06\x00\x0e\x00\x08\x00%\x00\x05\x00$\x00\x08\x00\x07\x00\x14\x00\x01\x00#\x00\x17\x00$\x00\x14\x00\x14\x00#\x00\x01\x00$\x00\x05\x00\x01\x001\x00\x15\x00\x06\x00%\x00\x04\x00\x05\x00\x0c\x00\x01\x00<\x00\x07\x007\x00\x07\x00\x0c\x00\x01\x00\x07\x00\x05\x00"\x00\x01\x000\x00\x0f\x00\x04\x00\x05\x00\x06\x00\x02\x00\x0e\x00\x05\x00"\x00\x01\x00"\x00\x0e\x007\x00\x0e\x00\x14\x00\x04\x00.\x00 \x00\x0e\x00\x05\x00\x06\x00\x19')
DEBUG 2025-03-27 19:42:40,500 psparser nexttoken: (6628, /b']')
DEBUG 2025-03-27 19:42:40,500 psparser end_type: pos=6385, type='a', objs=[b'\x00\x06\x00\x0e\x00\x08\x00%\x00\x05\x00$\x00\x08\x00\x07\x00\x14\x00\x01\x00#\x00\x17\x00$\x00\x14\x00\x14\x00#\x00\x01\x00$\x00\x05\x00\x01\x001\x00\x15\x00\x06\x00%\x00\x04\x00\x05\x00\x0c\x00\x01\x00<\x00\x07\x007\x00\x07\x00\x0c\x00\x01\x00\x07\x00\x05\x00"\x00\x01\x000\x00\x0f\x00\x04\x00\x05\x00\x06\x00\x02\x00\x0e\x00\x05\x00"\x00\x01\x00"\x00\x0e\x007\x00\x0e\x00\x14\x00\x04\x00.\x00 \x00\x0e\x00\x05\x00\x06\x00\x19']
DEBUG 2025-03-27 19:42:40,500 psparser add_results: ((6385, [b'\x00\x06\x00\x0e\x00\x08\x00%\x00\x05\x00$\x00\x08\x00\x07\x00\x14\x00\x01\x00#\x00\x17\x00$\x00\x14\x00\x14\x00#\x00\x01\x00$\x00\x05\x00\x01\x001\x00\x15\x00\x06\x00%\x00\x04\x00\x05\x00\x0c\x00\x01\x00<\x00\x07\x007\x00\x07\x00\x0c\x00\x01\x00\x07\x00\x05\x00"\x00\x01\x000\x00\x0f\x00\x04\x00\x05\x00\x06\x00\x02\x00\x0e\x00\x05\x00"\x00\x01\x00"\x00\x0e\x007\x00\x0e\x00\x14\x00\x04\x00.\x00 \x00\x0e\x00\x05\x00\x06\x00\x19']),)
DEBUG 2025-03-27 19:42:40,500 psparser nextobject: (6385, [b'\x00\x06\x00\x0e\x00\x08\x00%\x00\x05\x00$\x00\x08\x00\x07\x00\x14\x00\x01\x00#\x00\x17\x00$\x00\x14\x00\x14\x00#\x00\x01\x00$\x00\x05\x00\x01\x001\x00\x15\x00\x06\x00%\x00\x04\x00\x05\x00\x0c\x00\x01\x00<\x00\x07\x007\x00\x07\x00\x0c\x00\x01\x00\x07\x00\x05\x00"\x00\x01\x000\x00\x0f\x00\x04\x00\x05\x00\x06\x00\x02\x00\x0e\x00\x05\x00"\x00\x01\x00"\x00\x0e\x007\x00\x0e\x00\x14\x00\x04\x00.\x00 \x00\x0e\x00\x05\x00\x06\x00\x19'])
DEBUG 2025-03-27 19:42:40,500 psparser nexttoken: (6630, /b'TJ')
DEBUG 2025-03-27 19:42:40,500 psparser do_keyword: pos=6630, token=/b'TJ', stack=[]
DEBUG 2025-03-27 19:42:40,500 psparser add_results: ((6630, /b'TJ'),)
DEBUG 2025-03-27 19:42:40,500 psparser nextobject: (6630, /b'TJ')
DEBUG 2025-03-27 19:42:40,500 pdfinterp exec: TJ [[b'\x00\x06\x00\x0e\x00\x08\x00%\x00\x05\x00$\x00\x08\x00\x07\x00\x14\x00\x01\x00#\x00\x17\x00$\x00\x14\x00\x14\x00#\x00\x01\x00$\x00\x05\x00\x01\x001\x00\x15\x00\x06\x00%\x00\x04\x00\x05\x00\x0c\x00\x01\x00<\x00\x07\x007\x00\x07\x00\x0c\x00\x01\x00\x07\x00\x05\x00"\x00\x01\x000\x00\x0f\x00\x04\x00\x05\x00\x06\x00\x02\x00\x0e\x00\x05\x00"\x00\x01\x00"\x00\x0e\x007\x00\x0e\x00\x14\x00\x04\x00.\x00 \x00\x0e\x00\x05\x00\x06\x00\x19']]
DEBUG 2025-03-27 19:42:40,500 cmapdb get_unichr: <UnicodeMap: /'Adobe-Identity-UCS'>, 6
DEBUG 2025-03-27 19:42:40,500 cmapdb get_unichr: <UnicodeMap: /'Adobe-Identity-UCS'>, 14
DEBUG 2025-03-27 19:42:40,500 cmapdb get_unichr: <UnicodeMap: /'Adobe-Identity-UCS'>, 8
DEBUG 2025-03-27 19:42:40,500 cmapdb get_unichr: <UnicodeMap: /'Adobe-Identity-UCS'>, 37
DEBUG 2025-03-27 19:42:40,501 cmapdb get_unichr: <UnicodeMap: /'Adobe-Identity-UCS'>, 5
DEBUG 2025-03-27 19:42:40,501 cmapdb get_unichr: <UnicodeMap: /'Adobe-Identity-UCS'>, 36
DEBUG 2025-03-27 19:42:40,501 cmapdb get_unichr: <UnicodeMap: /'Adobe-Identity-UCS'>, 8
DEBUG 2025-03-27 19:42:40,501 cmapdb get_unichr: <UnicodeMap: /'Adobe-Identity-UCS'>, 7
DEBUG 2025-03-27 19:42:40,501 cmapdb get_unichr: <UnicodeMap: /'Adobe-Identity-UCS'>, 20
DEBUG 2025-03-27 19:42:40,501 cmapdb get_unichr: <UnicodeMap: /'Adobe-Identity-UCS'>, 1
DEBUG 2025-03-27 19:42:40,501 cmapdb get_unichr: <UnicodeMap: /'Adobe-Identity-UCS'>, 35
DEBUG 2025-03-27 19:42:40,502 cmapdb get_unichr: <UnicodeMap: /'Adobe-Identity-UCS'>, 23
DEBUG 2025-03-27 19:42:40,502 cmapdb get_unichr: <UnicodeMap: /'Adobe-Identity-UCS'>, 36
DEBUG 2025-03-27 19:42:40,502 cmapdb get_unichr: <UnicodeMap: /'Adobe-Identity-UCS'>, 20
DEBUG 2025-03-27 19:42:40,502 cmapdb get_unichr: <UnicodeMap: /'Adobe-Identity-UCS'>, 20
DEBUG 2025-03-27 19:42:40,502 cmapdb get_unichr: <UnicodeMap: /'Adobe-Identity-UCS'>, 35
DEBUG 2025-03-27 19:42:40,502 cmapdb get_unichr: <UnicodeMap: /'Adobe-Identity-UCS'>, 1
DEBUG 2025-03-27 19:42:40,502 cmapdb get_unichr: <UnicodeMap: /'Adobe-Identity-UCS'>, 36
DEBUG 2025-03-27 19:42:40,502 cmapdb get_unichr: <UnicodeMap: /'Adobe-Identity-UCS'>, 5
DEBUG 2025-03-27 19:42:40,502 cmapdb get_unichr: <UnicodeMap: /'Adobe-Identity-UCS'>, 1
DEBUG 2025-03-27 19:42:40,502 cmapdb get_unichr: <UnicodeMap: /'Adobe-Identity-UCS'>, 49
DEBUG 2025-03-27 19:42:40,502 cmapdb get_unichr: <UnicodeMap: /'Adobe-Identity-UCS'>, 21
DEBUG 2025-03-27 19:42:40,502 cmapdb get_unichr: <UnicodeMap: /'Adobe-Identity-UCS'>, 6
DEBUG 2025-03-27 19:42:40,502 cmapdb get_unichr: <UnicodeMap: /'Adobe-Identity-UCS'>, 37
DEBUG 2025-03-27 19:42:40,502 cmapdb get_unichr: <UnicodeMap: /'Adobe-Identity-UCS'>, 4
DEBUG 2025-03-27 19:42:40,502 cmapdb get_unichr: <UnicodeMap: /'Adobe-Identity-UCS'>, 5
DEBUG 2025-03-27 19:42:40,502 cmapdb get_unichr: <UnicodeMap: /'Adobe-Identity-UCS'>, 12
DEBUG 2025-03-27 19:42:40,502 cmapdb get_unichr: <UnicodeMap: /'Adobe-Identity-UCS'>, 1
DEBUG 2025-03-27 19:42:40,502 cmapdb get_unichr: <UnicodeMap: /'Adobe-Identity-UCS'>, 60
DEBUG 2025-03-27 19:42:40,502 cmapdb get_unichr: <UnicodeMap: /'Adobe-Identity-UCS'>, 7
DEBUG 2025-03-27 19:42:40,502 cmapdb get_unichr: <UnicodeMap: /'Adobe-Identity-UCS'>, 55
DEBUG 2025-03-27 19:42:40,502 cmapdb get_unichr: <UnicodeMap: /'Adobe-Identity-UCS'>, 7
DEBUG 2025-03-27 19:42:40,502 cmapdb get_unichr: <UnicodeMap: /'Adobe-Identity-UCS'>, 12
DEBUG 2025-03-27 19:42:40,503 cmapdb get_unichr: <UnicodeMap: /'Adobe-Identity-UCS'>, 1
DEBUG 2025-03-27 19:42:40,503 cmapdb get_unichr: <UnicodeMap: /'Adobe-Identity-UCS'>, 7
DEBUG 2025-03-27 19:42:40,503 cmapdb get_unichr: <UnicodeMap: /'Adobe-Identity-UCS'>, 5
DEBUG 2025-03-27 19:42:40,503 cmapdb get_unichr: <UnicodeMap: /'Adobe-Identity-UCS'>, 34
DEBUG 2025-03-27 19:42:40,503 cmapdb get_unichr: <UnicodeMap: /'Adobe-Identity-UCS'>, 1
DEBUG 2025-03-27 19:42:40,503 cmapdb get_unichr: <UnicodeMap: /'Adobe-Identity-UCS'>, 48
DEBUG 2025-03-27 19:42:40,503 cmapdb get_unichr: <UnicodeMap: /'Adobe-Identity-UCS'>, 15
DEBUG 2025-03-27 19:42:40,503 cmapdb get_unichr: <UnicodeMap: /'Adobe-Identity-UCS'>, 4
DEBUG 2025-03-27 19:42:40,503 cmapdb get_unichr: <UnicodeMap: /'Adobe-Identity-UCS'>, 5
DEBUG 2025-03-27 19:42:40,503 cmapdb get_unichr: <UnicodeMap: /'Adobe-Identity-UCS'>, 6
DEBUG 2025-03-27 19:42:40,503 cmapdb get_unichr: <UnicodeMap: /'Adobe-Identity-UCS'>, 2
DEBUG 2025-03-27 19:42:40,503 cmapdb get_unichr: <UnicodeMap: /'Adobe-Identity-UCS'>, 14
DEBUG 2025-03-27 19:42:40,504 cmapdb get_unichr: <UnicodeMap: /'Adobe-Identity-UCS'>, 5
DEBUG 2025-03-27 19:42:40,504 cmapdb get_unichr: <UnicodeMap: /'Adobe-Identity-UCS'>, 34
DEBUG 2025-03-27 19:42:40,504 cmapdb get_unichr: <UnicodeMap: /'Adobe-Identity-UCS'>, 1
DEBUG 2025-03-27 19:42:40,504 cmapdb get_unichr: <UnicodeMap: /'Adobe-Identity-UCS'>, 34
DEBUG 2025-03-27 19:42:40,504 cmapdb get_unichr: <UnicodeMap: /'Adobe-Identity-UCS'>, 14
DEBUG 2025-03-27 19:42:40,504 cmapdb get_unichr: <UnicodeMap: /'Adobe-Identity-UCS'>, 55
DEBUG 2025-03-27 19:42:40,504 cmapdb get_unichr: <UnicodeMap: /'Adobe-Identity-UCS'>, 14
DEBUG 2025-03-27 19:42:40,504 cmapdb get_unichr: <UnicodeMap: /'Adobe-Identity-UCS'>, 20
DEBUG 2025-03-27 19:42:40,504 cmapdb get_unichr: <UnicodeMap: /'Adobe-Identity-UCS'>, 4
DEBUG 2025-03-27 19:42:40,505 cmapdb get_unichr: <UnicodeMap: /'Adobe-Identity-UCS'>, 46
DEBUG 2025-03-27 19:42:40,505 cmapdb get_unichr: <UnicodeMap: /'Adobe-Identity-UCS'>, 32
DEBUG 2025-03-27 19:42:40,505 cmapdb get_unichr: <UnicodeMap: /'Adobe-Identity-UCS'>, 14
DEBUG 2025-03-27 19:42:40,505 cmapdb get_unichr: <UnicodeMap: /'Adobe-Identity-UCS'>, 5
DEBUG 2025-03-27 19:42:40,506 cmapdb get_unichr: <UnicodeMap: /'Adobe-Identity-UCS'>, 6
DEBUG 2025-03-27 19:42:40,506 cmapdb get_unichr: <UnicodeMap: /'Adobe-Identity-UCS'>, 25
DEBUG 2025-03-27 19:42:40,506 psparser nexttoken: (6633, /b'ET')
DEBUG 2025-03-27 19:42:40,507 psparser do_keyword: pos=6633, token=/b'ET', stack=[]
DEBUG 2025-03-27 19:42:40,508 psparser add_results: ((6633, /b'ET'),)
DEBUG 2025-03-27 19:42:40,508 psparser nextobject: (6633, /b'ET')
DEBUG 2025-03-27 19:42:40,508 pdfinterp exec: ET
DEBUG 2025-03-27 19:42:40,508 psparser nexttoken: (6636, /b'EMC')
DEBUG 2025-03-27 19:42:40,508 psparser do_keyword: pos=6636, token=/b'EMC', stack=[]
DEBUG 2025-03-27 19:42:40,508 psparser add_results: ((6636, /b'EMC'),)
DEBUG 2025-03-27 19:42:40,508 psparser nextobject: (6636, /b'EMC')
DEBUG 2025-03-27 19:42:40,508 pdfinterp exec: EMC
DEBUG 2025-03-27 19:42:40,508 psparser nexttoken: (6640, /'P')
DEBUG 2025-03-27 19:42:40,510 psparser add_results: ((6640, /'P'),)
DEBUG 2025-03-27 19:42:40,510 psparser nextobject: (6640, /'P')
DEBUG 2025-03-27 19:42:40,510 psparser nexttoken: (6643, /b'<<')
DEBUG 2025-03-27 19:42:40,510 psparser start_type: pos=6643, type='d'
DEBUG 2025-03-27 19:42:40,511 psparser nexttoken: (6645, /'MCID')
DEBUG 2025-03-27 19:42:40,511 psparser nexttoken: (6651, 30)
DEBUG 2025-03-27 19:42:40,511 psparser nexttoken: (6653, /b'>>')
DEBUG 2025-03-27 19:42:40,512 psparser end_type: pos=6643, type='d', objs=[/'MCID', 30]
DEBUG 2025-03-27 19:42:40,512 psparser add_results: ((6643, {'MCID': 30}),)
DEBUG 2025-03-27 19:42:40,512 psparser nextobject: (6643, {'MCID': 30})
DEBUG 2025-03-27 19:42:40,512 psparser nexttoken: (6656, /b'BDC')
DEBUG 2025-03-27 19:42:40,512 psparser do_keyword: pos=6656, token=/b'BDC', stack=[]
DEBUG 2025-03-27 19:42:40,513 psparser add_results: ((6656, /b'BDC'),)
DEBUG 2025-03-27 19:42:40,513 psparser nextobject: (6656, /b'BDC')
DEBUG 2025-03-27 19:42:40,513 pdfinterp exec: BDC [/'P', {'MCID': 30}]
DEBUG 2025-03-27 19:42:40,513 psparser nexttoken: (6660, /b'BT')
DEBUG 2025-03-27 19:42:40,513 psparser do_keyword: pos=6660, token=/b'BT', stack=[]
DEBUG 2025-03-27 19:42:40,514 psparser add_results: ((6660, /b'BT'),)
DEBUG 2025-03-27 19:42:40,514 psparser nextobject: (6660, /b'BT')
DEBUG 2025-03-27 19:42:40,514 pdfinterp exec: BT
DEBUG 2025-03-27 19:42:40,514 psparser nexttoken: (6663, /'F15')
DEBUG 2025-03-27 19:42:40,514 psparser add_results: ((6663, /'F15'),)
DEBUG 2025-03-27 19:42:40,514 psparser nextobject: (6663, /'F15')
DEBUG 2025-03-27 19:42:40,514 psparser nexttoken: (6668, 12)
DEBUG 2025-03-27 19:42:40,514 psparser add_results: ((6668, 12),)
DEBUG 2025-03-27 19:42:40,514 psparser nextobject: (6668, 12)
DEBUG 2025-03-27 19:42:40,514 psparser nexttoken: (6671, /b'Tf')
DEBUG 2025-03-27 19:42:40,514 psparser do_keyword: pos=6671, token=/b'Tf', stack=[]
DEBUG 2025-03-27 19:42:40,514 psparser add_results: ((6671, /b'Tf'),)
DEBUG 2025-03-27 19:42:40,514 psparser nextobject: (6671, /b'Tf')
DEBUG 2025-03-27 19:42:40,514 pdfinterp exec: Tf [/'F15', 12]
DEBUG 2025-03-27 19:42:40,514 psparser nexttoken: (6674, 1)
DEBUG 2025-03-27 19:42:40,514 psparser add_results: ((6674, 1),)
DEBUG 2025-03-27 19:42:40,514 psparser nextobject: (6674, 1)
DEBUG 2025-03-27 19:42:40,514 psparser nexttoken: (6676, 0)
DEBUG 2025-03-27 19:42:40,514 psparser add_results: ((6676, 0),)
DEBUG 2025-03-27 19:42:40,515 psparser nextobject: (6676, 0)
DEBUG 2025-03-27 19:42:40,515 psparser nexttoken: (6678, 0)
DEBUG 2025-03-27 19:42:40,515 psparser add_results: ((6678, 0),)
DEBUG 2025-03-27 19:42:40,515 psparser nextobject: (6678, 0)
DEBUG 2025-03-27 19:42:40,515 psparser nexttoken: (6680, -1)
DEBUG 2025-03-27 19:42:40,515 psparser add_results: ((6680, -1),)
DEBUG 2025-03-27 19:42:40,515 psparser nextobject: (6680, -1)
DEBUG 2025-03-27 19:42:40,515 psparser nexttoken: (6683, 0)
DEBUG 2025-03-27 19:42:40,515 psparser add_results: ((6683, 0),)
DEBUG 2025-03-27 19:42:40,515 psparser nextobject: (6683, 0)
DEBUG 2025-03-27 19:42:40,515 psparser nexttoken: (6685, 334.41400146)
DEBUG 2025-03-27 19:42:40,515 psparser add_results: ((6685, 334.41400146),)
DEBUG 2025-03-27 19:42:40,515 psparser nextobject: (6685, 334.41400146)
DEBUG 2025-03-27 19:42:40,515 psparser nexttoken: (6698, /b'Tm')
DEBUG 2025-03-27 19:42:40,515 psparser do_keyword: pos=6698, token=/b'Tm', stack=[]
DEBUG 2025-03-27 19:42:40,515 psparser add_results: ((6698, /b'Tm'),)
DEBUG 2025-03-27 19:42:40,517 psparser nextobject: (6698, /b'Tm')
DEBUG 2025-03-27 19:42:40,517 pdfinterp exec: Tm [1, 0, 0, -1, 0, 334.41400146]
DEBUG 2025-03-27 19:42:40,517 psparser nexttoken: (6701, /b'[')
DEBUG 2025-03-27 19:42:40,517 psparser start_type: pos=6701, type='a'
DEBUG 2025-03-27 19:42:40,517 psparser nexttoken: (6702, b'\x008\x00\x0e\x00\x15\x00\x04\x00\x05\x00"\x00\x01\x00\x07\x00\x08\x00\x07\x00"\x00\x0e\x00 \x00$\x00\x08\x00#\x00\x0c\x00\x01\x00,\x00\x01\x00\x08\x00%\x00\x07\x00\x05\x00\x05\x00\x0e\x00\x14\x00\x01\x00 \x00\x15\x00\x01\x00\x0e\x00\x05\x00\x0e\x00\x0f\x00&\x00\x15\x00\x01\x00$\x00\x05\x00\x06\x00\x04\x00\x01\x00 \x00\x15\x00\x01\x00"\x00$\x007\x00\x0e\x00\x0f\x00#\x00\x0e\x00\x01\x00%\x00\x04\x00:\x00:\x00$\x00\x0e\x00#\x00=')
DEBUG 2025-03-27 19:42:40,518 psparser nexttoken: (6952, /b']')
DEBUG 2025-03-27 19:42:40,518 psparser end_type: pos=6701, type='a', objs=[b'\x008\x00\x0e\x00\x15\x00\x04\x00\x05\x00"\x00\x01\x00\x07\x00\x08\x00\x07\x00"\x00\x0e\x00 \x00$\x00\x08\x00#\x00\x0c\x00\x01\x00,\x00\x01\x00\x08\x00%\x00\x07\x00\x05\x00\x05\x00\x0e\x00\x14\x00\x01\x00 \x00\x15\x00\x01\x00\x0e\x00\x05\x00\x0e\x00\x0f\x00&\x00\x15\x00\x01\x00$\x00\x05\x00\x06\x00\x04\x00\x01\x00 \x00\x15\x00\x01\x00"\x00$\x007\x00\x0e\x00\x0f\x00#\x00\x0e\x00\x01\x00%\x00\x04\x00:\x00:\x00$\x00\x0e\x00#\x00=']
DEBUG 2025-03-27 19:42:40,518 psparser add_results: ((6701, [b'\x008\x00\x0e\x00\x15\x00\x04\x00\x05\x00"\x00\x01\x00\x07\x00\x08\x00\x07\x00"\x00\x0e\x00 \x00$\x00\x08\x00#\x00\x0c\x00\x01\x00,\x00\x01\x00\x08\x00%\x00\x07\x00\x05\x00\x05\x00\x0e\x00\x14\x00\x01\x00 \x00\x15\x00\x01\x00\x0e\x00\x05\x00\x0e\x00\x0f\x00&\x00\x15\x00\x01\x00$\x00\x05\x00\x06\x00\x04\x00\x01\x00 \x00\x15\x00\x01\x00"\x00$\x007\x00\x0e\x00\x0f\x00#\x00\x0e\x00\x01\x00%\x00\x04\x00:\x00:\x00$\x00\x0e\x00#\x00=']),)
DEBUG 2025-03-27 19:42:40,518 psparser nextobject: (6701, [b'\x008\x00\x0e\x00\x15\x00\x04\x00\x05\x00"\x00\x01\x00\x07\x00\x08\x00\x07\x00"\x00\x0e\x00 \x00$\x00\x08\x00#\x00\x0c\x00\x01\x00,\x00\x01\x00\x08\x00%\x00\x07\x00\x05\x00\x05\x00\x0e\x00\x14\x00\x01\x00 \x00\x15\x00\x01\x00\x0e\x00\x05\x00\x0e\x00\x0f\x00&\x00\x15\x00\x01\x00$\x00\x05\x00\x06\x00\x04\x00\x01\x00 \x00\x15\x00\x01\x00"\x00$\x007\x00\x0e\x00\x0f\x00#\x00\x0e\x00\x01\x00%\x00\x04\x00:\x00:\x00$\x00\x0e\x00#\x00='])
DEBUG 2025-03-27 19:42:40,518 psparser nexttoken: (6954, /b'TJ')
DEBUG 2025-03-27 19:42:40,518 psparser do_keyword: pos=6954, token=/b'TJ', stack=[]
DEBUG 2025-03-27 19:42:40,518 psparser add_results: ((6954, /b'TJ'),)
DEBUG 2025-03-27 19:42:40,518 psparser nextobject: (6954, /b'TJ')
DEBUG 2025-03-27 19:42:40,518 pdfinterp exec: TJ [[b'\x008\x00\x0e\x00\x15\x00\x04\x00\x05\x00"\x00\x01\x00\x07\x00\x08\x00\x07\x00"\x00\x0e\x00 \x00$\x00\x08\x00#\x00\x0c\x00\x01\x00,\x00\x01\x00\x08\x00%\x00\x07\x00\x05\x00\x05\x00\x0e\x00\x14\x00\x01\x00 \x00\x15\x00\x01\x00\x0e\x00\x05\x00\x0e\x00\x0f\x00&\x00\x15\x00\x01\x00$\x00\x05\x00\x06\x00\x04\x00\x01\x00 \x00\x15\x00\x01\x00"\x00$\x007\x00\x0e\x00\x0f\x00#\x00\x0e\x00\x01\x00%\x00\x04\x00:\x00:\x00$\x00\x0e\x00#\x00=']]
DEBUG 2025-03-27 19:42:40,518 cmapdb get_unichr: <UnicodeMap: /'Adobe-Identity-UCS'>, 56
DEBUG 2025-03-27 19:42:40,519 cmapdb get_unichr: <UnicodeMap: /'Adobe-Identity-UCS'>, 14
DEBUG 2025-03-27 19:42:40,519 cmapdb get_unichr: <UnicodeMap: /'Adobe-Identity-UCS'>, 21
DEBUG 2025-03-27 19:42:40,519 cmapdb get_unichr: <UnicodeMap: /'Adobe-Identity-UCS'>, 4
DEBUG 2025-03-27 19:42:40,519 cmapdb get_unichr: <UnicodeMap: /'Adobe-Identity-UCS'>, 5
DEBUG 2025-03-27 19:42:40,519 cmapdb get_unichr: <UnicodeMap: /'Adobe-Identity-UCS'>, 34
DEBUG 2025-03-27 19:42:40,519 cmapdb get_unichr: <UnicodeMap: /'Adobe-Identity-UCS'>, 1
DEBUG 2025-03-27 19:42:40,519 cmapdb get_unichr: <UnicodeMap: /'Adobe-Identity-UCS'>, 7
DEBUG 2025-03-27 19:42:40,519 cmapdb get_unichr: <UnicodeMap: /'Adobe-Identity-UCS'>, 8
DEBUG 2025-03-27 19:42:40,519 cmapdb get_unichr: <UnicodeMap: /'Adobe-Identity-UCS'>, 7
DEBUG 2025-03-27 19:42:40,519 cmapdb get_unichr: <UnicodeMap: /'Adobe-Identity-UCS'>, 34
DEBUG 2025-03-27 19:42:40,519 cmapdb get_unichr: <UnicodeMap: /'Adobe-Identity-UCS'>, 14
DEBUG 2025-03-27 19:42:40,519 cmapdb get_unichr: <UnicodeMap: /'Adobe-Identity-UCS'>, 32
DEBUG 2025-03-27 19:42:40,519 cmapdb get_unichr: <UnicodeMap: /'Adobe-Identity-UCS'>, 36
DEBUG 2025-03-27 19:42:40,519 cmapdb get_unichr: <UnicodeMap: /'Adobe-Identity-UCS'>, 8
DEBUG 2025-03-27 19:42:40,519 cmapdb get_unichr: <UnicodeMap: /'Adobe-Identity-UCS'>, 35
DEBUG 2025-03-27 19:42:40,519 cmapdb get_unichr: <UnicodeMap: /'Adobe-Identity-UCS'>, 12
DEBUG 2025-03-27 19:42:40,520 cmapdb get_unichr: <UnicodeMap: /'Adobe-Identity-UCS'>, 1
DEBUG 2025-03-27 19:42:40,520 cmapdb get_unichr: <UnicodeMap: /'Adobe-Identity-UCS'>, 44
DEBUG 2025-03-27 19:42:40,520 cmapdb get_unichr: <UnicodeMap: /'Adobe-Identity-UCS'>, 1
DEBUG 2025-03-27 19:42:40,520 cmapdb get_unichr: <UnicodeMap: /'Adobe-Identity-UCS'>, 8
DEBUG 2025-03-27 19:42:40,520 cmapdb get_unichr: <UnicodeMap: /'Adobe-Identity-UCS'>, 37
DEBUG 2025-03-27 19:42:40,520 cmapdb get_unichr: <UnicodeMap: /'Adobe-Identity-UCS'>, 7
DEBUG 2025-03-27 19:42:40,520 cmapdb get_unichr: <UnicodeMap: /'Adobe-Identity-UCS'>, 5
DEBUG 2025-03-27 19:42:40,520 cmapdb get_unichr: <UnicodeMap: /'Adobe-Identity-UCS'>, 5
DEBUG 2025-03-27 19:42:40,521 cmapdb get_unichr: <UnicodeMap: /'Adobe-Identity-UCS'>, 14
DEBUG 2025-03-27 19:42:40,521 cmapdb get_unichr: <UnicodeMap: /'Adobe-Identity-UCS'>, 20
DEBUG 2025-03-27 19:42:40,521 cmapdb get_unichr: <UnicodeMap: /'Adobe-Identity-UCS'>, 1
DEBUG 2025-03-27 19:42:40,521 cmapdb get_unichr: <UnicodeMap: /'Adobe-Identity-UCS'>, 32
DEBUG 2025-03-27 19:42:40,521 cmapdb get_unichr: <UnicodeMap: /'Adobe-Identity-UCS'>, 21
DEBUG 2025-03-27 19:42:40,521 cmapdb get_unichr: <UnicodeMap: /'Adobe-Identity-UCS'>, 1
DEBUG 2025-03-27 19:42:40,522 cmapdb get_unichr: <UnicodeMap: /'Adobe-Identity-UCS'>, 14
DEBUG 2025-03-27 19:42:40,522 cmapdb get_unichr: <UnicodeMap: /'Adobe-Identity-UCS'>, 5
DEBUG 2025-03-27 19:42:40,522 cmapdb get_unichr: <UnicodeMap: /'Adobe-Identity-UCS'>, 14
DEBUG 2025-03-27 19:42:40,522 cmapdb get_unichr: <UnicodeMap: /'Adobe-Identity-UCS'>, 15
DEBUG 2025-03-27 19:42:40,522 cmapdb get_unichr: <UnicodeMap: /'Adobe-Identity-UCS'>, 38
DEBUG 2025-03-27 19:42:40,522 cmapdb get_unichr: <UnicodeMap: /'Adobe-Identity-UCS'>, 21
DEBUG 2025-03-27 19:42:40,522 cmapdb get_unichr: <UnicodeMap: /'Adobe-Identity-UCS'>, 1
DEBUG 2025-03-27 19:42:40,523 cmapdb get_unichr: <UnicodeMap: /'Adobe-Identity-UCS'>, 36
DEBUG 2025-03-27 19:42:40,523 cmapdb get_unichr: <UnicodeMap: /'Adobe-Identity-UCS'>, 5
DEBUG 2025-03-27 19:42:40,523 cmapdb get_unichr: <UnicodeMap: /'Adobe-Identity-UCS'>, 6
DEBUG 2025-03-27 19:42:40,523 cmapdb get_unichr: <UnicodeMap: /'Adobe-Identity-UCS'>, 4
DEBUG 2025-03-27 19:42:40,524 cmapdb get_unichr: <UnicodeMap: /'Adobe-Identity-UCS'>, 1
DEBUG 2025-03-27 19:42:40,524 cmapdb get_unichr: <UnicodeMap: /'Adobe-Identity-UCS'>, 32
DEBUG 2025-03-27 19:42:40,524 cmapdb get_unichr: <UnicodeMap: /'Adobe-Identity-UCS'>, 21
DEBUG 2025-03-27 19:42:40,524 cmapdb get_unichr: <UnicodeMap: /'Adobe-Identity-UCS'>, 1
DEBUG 2025-03-27 19:42:40,524 cmapdb get_unichr: <UnicodeMap: /'Adobe-Identity-UCS'>, 34
DEBUG 2025-03-27 19:42:40,524 cmapdb get_unichr: <UnicodeMap: /'Adobe-Identity-UCS'>, 36
DEBUG 2025-03-27 19:42:40,524 cmapdb get_unichr: <UnicodeMap: /'Adobe-Identity-UCS'>, 55
DEBUG 2025-03-27 19:42:40,525 cmapdb get_unichr: <UnicodeMap: /'Adobe-Identity-UCS'>, 14
DEBUG 2025-03-27 19:42:40,525 cmapdb get_unichr: <UnicodeMap: /'Adobe-Identity-UCS'>, 15
DEBUG 2025-03-27 19:42:40,525 cmapdb get_unichr: <UnicodeMap: /'Adobe-Identity-UCS'>, 35
DEBUG 2025-03-27 19:42:40,525 cmapdb get_unichr: <UnicodeMap: /'Adobe-Identity-UCS'>, 14
DEBUG 2025-03-27 19:42:40,525 cmapdb get_unichr: <UnicodeMap: /'Adobe-Identity-UCS'>, 1
DEBUG 2025-03-27 19:42:40,525 cmapdb get_unichr: <UnicodeMap: /'Adobe-Identity-UCS'>, 37
DEBUG 2025-03-27 19:42:40,525 cmapdb get_unichr: <UnicodeMap: /'Adobe-Identity-UCS'>, 4
DEBUG 2025-03-27 19:42:40,525 cmapdb get_unichr: <UnicodeMap: /'Adobe-Identity-UCS'>, 58
DEBUG 2025-03-27 19:42:40,525 cmapdb get_unichr: <UnicodeMap: /'Adobe-Identity-UCS'>, 58
DEBUG 2025-03-27 19:42:40,526 cmapdb get_unichr: <UnicodeMap: /'Adobe-Identity-UCS'>, 36
DEBUG 2025-03-27 19:42:40,526 cmapdb get_unichr: <UnicodeMap: /'Adobe-Identity-UCS'>, 14
DEBUG 2025-03-27 19:42:40,526 cmapdb get_unichr: <UnicodeMap: /'Adobe-Identity-UCS'>, 35
DEBUG 2025-03-27 19:42:40,526 cmapdb get_unichr: <UnicodeMap: /'Adobe-Identity-UCS'>, 61
DEBUG 2025-03-27 19:42:40,526 psparser nexttoken: (6957, /b'ET')
DEBUG 2025-03-27 19:42:40,527 psparser do_keyword: pos=6957, token=/b'ET', stack=[]
DEBUG 2025-03-27 19:42:40,527 psparser add_results: ((6957, /b'ET'),)
DEBUG 2025-03-27 19:42:40,527 psparser nextobject: (6957, /b'ET')
DEBUG 2025-03-27 19:42:40,528 pdfinterp exec: ET
DEBUG 2025-03-27 19:42:40,528 psparser nexttoken: (6960, /b'EMC')
DEBUG 2025-03-27 19:42:40,528 psparser do_keyword: pos=6960, token=/b'EMC', stack=[]
DEBUG 2025-03-27 19:42:40,528 psparser add_results: ((6960, /b'EMC'),)
DEBUG 2025-03-27 19:42:40,528 psparser nextobject: (6960, /b'EMC')
DEBUG 2025-03-27 19:42:40,528 pdfinterp exec: EMC
DEBUG 2025-03-27 19:42:40,528 psparser nexttoken: (6964, /'P')
DEBUG 2025-03-27 19:42:40,528 psparser add_results: ((6964, /'P'),)
DEBUG 2025-03-27 19:42:40,528 psparser nextobject: (6964, /'P')
DEBUG 2025-03-27 19:42:40,530 psparser nexttoken: (6967, /b'<<')
DEBUG 2025-03-27 19:42:40,530 psparser start_type: pos=6967, type='d'
DEBUG 2025-03-27 19:42:40,530 psparser nexttoken: (6969, /'MCID')
DEBUG 2025-03-27 19:42:40,530 psparser nexttoken: (6975, 31)
DEBUG 2025-03-27 19:42:40,530 psparser nexttoken: (6977, /b'>>')
DEBUG 2025-03-27 19:42:40,530 psparser end_type: pos=6967, type='d', objs=[/'MCID', 31]
DEBUG 2025-03-27 19:42:40,530 psparser add_results: ((6967, {'MCID': 31}),)
DEBUG 2025-03-27 19:42:40,531 psparser nextobject: (6967, {'MCID': 31})
DEBUG 2025-03-27 19:42:40,531 psparser nexttoken: (6980, /b'BDC')
DEBUG 2025-03-27 19:42:40,531 psparser do_keyword: pos=6980, token=/b'BDC', stack=[]
DEBUG 2025-03-27 19:42:40,531 psparser add_results: ((6980, /b'BDC'),)
DEBUG 2025-03-27 19:42:40,531 psparser nextobject: (6980, /b'BDC')
DEBUG 2025-03-27 19:42:40,531 pdfinterp exec: BDC [/'P', {'MCID': 31}]
DEBUG 2025-03-27 19:42:40,532 psparser nexttoken: (6984, /b'BT')
DEBUG 2025-03-27 19:42:40,532 psparser do_keyword: pos=6984, token=/b'BT', stack=[]
DEBUG 2025-03-27 19:42:40,532 psparser add_results: ((6984, /b'BT'),)
DEBUG 2025-03-27 19:42:40,532 psparser nextobject: (6984, /b'BT')
DEBUG 2025-03-27 19:42:40,532 pdfinterp exec: BT
DEBUG 2025-03-27 19:42:40,532 psparser nexttoken: (6987, /'F15')
DEBUG 2025-03-27 19:42:40,532 psparser add_results: ((6987, /'F15'),)
DEBUG 2025-03-27 19:42:40,532 psparser nextobject: (6987, /'F15')
DEBUG 2025-03-27 19:42:40,532 psparser nexttoken: (6992, 12)
DEBUG 2025-03-27 19:42:40,532 psparser add_results: ((6992, 12),)
DEBUG 2025-03-27 19:42:40,532 psparser nextobject: (6992, 12)
DEBUG 2025-03-27 19:42:40,533 psparser nexttoken: (6995, /b'Tf')
DEBUG 2025-03-27 19:42:40,533 psparser do_keyword: pos=6995, token=/b'Tf', stack=[]
DEBUG 2025-03-27 19:42:40,533 psparser add_results: ((6995, /b'Tf'),)
DEBUG 2025-03-27 19:42:40,533 psparser nextobject: (6995, /b'Tf')
DEBUG 2025-03-27 19:42:40,533 pdfinterp exec: Tf [/'F15', 12]
DEBUG 2025-03-27 19:42:40,533 psparser nexttoken: (6998, 1)
DEBUG 2025-03-27 19:42:40,533 psparser add_results: ((6998, 1),)
DEBUG 2025-03-27 19:42:40,533 psparser nextobject: (6998, 1)
DEBUG 2025-03-27 19:42:40,533 psparser nexttoken: (7000, 0)
DEBUG 2025-03-27 19:42:40,533 psparser add_results: ((7000, 0),)
DEBUG 2025-03-27 19:42:40,533 psparser nextobject: (7000, 0)
DEBUG 2025-03-27 19:42:40,533 psparser nexttoken: (7002, 0)
DEBUG 2025-03-27 19:42:40,533 psparser add_results: ((7002, 0),)
DEBUG 2025-03-27 19:42:40,533 psparser nextobject: (7002, 0)
DEBUG 2025-03-27 19:42:40,533 psparser nexttoken: (7004, -1)
DEBUG 2025-03-27 19:42:40,533 psparser add_results: ((7004, -1),)
DEBUG 2025-03-27 19:42:40,533 psparser nextobject: (7004, -1)
DEBUG 2025-03-27 19:42:40,534 psparser nexttoken: (7007, 0)
DEBUG 2025-03-27 19:42:40,534 psparser add_results: ((7007, 0),)
DEBUG 2025-03-27 19:42:40,534 psparser nextobject: (7007, 0)
DEBUG 2025-03-27 19:42:40,534 psparser nexttoken: (7009, 352.41400146)
DEBUG 2025-03-27 19:42:40,534 psparser add_results: ((7009, 352.41400146),)
DEBUG 2025-03-27 19:42:40,534 psparser nextobject: (7009, 352.41400146)
DEBUG 2025-03-27 19:42:40,534 psparser nexttoken: (7022, /b'Tm')
DEBUG 2025-03-27 19:42:40,534 psparser do_keyword: pos=7022, token=/b'Tm', stack=[]
DEBUG 2025-03-27 19:42:40,534 psparser add_results: ((7022, /b'Tm'),)
DEBUG 2025-03-27 19:42:40,534 psparser nextobject: (7022, /b'Tm')
DEBUG 2025-03-27 19:42:40,534 pdfinterp exec: Tm [1, 0, 0, -1, 0, 352.41400146]
DEBUG 2025-03-27 19:42:40,534 psparser nexttoken: (7025, /b'[')
DEBUG 2025-03-27 19:42:40,535 psparser start_type: pos=7025, type='a'
DEBUG 2025-03-27 19:42:40,535 psparser nexttoken: (7026, b'\x00>\x00\x16\x00$\x00\x06\x00\x07\x00\x0f\x00$\x00#\x00\x06\x00\x01\x00\x07\x00\x05\x00"\x00\x01\x00.\x00\x07\x00#\x00#\x00$\x00\x04\x00\x05\x00\x07\x00\x06\x00\x0e\x00\x01\x00\x07\x00:\x00\x04\x00\x16\x00\x06\x00\x01\x00\x08\x00\x0f\x00\x0e\x00\x07\x00\x06\x00$\x00\x05\x00&\x00\x01\x00 \x00\x16\x00#\x00$\x00\x08')
DEBUG 2025-03-27 19:42:40,535 psparser nexttoken: (7208, /b']')
DEBUG 2025-03-27 19:42:40,535 psparser end_type: pos=7025, type='a', objs=[b'\x00>\x00\x16\x00$\x00\x06\x00\x07\x00\x0f\x00$\x00#\x00\x06\x00\x01\x00\x07\x00\x05\x00"\x00\x01\x00.\x00\x07\x00#\x00#\x00$\x00\x04\x00\x05\x00\x07\x00\x06\x00\x0e\x00\x01\x00\x07\x00:\x00\x04\x00\x16\x00\x06\x00\x01\x00\x08\x00\x0f\x00\x0e\x00\x07\x00\x06\x00$\x00\x05\x00&\x00\x01\x00 \x00\x16\x00#\x00$\x00\x08']
DEBUG 2025-03-27 19:42:40,535 psparser add_results: ((7025, [b'\x00>\x00\x16\x00$\x00\x06\x00\x07\x00\x0f\x00$\x00#\x00\x06\x00\x01\x00\x07\x00\x05\x00"\x00\x01\x00.\x00\x07\x00#\x00#\x00$\x00\x04\x00\x05\x00\x07\x00\x06\x00\x0e\x00\x01\x00\x07\x00:\x00\x04\x00\x16\x00\x06\x00\x01\x00\x08\x00\x0f\x00\x0e\x00\x07\x00\x06\x00$\x00\x05\x00&\x00\x01\x00 \x00\x16\x00#\x00$\x00\x08']),)
DEBUG 2025-03-27 19:42:40,535 psparser nextobject: (7025, [b'\x00>\x00\x16\x00$\x00\x06\x00\x07\x00\x0f\x00$\x00#\x00\x06\x00\x01\x00\x07\x00\x05\x00"\x00\x01\x00.\x00\x07\x00#\x00#\x00$\x00\x04\x00\x05\x00\x07\x00\x06\x00\x0e\x00\x01\x00\x07\x00:\x00\x04\x00\x16\x00\x06\x00\x01\x00\x08\x00\x0f\x00\x0e\x00\x07\x00\x06\x00$\x00\x05\x00&\x00\x01\x00 \x00\x16\x00#\x00$\x00\x08'])
DEBUG 2025-03-27 19:42:40,535 psparser nexttoken: (7210, /b'TJ')
DEBUG 2025-03-27 19:42:40,535 psparser do_keyword: pos=7210, token=/b'TJ', stack=[]
DEBUG 2025-03-27 19:42:40,535 psparser add_results: ((7210, /b'TJ'),)
DEBUG 2025-03-27 19:42:40,535 psparser nextobject: (7210, /b'TJ')
DEBUG 2025-03-27 19:42:40,535 pdfinterp exec: TJ [[b'\x00>\x00\x16\x00$\x00\x06\x00\x07\x00\x0f\x00$\x00#\x00\x06\x00\x01\x00\x07\x00\x05\x00"\x00\x01\x00.\x00\x07\x00#\x00#\x00$\x00\x04\x00\x05\x00\x07\x00\x06\x00\x0e\x00\x01\x00\x07\x00:\x00\x04\x00\x16\x00\x06\x00\x01\x00\x08\x00\x0f\x00\x0e\x00\x07\x00\x06\x00$\x00\x05\x00&\x00\x01\x00 \x00\x16\x00#\x00$\x00\x08']]
DEBUG 2025-03-27 19:42:40,536 cmapdb get_unichr: <UnicodeMap: /'Adobe-Identity-UCS'>, 62
DEBUG 2025-03-27 19:42:40,536 cmapdb get_unichr: <UnicodeMap: /'Adobe-Identity-UCS'>, 22
DEBUG 2025-03-27 19:42:40,536 cmapdb get_unichr: <UnicodeMap: /'Adobe-Identity-UCS'>, 36
DEBUG 2025-03-27 19:42:40,536 cmapdb get_unichr: <UnicodeMap: /'Adobe-Identity-UCS'>, 6
DEBUG 2025-03-27 19:42:40,536 cmapdb get_unichr: <UnicodeMap: /'Adobe-Identity-UCS'>, 7
DEBUG 2025-03-27 19:42:40,536 cmapdb get_unichr: <UnicodeMap: /'Adobe-Identity-UCS'>, 15
DEBUG 2025-03-27 19:42:40,537 cmapdb get_unichr: <UnicodeMap: /'Adobe-Identity-UCS'>, 36
DEBUG 2025-03-27 19:42:40,537 cmapdb get_unichr: <UnicodeMap: /'Adobe-Identity-UCS'>, 35
DEBUG 2025-03-27 19:42:40,537 cmapdb get_unichr: <UnicodeMap: /'Adobe-Identity-UCS'>, 6
DEBUG 2025-03-27 19:42:40,537 cmapdb get_unichr: <UnicodeMap: /'Adobe-Identity-UCS'>, 1
DEBUG 2025-03-27 19:42:40,537 cmapdb get_unichr: <UnicodeMap: /'Adobe-Identity-UCS'>, 7
DEBUG 2025-03-27 19:42:40,538 cmapdb get_unichr: <UnicodeMap: /'Adobe-Identity-UCS'>, 5
DEBUG 2025-03-27 19:42:40,538 cmapdb get_unichr: <UnicodeMap: /'Adobe-Identity-UCS'>, 34
DEBUG 2025-03-27 19:42:40,538 cmapdb get_unichr: <UnicodeMap: /'Adobe-Identity-UCS'>, 1
DEBUG 2025-03-27 19:42:40,538 cmapdb get_unichr: <UnicodeMap: /'Adobe-Identity-UCS'>, 46
DEBUG 2025-03-27 19:42:40,538 cmapdb get_unichr: <UnicodeMap: /'Adobe-Identity-UCS'>, 7
DEBUG 2025-03-27 19:42:40,538 cmapdb get_unichr: <UnicodeMap: /'Adobe-Identity-UCS'>, 35
DEBUG 2025-03-27 19:42:40,538 cmapdb get_unichr: <UnicodeMap: /'Adobe-Identity-UCS'>, 35
DEBUG 2025-03-27 19:42:40,539 cmapdb get_unichr: <UnicodeMap: /'Adobe-Identity-UCS'>, 36
DEBUG 2025-03-27 19:42:40,539 cmapdb get_unichr: <UnicodeMap: /'Adobe-Identity-UCS'>, 4
DEBUG 2025-03-27 19:42:40,539 cmapdb get_unichr: <UnicodeMap: /'Adobe-Identity-UCS'>, 5
DEBUG 2025-03-27 19:42:40,539 cmapdb get_unichr: <UnicodeMap: /'Adobe-Identity-UCS'>, 7
DEBUG 2025-03-27 19:42:40,539 cmapdb get_unichr: <UnicodeMap: /'Adobe-Identity-UCS'>, 6
DEBUG 2025-03-27 19:42:40,539 cmapdb get_unichr: <UnicodeMap: /'Adobe-Identity-UCS'>, 14
DEBUG 2025-03-27 19:42:40,539 cmapdb get_unichr: <UnicodeMap: /'Adobe-Identity-UCS'>, 1
DEBUG 2025-03-27 19:42:40,539 cmapdb get_unichr: <UnicodeMap: /'Adobe-Identity-UCS'>, 7
DEBUG 2025-03-27 19:42:40,540 cmapdb get_unichr: <UnicodeMap: /'Adobe-Identity-UCS'>, 58
DEBUG 2025-03-27 19:42:40,540 cmapdb get_unichr: <UnicodeMap: /'Adobe-Identity-UCS'>, 4
DEBUG 2025-03-27 19:42:40,541 cmapdb get_unichr: <UnicodeMap: /'Adobe-Identity-UCS'>, 22
DEBUG 2025-03-27 19:42:40,541 cmapdb get_unichr: <UnicodeMap: /'Adobe-Identity-UCS'>, 6
DEBUG 2025-03-27 19:42:40,542 cmapdb get_unichr: <UnicodeMap: /'Adobe-Identity-UCS'>, 1
DEBUG 2025-03-27 19:42:40,543 cmapdb get_unichr: <UnicodeMap: /'Adobe-Identity-UCS'>, 8
DEBUG 2025-03-27 19:42:40,543 cmapdb get_unichr: <UnicodeMap: /'Adobe-Identity-UCS'>, 15
DEBUG 2025-03-27 19:42:40,543 cmapdb get_unichr: <UnicodeMap: /'Adobe-Identity-UCS'>, 14
DEBUG 2025-03-27 19:42:40,544 cmapdb get_unichr: <UnicodeMap: /'Adobe-Identity-UCS'>, 7
DEBUG 2025-03-27 19:42:40,544 cmapdb get_unichr: <UnicodeMap: /'Adobe-Identity-UCS'>, 6
DEBUG 2025-03-27 19:42:40,544 cmapdb get_unichr: <UnicodeMap: /'Adobe-Identity-UCS'>, 36
DEBUG 2025-03-27 19:42:40,544 cmapdb get_unichr: <UnicodeMap: /'Adobe-Identity-UCS'>, 5
DEBUG 2025-03-27 19:42:40,544 cmapdb get_unichr: <UnicodeMap: /'Adobe-Identity-UCS'>, 38
DEBUG 2025-03-27 19:42:40,544 cmapdb get_unichr: <UnicodeMap: /'Adobe-Identity-UCS'>, 1
DEBUG 2025-03-27 19:42:40,544 cmapdb get_unichr: <UnicodeMap: /'Adobe-Identity-UCS'>, 32
DEBUG 2025-03-27 19:42:40,544 cmapdb get_unichr: <UnicodeMap: /'Adobe-Identity-UCS'>, 22
DEBUG 2025-03-27 19:42:40,545 cmapdb get_unichr: <UnicodeMap: /'Adobe-Identity-UCS'>, 35
DEBUG 2025-03-27 19:42:40,545 cmapdb get_unichr: <UnicodeMap: /'Adobe-Identity-UCS'>, 36
DEBUG 2025-03-27 19:42:40,545 cmapdb get_unichr: <UnicodeMap: /'Adobe-Identity-UCS'>, 8
DEBUG 2025-03-27 19:42:40,545 psparser nexttoken: (7213, /b'ET')
DEBUG 2025-03-27 19:42:40,545 psparser do_keyword: pos=7213, token=/b'ET', stack=[]
DEBUG 2025-03-27 19:42:40,545 psparser add_results: ((7213, /b'ET'),)
DEBUG 2025-03-27 19:42:40,546 psparser nextobject: (7213, /b'ET')
DEBUG 2025-03-27 19:42:40,546 pdfinterp exec: ET
DEBUG 2025-03-27 19:42:40,546 psparser nexttoken: (7216, /b'EMC')
DEBUG 2025-03-27 19:42:40,546 psparser do_keyword: pos=7216, token=/b'EMC', stack=[]
DEBUG 2025-03-27 19:42:40,546 psparser add_results: ((7216, /b'EMC'),)
DEBUG 2025-03-27 19:42:40,546 psparser nextobject: (7216, /b'EMC')
DEBUG 2025-03-27 19:42:40,546 pdfinterp exec: EMC
DEBUG 2025-03-27 19:42:40,546 psparser nexttoken: (7220, /'P')
DEBUG 2025-03-27 19:42:40,546 psparser add_results: ((7220, /'P'),)
DEBUG 2025-03-27 19:42:40,547 psparser nextobject: (7220, /'P')
DEBUG 2025-03-27 19:42:40,547 psparser nexttoken: (7223, /b'<<')
DEBUG 2025-03-27 19:42:40,547 psparser start_type: pos=7223, type='d'
DEBUG 2025-03-27 19:42:40,547 psparser nexttoken: (7225, /'MCID')
DEBUG 2025-03-27 19:42:40,547 psparser nexttoken: (7231, 32)
DEBUG 2025-03-27 19:42:40,547 psparser nexttoken: (7233, /b'>>')
DEBUG 2025-03-27 19:42:40,547 psparser end_type: pos=7223, type='d', objs=[/'MCID', 32]
DEBUG 2025-03-27 19:42:40,547 psparser add_results: ((7223, {'MCID': 32}),)
DEBUG 2025-03-27 19:42:40,547 psparser nextobject: (7223, {'MCID': 32})
DEBUG 2025-03-27 19:42:40,548 psparser nexttoken: (7236, /b'BDC')
DEBUG 2025-03-27 19:42:40,548 psparser do_keyword: pos=7236, token=/b'BDC', stack=[]
DEBUG 2025-03-27 19:42:40,548 psparser add_results: ((7236, /b'BDC'),)
DEBUG 2025-03-27 19:42:40,548 psparser nextobject: (7236, /b'BDC')
DEBUG 2025-03-27 19:42:40,548 pdfinterp exec: BDC [/'P', {'MCID': 32}]
DEBUG 2025-03-27 19:42:40,548 psparser nexttoken: (7240, /b'BT')
DEBUG 2025-03-27 19:42:40,548 psparser do_keyword: pos=7240, token=/b'BT', stack=[]
DEBUG 2025-03-27 19:42:40,548 psparser add_results: ((7240, /b'BT'),)
DEBUG 2025-03-27 19:42:40,548 psparser nextobject: (7240, /b'BT')
DEBUG 2025-03-27 19:42:40,548 pdfinterp exec: BT
DEBUG 2025-03-27 19:42:40,548 psparser nexttoken: (7243, /'F15')
DEBUG 2025-03-27 19:42:40,548 psparser add_results: ((7243, /'F15'),)
DEBUG 2025-03-27 19:42:40,549 psparser nextobject: (7243, /'F15')
DEBUG 2025-03-27 19:42:40,549 psparser nexttoken: (7248, 12)
DEBUG 2025-03-27 19:42:40,549 psparser add_results: ((7248, 12),)
DEBUG 2025-03-27 19:42:40,549 psparser nextobject: (7248, 12)
DEBUG 2025-03-27 19:42:40,549 psparser nexttoken: (7251, /b'Tf')
DEBUG 2025-03-27 19:42:40,549 psparser do_keyword: pos=7251, token=/b'Tf', stack=[]
DEBUG 2025-03-27 19:42:40,549 psparser add_results: ((7251, /b'Tf'),)
DEBUG 2025-03-27 19:42:40,549 psparser nextobject: (7251, /b'Tf')
DEBUG 2025-03-27 19:42:40,549 pdfinterp exec: Tf [/'F15', 12]
DEBUG 2025-03-27 19:42:40,549 psparser nexttoken: (7254, 1)
DEBUG 2025-03-27 19:42:40,549 psparser add_results: ((7254, 1),)
DEBUG 2025-03-27 19:42:40,549 psparser nextobject: (7254, 1)
DEBUG 2025-03-27 19:42:40,549 psparser nexttoken: (7256, 0)
DEBUG 2025-03-27 19:42:40,549 psparser add_results: ((7256, 0),)
DEBUG 2025-03-27 19:42:40,549 psparser nextobject: (7256, 0)
DEBUG 2025-03-27 19:42:40,549 psparser nexttoken: (7258, 0)
DEBUG 2025-03-27 19:42:40,550 psparser add_results: ((7258, 0),)
DEBUG 2025-03-27 19:42:40,550 psparser nextobject: (7258, 0)
DEBUG 2025-03-27 19:42:40,550 psparser nexttoken: (7260, -1)
DEBUG 2025-03-27 19:42:40,550 psparser add_results: ((7260, -1),)
DEBUG 2025-03-27 19:42:40,550 psparser nextobject: (7260, -1)
DEBUG 2025-03-27 19:42:40,550 psparser nexttoken: (7263, 0)
DEBUG 2025-03-27 19:42:40,550 psparser add_results: ((7263, 0),)
DEBUG 2025-03-27 19:42:40,551 psparser nextobject: (7263, 0)
DEBUG 2025-03-27 19:42:40,551 psparser nexttoken: (7265, 370.41400146)
DEBUG 2025-03-27 19:42:40,551 psparser add_results: ((7265, 370.41400146),)
DEBUG 2025-03-27 19:42:40,551 psparser nextobject: (7265, 370.41400146)
DEBUG 2025-03-27 19:42:40,551 psparser nexttoken: (7278, /b'Tm')
DEBUG 2025-03-27 19:42:40,551 psparser do_keyword: pos=7278, token=/b'Tm', stack=[]
DEBUG 2025-03-27 19:42:40,552 psparser add_results: ((7278, /b'Tm'),)
DEBUG 2025-03-27 19:42:40,552 psparser nextobject: (7278, /b'Tm')
DEBUG 2025-03-27 19:42:40,552 pdfinterp exec: Tm [1, 0, 0, -1, 0, 370.41400146]
DEBUG 2025-03-27 19:42:40,552 psparser nexttoken: (7281, /b'[')
DEBUG 2025-03-27 19:42:40,552 psparser start_type: pos=7281, type='a'
DEBUG 2025-03-27 19:42:40,554 psparser nexttoken: (7282, b'\x008\x00\x0e\x00\x07\x00\x06\x00:\x00\x04\x00)\x00\x0e\x00\x0f\x00\x0c\x00\x01\x00\x0e\x00)\x00.\x00\x0f\x00\x0e\x00#\x00#\x00$\x00\x05\x00&\x00\x01\x00\x08\x00\x0f\x00\x0e\x00\x07\x00\x06\x00$\x007\x00$\x00\x06\x00\x15\x00\x01\x00\x06\x00%\x00\x0f\x00\x04\x00\x16\x00&\x00%\x00\x01\x00\x0f\x00%\x00\x15\x00\x06\x00%\x00 ')
DEBUG 2025-03-27 19:42:40,554 psparser nexttoken: (7472, /b']')
DEBUG 2025-03-27 19:42:40,554 psparser end_type: pos=7281, type='a', objs=[b'\x008\x00\x0e\x00\x07\x00\x06\x00:\x00\x04\x00)\x00\x0e\x00\x0f\x00\x0c\x00\x01\x00\x0e\x00)\x00.\x00\x0f\x00\x0e\x00#\x00#\x00$\x00\x05\x00&\x00\x01\x00\x08\x00\x0f\x00\x0e\x00\x07\x00\x06\x00$\x007\x00$\x00\x06\x00\x15\x00\x01\x00\x06\x00%\x00\x0f\x00\x04\x00\x16\x00&\x00%\x00\x01\x00\x0f\x00%\x00\x15\x00\x06\x00%\x00 ']
DEBUG 2025-03-27 19:42:40,555 psparser add_results: ((7281, [b'\x008\x00\x0e\x00\x07\x00\x06\x00:\x00\x04\x00)\x00\x0e\x00\x0f\x00\x0c\x00\x01\x00\x0e\x00)\x00.\x00\x0f\x00\x0e\x00#\x00#\x00$\x00\x05\x00&\x00\x01\x00\x08\x00\x0f\x00\x0e\x00\x07\x00\x06\x00$\x007\x00$\x00\x06\x00\x15\x00\x01\x00\x06\x00%\x00\x0f\x00\x04\x00\x16\x00&\x00%\x00\x01\x00\x0f\x00%\x00\x15\x00\x06\x00%\x00 ']),)
DEBUG 2025-03-27 19:42:40,555 psparser nextobject: (7281, [b'\x008\x00\x0e\x00\x07\x00\x06\x00:\x00\x04\x00)\x00\x0e\x00\x0f\x00\x0c\x00\x01\x00\x0e\x00)\x00.\x00\x0f\x00\x0e\x00#\x00#\x00$\x00\x05\x00&\x00\x01\x00\x08\x00\x0f\x00\x0e\x00\x07\x00\x06\x00$\x007\x00$\x00\x06\x00\x15\x00\x01\x00\x06\x00%\x00\x0f\x00\x04\x00\x16\x00&\x00%\x00\x01\x00\x0f\x00%\x00\x15\x00\x06\x00%\x00 '])
DEBUG 2025-03-27 19:42:40,555 psparser nexttoken: (7474, /b'TJ')
DEBUG 2025-03-27 19:42:40,555 psparser do_keyword: pos=7474, token=/b'TJ', stack=[]
DEBUG 2025-03-27 19:42:40,555 psparser add_results: ((7474, /b'TJ'),)
DEBUG 2025-03-27 19:42:40,556 psparser nextobject: (7474, /b'TJ')
DEBUG 2025-03-27 19:42:40,556 pdfinterp exec: TJ [[b'\x008\x00\x0e\x00\x07\x00\x06\x00:\x00\x04\x00)\x00\x0e\x00\x0f\x00\x0c\x00\x01\x00\x0e\x00)\x00.\x00\x0f\x00\x0e\x00#\x00#\x00$\x00\x05\x00&\x00\x01\x00\x08\x00\x0f\x00\x0e\x00\x07\x00\x06\x00$\x007\x00$\x00\x06\x00\x15\x00\x01\x00\x06\x00%\x00\x0f\x00\x04\x00\x16\x00&\x00%\x00\x01\x00\x0f\x00%\x00\x15\x00\x06\x00%\x00 ']]
DEBUG 2025-03-27 19:42:40,557 cmapdb get_unichr: <UnicodeMap: /'Adobe-Identity-UCS'>, 56
DEBUG 2025-03-27 19:42:40,557 cmapdb get_unichr: <UnicodeMap: /'Adobe-Identity-UCS'>, 14
DEBUG 2025-03-27 19:42:40,558 cmapdb get_unichr: <UnicodeMap: /'Adobe-Identity-UCS'>, 7
DEBUG 2025-03-27 19:42:40,558 cmapdb get_unichr: <UnicodeMap: /'Adobe-Identity-UCS'>, 6
DEBUG 2025-03-27 19:42:40,558 cmapdb get_unichr: <UnicodeMap: /'Adobe-Identity-UCS'>, 58
DEBUG 2025-03-27 19:42:40,558 cmapdb get_unichr: <UnicodeMap: /'Adobe-Identity-UCS'>, 4
DEBUG 2025-03-27 19:42:40,558 cmapdb get_unichr: <UnicodeMap: /'Adobe-Identity-UCS'>, 41
DEBUG 2025-03-27 19:42:40,558 cmapdb get_unichr: <UnicodeMap: /'Adobe-Identity-UCS'>, 14
DEBUG 2025-03-27 19:42:40,558 cmapdb get_unichr: <UnicodeMap: /'Adobe-Identity-UCS'>, 15
DEBUG 2025-03-27 19:42:40,559 cmapdb get_unichr: <UnicodeMap: /'Adobe-Identity-UCS'>, 12
DEBUG 2025-03-27 19:42:40,559 cmapdb get_unichr: <UnicodeMap: /'Adobe-Identity-UCS'>, 1
DEBUG 2025-03-27 19:42:40,560 cmapdb get_unichr: <UnicodeMap: /'Adobe-Identity-UCS'>, 14
DEBUG 2025-03-27 19:42:40,560 cmapdb get_unichr: <UnicodeMap: /'Adobe-Identity-UCS'>, 41
DEBUG 2025-03-27 19:42:40,560 cmapdb get_unichr: <UnicodeMap: /'Adobe-Identity-UCS'>, 46
DEBUG 2025-03-27 19:42:40,560 cmapdb get_unichr: <UnicodeMap: /'Adobe-Identity-UCS'>, 15
DEBUG 2025-03-27 19:42:40,561 cmapdb get_unichr: <UnicodeMap: /'Adobe-Identity-UCS'>, 14
DEBUG 2025-03-27 19:42:40,561 cmapdb get_unichr: <UnicodeMap: /'Adobe-Identity-UCS'>, 35
DEBUG 2025-03-27 19:42:40,561 cmapdb get_unichr: <UnicodeMap: /'Adobe-Identity-UCS'>, 35
DEBUG 2025-03-27 19:42:40,561 cmapdb get_unichr: <UnicodeMap: /'Adobe-Identity-UCS'>, 36
DEBUG 2025-03-27 19:42:40,561 cmapdb get_unichr: <UnicodeMap: /'Adobe-Identity-UCS'>, 5
DEBUG 2025-03-27 19:42:40,561 cmapdb get_unichr: <UnicodeMap: /'Adobe-Identity-UCS'>, 38
DEBUG 2025-03-27 19:42:40,561 cmapdb get_unichr: <UnicodeMap: /'Adobe-Identity-UCS'>, 1
DEBUG 2025-03-27 19:42:40,562 cmapdb get_unichr: <UnicodeMap: /'Adobe-Identity-UCS'>, 8
DEBUG 2025-03-27 19:42:40,562 cmapdb get_unichr: <UnicodeMap: /'Adobe-Identity-UCS'>, 15
DEBUG 2025-03-27 19:42:40,562 cmapdb get_unichr: <UnicodeMap: /'Adobe-Identity-UCS'>, 14
DEBUG 2025-03-27 19:42:40,563 cmapdb get_unichr: <UnicodeMap: /'Adobe-Identity-UCS'>, 7
DEBUG 2025-03-27 19:42:40,563 cmapdb get_unichr: <UnicodeMap: /'Adobe-Identity-UCS'>, 6
DEBUG 2025-03-27 19:42:40,563 cmapdb get_unichr: <UnicodeMap: /'Adobe-Identity-UCS'>, 36
DEBUG 2025-03-27 19:42:40,563 cmapdb get_unichr: <UnicodeMap: /'Adobe-Identity-UCS'>, 55
DEBUG 2025-03-27 19:42:40,563 cmapdb get_unichr: <UnicodeMap: /'Adobe-Identity-UCS'>, 36
DEBUG 2025-03-27 19:42:40,563 cmapdb get_unichr: <UnicodeMap: /'Adobe-Identity-UCS'>, 6
DEBUG 2025-03-27 19:42:40,563 cmapdb get_unichr: <UnicodeMap: /'Adobe-Identity-UCS'>, 21
DEBUG 2025-03-27 19:42:40,563 cmapdb get_unichr: <UnicodeMap: /'Adobe-Identity-UCS'>, 1
DEBUG 2025-03-27 19:42:40,564 cmapdb get_unichr: <UnicodeMap: /'Adobe-Identity-UCS'>, 6
DEBUG 2025-03-27 19:42:40,564 cmapdb get_unichr: <UnicodeMap: /'Adobe-Identity-UCS'>, 37
DEBUG 2025-03-27 19:42:40,564 cmapdb get_unichr: <UnicodeMap: /'Adobe-Identity-UCS'>, 15
DEBUG 2025-03-27 19:42:40,564 cmapdb get_unichr: <UnicodeMap: /'Adobe-Identity-UCS'>, 4
DEBUG 2025-03-27 19:42:40,564 cmapdb get_unichr: <UnicodeMap: /'Adobe-Identity-UCS'>, 22
DEBUG 2025-03-27 19:42:40,564 cmapdb get_unichr: <UnicodeMap: /'Adobe-Identity-UCS'>, 38
DEBUG 2025-03-27 19:42:40,564 cmapdb get_unichr: <UnicodeMap: /'Adobe-Identity-UCS'>, 37
DEBUG 2025-03-27 19:42:40,564 cmapdb get_unichr: <UnicodeMap: /'Adobe-Identity-UCS'>, 1
DEBUG 2025-03-27 19:42:40,564 cmapdb get_unichr: <UnicodeMap: /'Adobe-Identity-UCS'>, 15
DEBUG 2025-03-27 19:42:40,564 cmapdb get_unichr: <UnicodeMap: /'Adobe-Identity-UCS'>, 37
DEBUG 2025-03-27 19:42:40,565 cmapdb get_unichr: <UnicodeMap: /'Adobe-Identity-UCS'>, 21
DEBUG 2025-03-27 19:42:40,565 cmapdb get_unichr: <UnicodeMap: /'Adobe-Identity-UCS'>, 6
DEBUG 2025-03-27 19:42:40,565 cmapdb get_unichr: <UnicodeMap: /'Adobe-Identity-UCS'>, 37
DEBUG 2025-03-27 19:42:40,565 cmapdb get_unichr: <UnicodeMap: /'Adobe-Identity-UCS'>, 32
DEBUG 2025-03-27 19:42:40,565 psparser nexttoken: (7477, /b'ET')
DEBUG 2025-03-27 19:42:40,565 psparser do_keyword: pos=7477, token=/b'ET', stack=[]
DEBUG 2025-03-27 19:42:40,565 psparser add_results: ((7477, /b'ET'),)
DEBUG 2025-03-27 19:42:40,565 psparser nextobject: (7477, /b'ET')
DEBUG 2025-03-27 19:42:40,565 pdfinterp exec: ET
DEBUG 2025-03-27 19:42:40,566 psparser nexttoken: (7480, /b'EMC')
DEBUG 2025-03-27 19:42:40,566 psparser do_keyword: pos=7480, token=/b'EMC', stack=[]
DEBUG 2025-03-27 19:42:40,566 psparser add_results: ((7480, /b'EMC'),)
DEBUG 2025-03-27 19:42:40,566 psparser nextobject: (7480, /b'EMC')
DEBUG 2025-03-27 19:42:40,566 pdfinterp exec: EMC
DEBUG 2025-03-27 19:42:40,566 psparser nexttoken: (7484, /'P')
DEBUG 2025-03-27 19:42:40,566 psparser add_results: ((7484, /'P'),)
DEBUG 2025-03-27 19:42:40,566 psparser nextobject: (7484, /'P')
DEBUG 2025-03-27 19:42:40,566 psparser nexttoken: (7487, /b'<<')
DEBUG 2025-03-27 19:42:40,566 psparser start_type: pos=7487, type='d'
DEBUG 2025-03-27 19:42:40,567 psparser nexttoken: (7489, /'MCID')
DEBUG 2025-03-27 19:42:40,567 psparser nexttoken: (7495, 33)
DEBUG 2025-03-27 19:42:40,567 psparser nexttoken: (7497, /b'>>')
DEBUG 2025-03-27 19:42:40,567 psparser end_type: pos=7487, type='d', objs=[/'MCID', 33]
DEBUG 2025-03-27 19:42:40,567 psparser add_results: ((7487, {'MCID': 33}),)
DEBUG 2025-03-27 19:42:40,567 psparser nextobject: (7487, {'MCID': 33})
DEBUG 2025-03-27 19:42:40,567 psparser nexttoken: (7500, /b'BDC')
DEBUG 2025-03-27 19:42:40,567 psparser do_keyword: pos=7500, token=/b'BDC', stack=[]
DEBUG 2025-03-27 19:42:40,567 psparser add_results: ((7500, /b'BDC'),)
DEBUG 2025-03-27 19:42:40,568 psparser nextobject: (7500, /b'BDC')
DEBUG 2025-03-27 19:42:40,568 pdfinterp exec: BDC [/'P', {'MCID': 33}]
DEBUG 2025-03-27 19:42:40,568 psparser nexttoken: (7504, /b'BT')
DEBUG 2025-03-27 19:42:40,568 psparser do_keyword: pos=7504, token=/b'BT', stack=[]
DEBUG 2025-03-27 19:42:40,568 psparser add_results: ((7504, /b'BT'),)
DEBUG 2025-03-27 19:42:40,568 psparser nextobject: (7504, /b'BT')
DEBUG 2025-03-27 19:42:40,568 pdfinterp exec: BT
DEBUG 2025-03-27 19:42:40,568 psparser nexttoken: (7507, /'F15')
DEBUG 2025-03-27 19:42:40,568 psparser add_results: ((7507, /'F15'),)
DEBUG 2025-03-27 19:42:40,568 psparser nextobject: (7507, /'F15')
DEBUG 2025-03-27 19:42:40,569 psparser nexttoken: (7512, 12)
DEBUG 2025-03-27 19:42:40,569 psparser add_results: ((7512, 12),)
DEBUG 2025-03-27 19:42:40,569 psparser nextobject: (7512, 12)
DEBUG 2025-03-27 19:42:40,569 psparser nexttoken: (7515, /b'Tf')
DEBUG 2025-03-27 19:42:40,569 psparser do_keyword: pos=7515, token=/b'Tf', stack=[]
DEBUG 2025-03-27 19:42:40,569 psparser add_results: ((7515, /b'Tf'),)
DEBUG 2025-03-27 19:42:40,569 psparser nextobject: (7515, /b'Tf')
DEBUG 2025-03-27 19:42:40,569 pdfinterp exec: Tf [/'F15', 12]
DEBUG 2025-03-27 19:42:40,569 psparser nexttoken: (7518, 1)
DEBUG 2025-03-27 19:42:40,569 psparser add_results: ((7518, 1),)
DEBUG 2025-03-27 19:42:40,569 psparser nextobject: (7518, 1)
DEBUG 2025-03-27 19:42:40,569 psparser nexttoken: (7520, 0)
DEBUG 2025-03-27 19:42:40,569 psparser add_results: ((7520, 0),)
DEBUG 2025-03-27 19:42:40,569 psparser nextobject: (7520, 0)
DEBUG 2025-03-27 19:42:40,570 psparser nexttoken: (7522, 0)
DEBUG 2025-03-27 19:42:40,570 psparser add_results: ((7522, 0),)
DEBUG 2025-03-27 19:42:40,570 psparser nextobject: (7522, 0)
DEBUG 2025-03-27 19:42:40,570 psparser nexttoken: (7524, -1)
DEBUG 2025-03-27 19:42:40,570 psparser add_results: ((7524, -1),)
DEBUG 2025-03-27 19:42:40,570 psparser nextobject: (7524, -1)
DEBUG 2025-03-27 19:42:40,570 psparser nexttoken: (7527, 0)
DEBUG 2025-03-27 19:42:40,570 psparser add_results: ((7527, 0),)
DEBUG 2025-03-27 19:42:40,570 psparser nextobject: (7527, 0)
DEBUG 2025-03-27 19:42:40,570 psparser nexttoken: (7529, 388.41400146)
DEBUG 2025-03-27 19:42:40,570 psparser add_results: ((7529, 388.41400146),)
DEBUG 2025-03-27 19:42:40,570 psparser nextobject: (7529, 388.41400146)
DEBUG 2025-03-27 19:42:40,571 psparser nexttoken: (7542, /b'Tm')
DEBUG 2025-03-27 19:42:40,571 psparser do_keyword: pos=7542, token=/b'Tm', stack=[]
DEBUG 2025-03-27 19:42:40,571 psparser add_results: ((7542, /b'Tm'),)
DEBUG 2025-03-27 19:42:40,571 psparser nextobject: (7542, /b'Tm')
DEBUG 2025-03-27 19:42:40,571 pdfinterp exec: Tm [1, 0, 0, -1, 0, 388.41400146]
DEBUG 2025-03-27 19:42:40,571 psparser nexttoken: (7545, /b'[')
DEBUG 2025-03-27 19:42:40,571 psparser start_type: pos=7545, type='a'
DEBUG 2025-03-27 19:42:40,573 psparser nexttoken: (7546, b'\x00\x13\x00\x06\x00%\x00\x14\x00\x0e\x00\x06\x00\x0e\x00\x0c\x00\x01\x00\x07\x00\x08\x00\x06\x00$\x007\x00\x0e\x00\x14\x00\x15\x00\x01\x00\x08\x00\x04\x00 \x00.\x00\x0e\x00\x06\x00$\x00\x05\x00&\x00\x01\x00\x07\x00\x05\x00"\x00\x01\x00\x0e\x00)\x00\x08\x00\x0e\x00\x14\x00\x14\x00$\x00\x05\x00&\x00\x01\x00$\x00\x05\x00\x01\x00:\x00\x07\x00"\x00 \x00$\x00\x05\x00\x06\x00\x04\x00\x05')
DEBUG 2025-03-27 19:42:40,573 psparser nexttoken: (7764, /b']')
DEBUG 2025-03-27 19:42:40,573 psparser end_type: pos=7545, type='a', objs=[b'\x00\x13\x00\x06\x00%\x00\x14\x00\x0e\x00\x06\x00\x0e\x00\x0c\x00\x01\x00\x07\x00\x08\x00\x06\x00$\x007\x00\x0e\x00\x14\x00\x15\x00\x01\x00\x08\x00\x04\x00 \x00.\x00\x0e\x00\x06\x00$\x00\x05\x00&\x00\x01\x00\x07\x00\x05\x00"\x00\x01\x00\x0e\x00)\x00\x08\x00\x0e\x00\x14\x00\x14\x00$\x00\x05\x00&\x00\x01\x00$\x00\x05\x00\x01\x00:\x00\x07\x00"\x00 \x00$\x00\x05\x00\x06\x00\x04\x00\x05']
DEBUG 2025-03-27 19:42:40,576 psparser add_results: ((7545, [b'\x00\x13\x00\x06\x00%\x00\x14\x00\x0e\x00\x06\x00\x0e\x00\x0c\x00\x01\x00\x07\x00\x08\x00\x06\x00$\x007\x00\x0e\x00\x14\x00\x15\x00\x01\x00\x08\x00\x04\x00 \x00.\x00\x0e\x00\x06\x00$\x00\x05\x00&\x00\x01\x00\x07\x00\x05\x00"\x00\x01\x00\x0e\x00)\x00\x08\x00\x0e\x00\x14\x00\x14\x00$\x00\x05\x00&\x00\x01\x00$\x00\x05\x00\x01\x00:\x00\x07\x00"\x00 \x00$\x00\x05\x00\x06\x00\x04\x00\x05']),)
DEBUG 2025-03-27 19:42:40,576 psparser nextobject: (7545, [b'\x00\x13\x00\x06\x00%\x00\x14\x00\x0e\x00\x06\x00\x0e\x00\x0c\x00\x01\x00\x07\x00\x08\x00\x06\x00$\x007\x00\x0e\x00\x14\x00\x15\x00\x01\x00\x08\x00\x04\x00 \x00.\x00\x0e\x00\x06\x00$\x00\x05\x00&\x00\x01\x00\x07\x00\x05\x00"\x00\x01\x00\x0e\x00)\x00\x08\x00\x0e\x00\x14\x00\x14\x00$\x00\x05\x00&\x00\x01\x00$\x00\x05\x00\x01\x00:\x00\x07\x00"\x00 \x00$\x00\x05\x00\x06\x00\x04\x00\x05'])
DEBUG 2025-03-27 19:42:40,576 psparser nexttoken: (7766, /b'TJ')
DEBUG 2025-03-27 19:42:40,576 psparser do_keyword: pos=7766, token=/b'TJ', stack=[]
DEBUG 2025-03-27 19:42:40,576 psparser add_results: ((7766, /b'TJ'),)
DEBUG 2025-03-27 19:42:40,577 psparser nextobject: (7766, /b'TJ')
DEBUG 2025-03-27 19:42:40,577 pdfinterp exec: TJ [[b'\x00\x13\x00\x06\x00%\x00\x14\x00\x0e\x00\x06\x00\x0e\x00\x0c\x00\x01\x00\x07\x00\x08\x00\x06\x00$\x007\x00\x0e\x00\x14\x00\x15\x00\x01\x00\x08\x00\x04\x00 \x00.\x00\x0e\x00\x06\x00$\x00\x05\x00&\x00\x01\x00\x07\x00\x05\x00"\x00\x01\x00\x0e\x00)\x00\x08\x00\x0e\x00\x14\x00\x14\x00$\x00\x05\x00&\x00\x01\x00$\x00\x05\x00\x01\x00:\x00\x07\x00"\x00 \x00$\x00\x05\x00\x06\x00\x04\x00\x05']]
DEBUG 2025-03-27 19:42:40,577 cmapdb get_unichr: <UnicodeMap: /'Adobe-Identity-UCS'>, 19
DEBUG 2025-03-27 19:42:40,579 cmapdb get_unichr: <UnicodeMap: /'Adobe-Identity-UCS'>, 6
DEBUG 2025-03-27 19:42:40,579 cmapdb get_unichr: <UnicodeMap: /'Adobe-Identity-UCS'>, 37
DEBUG 2025-03-27 19:42:40,580 cmapdb get_unichr: <UnicodeMap: /'Adobe-Identity-UCS'>, 20
DEBUG 2025-03-27 19:42:40,580 cmapdb get_unichr: <UnicodeMap: /'Adobe-Identity-UCS'>, 14
DEBUG 2025-03-27 19:42:40,581 cmapdb get_unichr: <UnicodeMap: /'Adobe-Identity-UCS'>, 6
DEBUG 2025-03-27 19:42:40,581 cmapdb get_unichr: <UnicodeMap: /'Adobe-Identity-UCS'>, 14
DEBUG 2025-03-27 19:42:40,581 cmapdb get_unichr: <UnicodeMap: /'Adobe-Identity-UCS'>, 12
DEBUG 2025-03-27 19:42:40,581 cmapdb get_unichr: <UnicodeMap: /'Adobe-Identity-UCS'>, 1
DEBUG 2025-03-27 19:42:40,581 cmapdb get_unichr: <UnicodeMap: /'Adobe-Identity-UCS'>, 7
DEBUG 2025-03-27 19:42:40,582 cmapdb get_unichr: <UnicodeMap: /'Adobe-Identity-UCS'>, 8
DEBUG 2025-03-27 19:42:40,582 cmapdb get_unichr: <UnicodeMap: /'Adobe-Identity-UCS'>, 6
DEBUG 2025-03-27 19:42:40,582 cmapdb get_unichr: <UnicodeMap: /'Adobe-Identity-UCS'>, 36
DEBUG 2025-03-27 19:42:40,582 cmapdb get_unichr: <UnicodeMap: /'Adobe-Identity-UCS'>, 55
DEBUG 2025-03-27 19:42:40,582 cmapdb get_unichr: <UnicodeMap: /'Adobe-Identity-UCS'>, 14
DEBUG 2025-03-27 19:42:40,582 cmapdb get_unichr: <UnicodeMap: /'Adobe-Identity-UCS'>, 20
DEBUG 2025-03-27 19:42:40,582 cmapdb get_unichr: <UnicodeMap: /'Adobe-Identity-UCS'>, 21
DEBUG 2025-03-27 19:42:40,582 cmapdb get_unichr: <UnicodeMap: /'Adobe-Identity-UCS'>, 1
DEBUG 2025-03-27 19:42:40,582 cmapdb get_unichr: <UnicodeMap: /'Adobe-Identity-UCS'>, 8
DEBUG 2025-03-27 19:42:40,582 cmapdb get_unichr: <UnicodeMap: /'Adobe-Identity-UCS'>, 4
DEBUG 2025-03-27 19:42:40,583 cmapdb get_unichr: <UnicodeMap: /'Adobe-Identity-UCS'>, 32
DEBUG 2025-03-27 19:42:40,583 cmapdb get_unichr: <UnicodeMap: /'Adobe-Identity-UCS'>, 46
DEBUG 2025-03-27 19:42:40,583 cmapdb get_unichr: <UnicodeMap: /'Adobe-Identity-UCS'>, 14
DEBUG 2025-03-27 19:42:40,583 cmapdb get_unichr: <UnicodeMap: /'Adobe-Identity-UCS'>, 6
DEBUG 2025-03-27 19:42:40,583 cmapdb get_unichr: <UnicodeMap: /'Adobe-Identity-UCS'>, 36
DEBUG 2025-03-27 19:42:40,583 cmapdb get_unichr: <UnicodeMap: /'Adobe-Identity-UCS'>, 5
DEBUG 2025-03-27 19:42:40,584 cmapdb get_unichr: <UnicodeMap: /'Adobe-Identity-UCS'>, 38
DEBUG 2025-03-27 19:42:40,584 cmapdb get_unichr: <UnicodeMap: /'Adobe-Identity-UCS'>, 1
DEBUG 2025-03-27 19:42:40,584 cmapdb get_unichr: <UnicodeMap: /'Adobe-Identity-UCS'>, 7
DEBUG 2025-03-27 19:42:40,584 cmapdb get_unichr: <UnicodeMap: /'Adobe-Identity-UCS'>, 5
DEBUG 2025-03-27 19:42:40,584 cmapdb get_unichr: <UnicodeMap: /'Adobe-Identity-UCS'>, 34
DEBUG 2025-03-27 19:42:40,584 cmapdb get_unichr: <UnicodeMap: /'Adobe-Identity-UCS'>, 1
DEBUG 2025-03-27 19:42:40,584 cmapdb get_unichr: <UnicodeMap: /'Adobe-Identity-UCS'>, 14
DEBUG 2025-03-27 19:42:40,585 cmapdb get_unichr: <UnicodeMap: /'Adobe-Identity-UCS'>, 41
DEBUG 2025-03-27 19:42:40,585 cmapdb get_unichr: <UnicodeMap: /'Adobe-Identity-UCS'>, 8
DEBUG 2025-03-27 19:42:40,585 cmapdb get_unichr: <UnicodeMap: /'Adobe-Identity-UCS'>, 14
DEBUG 2025-03-27 19:42:40,585 cmapdb get_unichr: <UnicodeMap: /'Adobe-Identity-UCS'>, 20
DEBUG 2025-03-27 19:42:40,585 cmapdb get_unichr: <UnicodeMap: /'Adobe-Identity-UCS'>, 20
DEBUG 2025-03-27 19:42:40,585 cmapdb get_unichr: <UnicodeMap: /'Adobe-Identity-UCS'>, 36
DEBUG 2025-03-27 19:42:40,585 cmapdb get_unichr: <UnicodeMap: /'Adobe-Identity-UCS'>, 5
DEBUG 2025-03-27 19:42:40,586 cmapdb get_unichr: <UnicodeMap: /'Adobe-Identity-UCS'>, 38
DEBUG 2025-03-27 19:42:40,586 cmapdb get_unichr: <UnicodeMap: /'Adobe-Identity-UCS'>, 1
DEBUG 2025-03-27 19:42:40,586 cmapdb get_unichr: <UnicodeMap: /'Adobe-Identity-UCS'>, 36
DEBUG 2025-03-27 19:42:40,586 cmapdb get_unichr: <UnicodeMap: /'Adobe-Identity-UCS'>, 5
DEBUG 2025-03-27 19:42:40,586 cmapdb get_unichr: <UnicodeMap: /'Adobe-Identity-UCS'>, 1
DEBUG 2025-03-27 19:42:40,586 cmapdb get_unichr: <UnicodeMap: /'Adobe-Identity-UCS'>, 58
DEBUG 2025-03-27 19:42:40,586 cmapdb get_unichr: <UnicodeMap: /'Adobe-Identity-UCS'>, 7
DEBUG 2025-03-27 19:42:40,587 cmapdb get_unichr: <UnicodeMap: /'Adobe-Identity-UCS'>, 34
DEBUG 2025-03-27 19:42:40,587 cmapdb get_unichr: <UnicodeMap: /'Adobe-Identity-UCS'>, 32
DEBUG 2025-03-27 19:42:40,587 cmapdb get_unichr: <UnicodeMap: /'Adobe-Identity-UCS'>, 36
DEBUG 2025-03-27 19:42:40,587 cmapdb get_unichr: <UnicodeMap: /'Adobe-Identity-UCS'>, 5
DEBUG 2025-03-27 19:42:40,587 cmapdb get_unichr: <UnicodeMap: /'Adobe-Identity-UCS'>, 6
DEBUG 2025-03-27 19:42:40,587 cmapdb get_unichr: <UnicodeMap: /'Adobe-Identity-UCS'>, 4
DEBUG 2025-03-27 19:42:40,587 cmapdb get_unichr: <UnicodeMap: /'Adobe-Identity-UCS'>, 5
DEBUG 2025-03-27 19:42:40,587 psparser nexttoken: (7769, /b'ET')
DEBUG 2025-03-27 19:42:40,588 psparser do_keyword: pos=7769, token=/b'ET', stack=[]
DEBUG 2025-03-27 19:42:40,588 psparser add_results: ((7769, /b'ET'),)
DEBUG 2025-03-27 19:42:40,588 psparser nextobject: (7769, /b'ET')
DEBUG 2025-03-27 19:42:40,589 pdfinterp exec: ET
DEBUG 2025-03-27 19:42:40,589 psparser nexttoken: (7772, /b'EMC')
DEBUG 2025-03-27 19:42:40,589 psparser do_keyword: pos=7772, token=/b'EMC', stack=[]
DEBUG 2025-03-27 19:42:40,589 psparser add_results: ((7772, /b'EMC'),)
DEBUG 2025-03-27 19:42:40,589 psparser nextobject: (7772, /b'EMC')
DEBUG 2025-03-27 19:42:40,589 pdfinterp exec: EMC
DEBUG 2025-03-27 19:42:40,589 psparser nexttoken: (7776, /'P')
DEBUG 2025-03-27 19:42:40,590 psparser add_results: ((7776, /'P'),)
DEBUG 2025-03-27 19:42:40,590 psparser nextobject: (7776, /'P')
DEBUG 2025-03-27 19:42:40,590 psparser nexttoken: (7779, /b'<<')
DEBUG 2025-03-27 19:42:40,591 psparser start_type: pos=7779, type='d'
DEBUG 2025-03-27 19:42:40,591 psparser nexttoken: (7781, /'MCID')
DEBUG 2025-03-27 19:42:40,591 psparser nexttoken: (7787, 34)
DEBUG 2025-03-27 19:42:40,591 psparser nexttoken: (7789, /b'>>')
DEBUG 2025-03-27 19:42:40,591 psparser end_type: pos=7779, type='d', objs=[/'MCID', 34]
DEBUG 2025-03-27 19:42:40,592 psparser add_results: ((7779, {'MCID': 34}),)
DEBUG 2025-03-27 19:42:40,592 psparser nextobject: (7779, {'MCID': 34})
DEBUG 2025-03-27 19:42:40,592 psparser nexttoken: (7792, /b'BDC')
DEBUG 2025-03-27 19:42:40,592 psparser do_keyword: pos=7792, token=/b'BDC', stack=[]
DEBUG 2025-03-27 19:42:40,592 psparser add_results: ((7792, /b'BDC'),)
DEBUG 2025-03-27 19:42:40,593 psparser nextobject: (7792, /b'BDC')
DEBUG 2025-03-27 19:42:40,593 pdfinterp exec: BDC [/'P', {'MCID': 34}]
DEBUG 2025-03-27 19:42:40,593 psparser nexttoken: (7796, /b'BT')
DEBUG 2025-03-27 19:42:40,594 psparser do_keyword: pos=7796, token=/b'BT', stack=[]
DEBUG 2025-03-27 19:42:40,594 psparser add_results: ((7796, /b'BT'),)
DEBUG 2025-03-27 19:42:40,594 psparser nextobject: (7796, /b'BT')
DEBUG 2025-03-27 19:42:40,594 pdfinterp exec: BT
DEBUG 2025-03-27 19:42:40,594 psparser nexttoken: (7799, /'F15')
DEBUG 2025-03-27 19:42:40,594 psparser add_results: ((7799, /'F15'),)
DEBUG 2025-03-27 19:42:40,594 psparser nextobject: (7799, /'F15')
DEBUG 2025-03-27 19:42:40,594 psparser nexttoken: (7804, 12)
DEBUG 2025-03-27 19:42:40,594 psparser add_results: ((7804, 12),)
DEBUG 2025-03-27 19:42:40,594 psparser nextobject: (7804, 12)
DEBUG 2025-03-27 19:42:40,595 psparser nexttoken: (7807, /b'Tf')
DEBUG 2025-03-27 19:42:40,595 psparser do_keyword: pos=7807, token=/b'Tf', stack=[]
DEBUG 2025-03-27 19:42:40,595 psparser add_results: ((7807, /b'Tf'),)
DEBUG 2025-03-27 19:42:40,595 psparser nextobject: (7807, /b'Tf')
DEBUG 2025-03-27 19:42:40,595 pdfinterp exec: Tf [/'F15', 12]
DEBUG 2025-03-27 19:42:40,595 psparser nexttoken: (7810, 1)
DEBUG 2025-03-27 19:42:40,595 psparser add_results: ((7810, 1),)
DEBUG 2025-03-27 19:42:40,595 psparser nextobject: (7810, 1)
DEBUG 2025-03-27 19:42:40,595 psparser nexttoken: (7812, 0)
DEBUG 2025-03-27 19:42:40,595 psparser add_results: ((7812, 0),)
DEBUG 2025-03-27 19:42:40,595 psparser nextobject: (7812, 0)
DEBUG 2025-03-27 19:42:40,595 psparser nexttoken: (7814, 0)
DEBUG 2025-03-27 19:42:40,595 psparser add_results: ((7814, 0),)
DEBUG 2025-03-27 19:42:40,595 psparser nextobject: (7814, 0)
DEBUG 2025-03-27 19:42:40,596 psparser nexttoken: (7816, -1)
DEBUG 2025-03-27 19:42:40,596 psparser add_results: ((7816, -1),)
DEBUG 2025-03-27 19:42:40,596 psparser nextobject: (7816, -1)
DEBUG 2025-03-27 19:42:40,596 psparser nexttoken: (7819, 0)
DEBUG 2025-03-27 19:42:40,596 psparser add_results: ((7819, 0),)
DEBUG 2025-03-27 19:42:40,596 psparser nextobject: (7819, 0)
DEBUG 2025-03-27 19:42:40,596 psparser nexttoken: (7821, 424.41400146)
DEBUG 2025-03-27 19:42:40,596 psparser add_results: ((7821, 424.41400146),)
DEBUG 2025-03-27 19:42:40,596 psparser nextobject: (7821, 424.41400146)
DEBUG 2025-03-27 19:42:40,596 psparser nexttoken: (7834, /b'Tm')
DEBUG 2025-03-27 19:42:40,596 psparser do_keyword: pos=7834, token=/b'Tm', stack=[]
DEBUG 2025-03-27 19:42:40,596 psparser add_results: ((7834, /b'Tm'),)
DEBUG 2025-03-27 19:42:40,596 psparser nextobject: (7834, /b'Tm')
DEBUG 2025-03-27 19:42:40,596 pdfinterp exec: Tm [1, 0, 0, -1, 0, 424.41400146]
DEBUG 2025-03-27 19:42:40,596 psparser nexttoken: (7837, /b'[')
DEBUG 2025-03-27 19:42:40,597 psparser start_type: pos=7837, type='a'
DEBUG 2025-03-27 19:42:40,597 psparser nexttoken: (7838, b'\x00\x12\x00\x0f\x00$\x007\x00\x0e\x00\x05\x00\x01\x00:\x00\x15\x00\x01\x00\x08\x00\x16\x00\x0f\x00$\x00\x04\x00#\x00$\x00\x06\x00\x15\x00\x01\x00\x07\x00\x05\x00"\x00\x01\x00\x06\x00%\x00\x0e\x00\x01\x00.\x00\x16\x00\x0f\x00#\x00\x16\x00$\x00\x06\x00\x01\x00\x04\x000\x00\x01\x00$\x00\x05\x00\x05\x00\x04\x007\x00\x07\x00\x06\x00$\x00\x04\x00\x05\x00\x0c\x00\x01\x00,\x00\x01\x00\x07\x00 \x00\x01\x00\x0e\x00\x07\x00&\x00\x0e\x00\x0f\x00\x01\x00\x06\x00\x04')
DEBUG 2025-03-27 19:42:40,597 psparser nexttoken: (8096, /b']')
DEBUG 2025-03-27 19:42:40,597 psparser end_type: pos=7837, type='a', objs=[b'\x00\x12\x00\x0f\x00$\x007\x00\x0e\x00\x05\x00\x01\x00:\x00\x15\x00\x01\x00\x08\x00\x16\x00\x0f\x00$\x00\x04\x00#\x00$\x00\x06\x00\x15\x00\x01\x00\x07\x00\x05\x00"\x00\x01\x00\x06\x00%\x00\x0e\x00\x01\x00.\x00\x16\x00\x0f\x00#\x00\x16\x00$\x00\x06\x00\x01\x00\x04\x000\x00\x01\x00$\x00\x05\x00\x05\x00\x04\x007\x00\x07\x00\x06\x00$\x00\x04\x00\x05\x00\x0c\x00\x01\x00,\x00\x01\x00\x07\x00 \x00\x01\x00\x0e\x00\x07\x00&\x00\x0e\x00\x0f\x00\x01\x00\x06\x00\x04']
DEBUG 2025-03-27 19:42:40,597 psparser add_results: ((7837, [b'\x00\x12\x00\x0f\x00$\x007\x00\x0e\x00\x05\x00\x01\x00:\x00\x15\x00\x01\x00\x08\x00\x16\x00\x0f\x00$\x00\x04\x00#\x00$\x00\x06\x00\x15\x00\x01\x00\x07\x00\x05\x00"\x00\x01\x00\x06\x00%\x00\x0e\x00\x01\x00.\x00\x16\x00\x0f\x00#\x00\x16\x00$\x00\x06\x00\x01\x00\x04\x000\x00\x01\x00$\x00\x05\x00\x05\x00\x04\x007\x00\x07\x00\x06\x00$\x00\x04\x00\x05\x00\x0c\x00\x01\x00,\x00\x01\x00\x07\x00 \x00\x01\x00\x0e\x00\x07\x00&\x00\x0e\x00\x0f\x00\x01\x00\x06\x00\x04']),)
DEBUG 2025-03-27 19:42:40,597 psparser nextobject: (7837, [b'\x00\x12\x00\x0f\x00$\x007\x00\x0e\x00\x05\x00\x01\x00:\x00\x15\x00\x01\x00\x08\x00\x16\x00\x0f\x00$\x00\x04\x00#\x00$\x00\x06\x00\x15\x00\x01\x00\x07\x00\x05\x00"\x00\x01\x00\x06\x00%\x00\x0e\x00\x01\x00.\x00\x16\x00\x0f\x00#\x00\x16\x00$\x00\x06\x00\x01\x00\x04\x000\x00\x01\x00$\x00\x05\x00\x05\x00\x04\x007\x00\x07\x00\x06\x00$\x00\x04\x00\x05\x00\x0c\x00\x01\x00,\x00\x01\x00\x07\x00 \x00\x01\x00\x0e\x00\x07\x00&\x00\x0e\x00\x0f\x00\x01\x00\x06\x00\x04'])
DEBUG 2025-03-27 19:42:40,597 psparser nexttoken: (8098, /b'TJ')
DEBUG 2025-03-27 19:42:40,597 psparser do_keyword: pos=8098, token=/b'TJ', stack=[]
DEBUG 2025-03-27 19:42:40,597 psparser add_results: ((8098, /b'TJ'),)
DEBUG 2025-03-27 19:42:40,597 psparser nextobject: (8098, /b'TJ')
DEBUG 2025-03-27 19:42:40,597 pdfinterp exec: TJ [[b'\x00\x12\x00\x0f\x00$\x007\x00\x0e\x00\x05\x00\x01\x00:\x00\x15\x00\x01\x00\x08\x00\x16\x00\x0f\x00$\x00\x04\x00#\x00$\x00\x06\x00\x15\x00\x01\x00\x07\x00\x05\x00"\x00\x01\x00\x06\x00%\x00\x0e\x00\x01\x00.\x00\x16\x00\x0f\x00#\x00\x16\x00$\x00\x06\x00\x01\x00\x04\x000\x00\x01\x00$\x00\x05\x00\x05\x00\x04\x007\x00\x07\x00\x06\x00$\x00\x04\x00\x05\x00\x0c\x00\x01\x00,\x00\x01\x00\x07\x00 \x00\x01\x00\x0e\x00\x07\x00&\x00\x0e\x00\x0f\x00\x01\x00\x06\x00\x04']]
DEBUG 2025-03-27 19:42:40,598 cmapdb get_unichr: <UnicodeMap: /'Adobe-Identity-UCS'>, 18
DEBUG 2025-03-27 19:42:40,598 cmapdb get_unichr: <UnicodeMap: /'Adobe-Identity-UCS'>, 15
DEBUG 2025-03-27 19:42:40,598 cmapdb get_unichr: <UnicodeMap: /'Adobe-Identity-UCS'>, 36
DEBUG 2025-03-27 19:42:40,598 cmapdb get_unichr: <UnicodeMap: /'Adobe-Identity-UCS'>, 55
DEBUG 2025-03-27 19:42:40,598 cmapdb get_unichr: <UnicodeMap: /'Adobe-Identity-UCS'>, 14
DEBUG 2025-03-27 19:42:40,598 cmapdb get_unichr: <UnicodeMap: /'Adobe-Identity-UCS'>, 5
DEBUG 2025-03-27 19:42:40,598 cmapdb get_unichr: <UnicodeMap: /'Adobe-Identity-UCS'>, 1
DEBUG 2025-03-27 19:42:40,598 cmapdb get_unichr: <UnicodeMap: /'Adobe-Identity-UCS'>, 58
DEBUG 2025-03-27 19:42:40,598 cmapdb get_unichr: <UnicodeMap: /'Adobe-Identity-UCS'>, 21
DEBUG 2025-03-27 19:42:40,598 cmapdb get_unichr: <UnicodeMap: /'Adobe-Identity-UCS'>, 1
DEBUG 2025-03-27 19:42:40,598 cmapdb get_unichr: <UnicodeMap: /'Adobe-Identity-UCS'>, 8
DEBUG 2025-03-27 19:42:40,598 cmapdb get_unichr: <UnicodeMap: /'Adobe-Identity-UCS'>, 22
DEBUG 2025-03-27 19:42:40,598 cmapdb get_unichr: <UnicodeMap: /'Adobe-Identity-UCS'>, 15
DEBUG 2025-03-27 19:42:40,599 cmapdb get_unichr: <UnicodeMap: /'Adobe-Identity-UCS'>, 36
DEBUG 2025-03-27 19:42:40,599 cmapdb get_unichr: <UnicodeMap: /'Adobe-Identity-UCS'>, 4
DEBUG 2025-03-27 19:42:40,599 cmapdb get_unichr: <UnicodeMap: /'Adobe-Identity-UCS'>, 35
DEBUG 2025-03-27 19:42:40,599 cmapdb get_unichr: <UnicodeMap: /'Adobe-Identity-UCS'>, 36
DEBUG 2025-03-27 19:42:40,599 cmapdb get_unichr: <UnicodeMap: /'Adobe-Identity-UCS'>, 6
DEBUG 2025-03-27 19:42:40,599 cmapdb get_unichr: <UnicodeMap: /'Adobe-Identity-UCS'>, 21
DEBUG 2025-03-27 19:42:40,599 cmapdb get_unichr: <UnicodeMap: /'Adobe-Identity-UCS'>, 1
DEBUG 2025-03-27 19:42:40,599 cmapdb get_unichr: <UnicodeMap: /'Adobe-Identity-UCS'>, 7
DEBUG 2025-03-27 19:42:40,599 cmapdb get_unichr: <UnicodeMap: /'Adobe-Identity-UCS'>, 5
DEBUG 2025-03-27 19:42:40,599 cmapdb get_unichr: <UnicodeMap: /'Adobe-Identity-UCS'>, 34
DEBUG 2025-03-27 19:42:40,599 cmapdb get_unichr: <UnicodeMap: /'Adobe-Identity-UCS'>, 1
DEBUG 2025-03-27 19:42:40,599 cmapdb get_unichr: <UnicodeMap: /'Adobe-Identity-UCS'>, 6
DEBUG 2025-03-27 19:42:40,599 cmapdb get_unichr: <UnicodeMap: /'Adobe-Identity-UCS'>, 37
DEBUG 2025-03-27 19:42:40,600 cmapdb get_unichr: <UnicodeMap: /'Adobe-Identity-UCS'>, 14
DEBUG 2025-03-27 19:42:40,600 cmapdb get_unichr: <UnicodeMap: /'Adobe-Identity-UCS'>, 1
DEBUG 2025-03-27 19:42:40,600 cmapdb get_unichr: <UnicodeMap: /'Adobe-Identity-UCS'>, 46
DEBUG 2025-03-27 19:42:40,600 cmapdb get_unichr: <UnicodeMap: /'Adobe-Identity-UCS'>, 22
DEBUG 2025-03-27 19:42:40,600 cmapdb get_unichr: <UnicodeMap: /'Adobe-Identity-UCS'>, 15
DEBUG 2025-03-27 19:42:40,600 cmapdb get_unichr: <UnicodeMap: /'Adobe-Identity-UCS'>, 35
DEBUG 2025-03-27 19:42:40,600 cmapdb get_unichr: <UnicodeMap: /'Adobe-Identity-UCS'>, 22
DEBUG 2025-03-27 19:42:40,600 cmapdb get_unichr: <UnicodeMap: /'Adobe-Identity-UCS'>, 36
DEBUG 2025-03-27 19:42:40,601 cmapdb get_unichr: <UnicodeMap: /'Adobe-Identity-UCS'>, 6
DEBUG 2025-03-27 19:42:40,601 cmapdb get_unichr: <UnicodeMap: /'Adobe-Identity-UCS'>, 1
DEBUG 2025-03-27 19:42:40,601 cmapdb get_unichr: <UnicodeMap: /'Adobe-Identity-UCS'>, 4
DEBUG 2025-03-27 19:42:40,601 cmapdb get_unichr: <UnicodeMap: /'Adobe-Identity-UCS'>, 48
DEBUG 2025-03-27 19:42:40,601 cmapdb get_unichr: <UnicodeMap: /'Adobe-Identity-UCS'>, 1
DEBUG 2025-03-27 19:42:40,601 cmapdb get_unichr: <UnicodeMap: /'Adobe-Identity-UCS'>, 36
DEBUG 2025-03-27 19:42:40,601 cmapdb get_unichr: <UnicodeMap: /'Adobe-Identity-UCS'>, 5
DEBUG 2025-03-27 19:42:40,601 cmapdb get_unichr: <UnicodeMap: /'Adobe-Identity-UCS'>, 5
DEBUG 2025-03-27 19:42:40,601 cmapdb get_unichr: <UnicodeMap: /'Adobe-Identity-UCS'>, 4
DEBUG 2025-03-27 19:42:40,601 cmapdb get_unichr: <UnicodeMap: /'Adobe-Identity-UCS'>, 55
DEBUG 2025-03-27 19:42:40,601 cmapdb get_unichr: <UnicodeMap: /'Adobe-Identity-UCS'>, 7
DEBUG 2025-03-27 19:42:40,602 cmapdb get_unichr: <UnicodeMap: /'Adobe-Identity-UCS'>, 6
DEBUG 2025-03-27 19:42:40,602 cmapdb get_unichr: <UnicodeMap: /'Adobe-Identity-UCS'>, 36
DEBUG 2025-03-27 19:42:40,602 cmapdb get_unichr: <UnicodeMap: /'Adobe-Identity-UCS'>, 4
DEBUG 2025-03-27 19:42:40,602 cmapdb get_unichr: <UnicodeMap: /'Adobe-Identity-UCS'>, 5
DEBUG 2025-03-27 19:42:40,602 cmapdb get_unichr: <UnicodeMap: /'Adobe-Identity-UCS'>, 12
DEBUG 2025-03-27 19:42:40,602 cmapdb get_unichr: <UnicodeMap: /'Adobe-Identity-UCS'>, 1
DEBUG 2025-03-27 19:42:40,602 cmapdb get_unichr: <UnicodeMap: /'Adobe-Identity-UCS'>, 44
DEBUG 2025-03-27 19:42:40,602 cmapdb get_unichr: <UnicodeMap: /'Adobe-Identity-UCS'>, 1
DEBUG 2025-03-27 19:42:40,602 cmapdb get_unichr: <UnicodeMap: /'Adobe-Identity-UCS'>, 7
DEBUG 2025-03-27 19:42:40,602 cmapdb get_unichr: <UnicodeMap: /'Adobe-Identity-UCS'>, 32
DEBUG 2025-03-27 19:42:40,602 cmapdb get_unichr: <UnicodeMap: /'Adobe-Identity-UCS'>, 1
DEBUG 2025-03-27 19:42:40,603 cmapdb get_unichr: <UnicodeMap: /'Adobe-Identity-UCS'>, 14
DEBUG 2025-03-27 19:42:40,603 cmapdb get_unichr: <UnicodeMap: /'Adobe-Identity-UCS'>, 7
DEBUG 2025-03-27 19:42:40,603 cmapdb get_unichr: <UnicodeMap: /'Adobe-Identity-UCS'>, 38
DEBUG 2025-03-27 19:42:40,603 cmapdb get_unichr: <UnicodeMap: /'Adobe-Identity-UCS'>, 14
DEBUG 2025-03-27 19:42:40,603 cmapdb get_unichr: <UnicodeMap: /'Adobe-Identity-UCS'>, 15
DEBUG 2025-03-27 19:42:40,603 cmapdb get_unichr: <UnicodeMap: /'Adobe-Identity-UCS'>, 1
DEBUG 2025-03-27 19:42:40,603 cmapdb get_unichr: <UnicodeMap: /'Adobe-Identity-UCS'>, 6
DEBUG 2025-03-27 19:42:40,603 cmapdb get_unichr: <UnicodeMap: /'Adobe-Identity-UCS'>, 4
DEBUG 2025-03-27 19:42:40,603 psparser nexttoken: (8101, /b'ET')
DEBUG 2025-03-27 19:42:40,604 psparser do_keyword: pos=8101, token=/b'ET', stack=[]
DEBUG 2025-03-27 19:42:40,604 psparser add_results: ((8101, /b'ET'),)
DEBUG 2025-03-27 19:42:40,604 psparser nextobject: (8101, /b'ET')
DEBUG 2025-03-27 19:42:40,604 pdfinterp exec: ET
DEBUG 2025-03-27 19:42:40,604 psparser nexttoken: (8104, /b'EMC')
DEBUG 2025-03-27 19:42:40,604 psparser do_keyword: pos=8104, token=/b'EMC', stack=[]
DEBUG 2025-03-27 19:42:40,604 psparser add_results: ((8104, /b'EMC'),)
DEBUG 2025-03-27 19:42:40,604 psparser nextobject: (8104, /b'EMC')
DEBUG 2025-03-27 19:42:40,604 pdfinterp exec: EMC
DEBUG 2025-03-27 19:42:40,604 psparser nexttoken: (8108, /'P')
DEBUG 2025-03-27 19:42:40,604 psparser add_results: ((8108, /'P'),)
DEBUG 2025-03-27 19:42:40,604 psparser nextobject: (8108, /'P')
DEBUG 2025-03-27 19:42:40,605 psparser nexttoken: (8111, /b'<<')
DEBUG 2025-03-27 19:42:40,605 psparser start_type: pos=8111, type='d'
DEBUG 2025-03-27 19:42:40,605 psparser nexttoken: (8113, /'MCID')
DEBUG 2025-03-27 19:42:40,605 psparser nexttoken: (8119, 35)
DEBUG 2025-03-27 19:42:40,605 psparser nexttoken: (8121, /b'>>')
DEBUG 2025-03-27 19:42:40,605 psparser end_type: pos=8111, type='d', objs=[/'MCID', 35]
DEBUG 2025-03-27 19:42:40,605 psparser add_results: ((8111, {'MCID': 35}),)
DEBUG 2025-03-27 19:42:40,605 psparser nextobject: (8111, {'MCID': 35})
DEBUG 2025-03-27 19:42:40,606 psparser nexttoken: (8124, /b'BDC')
DEBUG 2025-03-27 19:42:40,606 psparser do_keyword: pos=8124, token=/b'BDC', stack=[]
DEBUG 2025-03-27 19:42:40,606 psparser add_results: ((8124, /b'BDC'),)
DEBUG 2025-03-27 19:42:40,606 psparser nextobject: (8124, /b'BDC')
DEBUG 2025-03-27 19:42:40,607 pdfinterp exec: BDC [/'P', {'MCID': 35}]
DEBUG 2025-03-27 19:42:40,607 psparser nexttoken: (8128, /b'BT')
DEBUG 2025-03-27 19:42:40,607 psparser do_keyword: pos=8128, token=/b'BT', stack=[]
DEBUG 2025-03-27 19:42:40,607 psparser add_results: ((8128, /b'BT'),)
DEBUG 2025-03-27 19:42:40,607 psparser nextobject: (8128, /b'BT')
DEBUG 2025-03-27 19:42:40,608 pdfinterp exec: BT
DEBUG 2025-03-27 19:42:40,608 psparser nexttoken: (8131, /'F15')
DEBUG 2025-03-27 19:42:40,608 psparser add_results: ((8131, /'F15'),)
DEBUG 2025-03-27 19:42:40,608 psparser nextobject: (8131, /'F15')
DEBUG 2025-03-27 19:42:40,609 psparser nexttoken: (8136, 12)
DEBUG 2025-03-27 19:42:40,609 psparser add_results: ((8136, 12),)
DEBUG 2025-03-27 19:42:40,609 psparser nextobject: (8136, 12)
DEBUG 2025-03-27 19:42:40,609 psparser nexttoken: (8139, /b'Tf')
DEBUG 2025-03-27 19:42:40,609 psparser do_keyword: pos=8139, token=/b'Tf', stack=[]
DEBUG 2025-03-27 19:42:40,609 psparser add_results: ((8139, /b'Tf'),)
DEBUG 2025-03-27 19:42:40,610 psparser nextobject: (8139, /b'Tf')
DEBUG 2025-03-27 19:42:40,610 pdfinterp exec: Tf [/'F15', 12]
DEBUG 2025-03-27 19:42:40,611 psparser nexttoken: (8142, 1)
DEBUG 2025-03-27 19:42:40,611 psparser add_results: ((8142, 1),)
DEBUG 2025-03-27 19:42:40,611 psparser nextobject: (8142, 1)
DEBUG 2025-03-27 19:42:40,612 psparser nexttoken: (8144, 0)
DEBUG 2025-03-27 19:42:40,612 psparser add_results: ((8144, 0),)
DEBUG 2025-03-27 19:42:40,612 psparser nextobject: (8144, 0)
DEBUG 2025-03-27 19:42:40,612 psparser nexttoken: (8146, 0)
DEBUG 2025-03-27 19:42:40,612 psparser add_results: ((8146, 0),)
DEBUG 2025-03-27 19:42:40,612 psparser nextobject: (8146, 0)
DEBUG 2025-03-27 19:42:40,612 psparser nexttoken: (8148, -1)
DEBUG 2025-03-27 19:42:40,612 psparser add_results: ((8148, -1),)
DEBUG 2025-03-27 19:42:40,613 psparser nextobject: (8148, -1)
DEBUG 2025-03-27 19:42:40,613 psparser nexttoken: (8151, 0)
DEBUG 2025-03-27 19:42:40,613 psparser add_results: ((8151, 0),)
DEBUG 2025-03-27 19:42:40,613 psparser nextobject: (8151, 0)
DEBUG 2025-03-27 19:42:40,613 psparser nexttoken: (8153, 442.41400146)
DEBUG 2025-03-27 19:42:40,613 psparser add_results: ((8153, 442.41400146),)
DEBUG 2025-03-27 19:42:40,613 psparser nextobject: (8153, 442.41400146)
DEBUG 2025-03-27 19:42:40,613 psparser nexttoken: (8166, /b'Tm')
DEBUG 2025-03-27 19:42:40,613 psparser do_keyword: pos=8166, token=/b'Tm', stack=[]
DEBUG 2025-03-27 19:42:40,614 psparser add_results: ((8166, /b'Tm'),)
DEBUG 2025-03-27 19:42:40,614 psparser nextobject: (8166, /b'Tm')
DEBUG 2025-03-27 19:42:40,614 pdfinterp exec: Tm [1, 0, 0, -1, 0, 442.41400146]
DEBUG 2025-03-27 19:42:40,614 psparser nexttoken: (8169, /b'[')
DEBUG 2025-03-27 19:42:40,614 psparser start_type: pos=8169, type='a'
DEBUG 2025-03-27 19:42:40,615 psparser nexttoken: (8170, b'\x00\x08\x00\x04\x00\x14\x00\x14\x00\x07\x00:\x00\x04\x00\x0f\x00\x07\x00\x06\x00\x0e\x00\x01\x00\x04\x00\x05\x00\x01\x00.\x00\x0f\x00\x04\x00;\x00\x0e\x00\x08\x00\x06\x00#\x00\x01\x00\x06\x00%\x00\x07\x00\x06\x00\x01\x00.\x00\x16\x00#\x00%\x00\x01\x00:\x00\x04\x00\x16\x00\x05\x00"\x00\x07\x00\x0f\x00$\x00\x0e\x00#\x00\x01\x00$\x00\x05\x00\x01\x00\x06\x00\x0e\x00\x08\x00%\x00\x05\x00\x04\x00\x14\x00\x04\x00&\x00\x15\x00\x01\x00\x07\x00\x05\x00"')
DEBUG 2025-03-27 19:42:40,615 psparser nexttoken: (8420, /b']')
DEBUG 2025-03-27 19:42:40,615 psparser end_type: pos=8169, type='a', objs=[b'\x00\x08\x00\x04\x00\x14\x00\x14\x00\x07\x00:\x00\x04\x00\x0f\x00\x07\x00\x06\x00\x0e\x00\x01\x00\x04\x00\x05\x00\x01\x00.\x00\x0f\x00\x04\x00;\x00\x0e\x00\x08\x00\x06\x00#\x00\x01\x00\x06\x00%\x00\x07\x00\x06\x00\x01\x00.\x00\x16\x00#\x00%\x00\x01\x00:\x00\x04\x00\x16\x00\x05\x00"\x00\x07\x00\x0f\x00$\x00\x0e\x00#\x00\x01\x00$\x00\x05\x00\x01\x00\x06\x00\x0e\x00\x08\x00%\x00\x05\x00\x04\x00\x14\x00\x04\x00&\x00\x15\x00\x01\x00\x07\x00\x05\x00"']
DEBUG 2025-03-27 19:42:40,615 psparser add_results: ((8169, [b'\x00\x08\x00\x04\x00\x14\x00\x14\x00\x07\x00:\x00\x04\x00\x0f\x00\x07\x00\x06\x00\x0e\x00\x01\x00\x04\x00\x05\x00\x01\x00.\x00\x0f\x00\x04\x00;\x00\x0e\x00\x08\x00\x06\x00#\x00\x01\x00\x06\x00%\x00\x07\x00\x06\x00\x01\x00.\x00\x16\x00#\x00%\x00\x01\x00:\x00\x04\x00\x16\x00\x05\x00"\x00\x07\x00\x0f\x00$\x00\x0e\x00#\x00\x01\x00$\x00\x05\x00\x01\x00\x06\x00\x0e\x00\x08\x00%\x00\x05\x00\x04\x00\x14\x00\x04\x00&\x00\x15\x00\x01\x00\x07\x00\x05\x00"']),)
DEBUG 2025-03-27 19:42:40,616 psparser nextobject: (8169, [b'\x00\x08\x00\x04\x00\x14\x00\x14\x00\x07\x00:\x00\x04\x00\x0f\x00\x07\x00\x06\x00\x0e\x00\x01\x00\x04\x00\x05\x00\x01\x00.\x00\x0f\x00\x04\x00;\x00\x0e\x00\x08\x00\x06\x00#\x00\x01\x00\x06\x00%\x00\x07\x00\x06\x00\x01\x00.\x00\x16\x00#\x00%\x00\x01\x00:\x00\x04\x00\x16\x00\x05\x00"\x00\x07\x00\x0f\x00$\x00\x0e\x00#\x00\x01\x00$\x00\x05\x00\x01\x00\x06\x00\x0e\x00\x08\x00%\x00\x05\x00\x04\x00\x14\x00\x04\x00&\x00\x15\x00\x01\x00\x07\x00\x05\x00"'])
DEBUG 2025-03-27 19:42:40,616 psparser nexttoken: (8422, /b'TJ')
DEBUG 2025-03-27 19:42:40,616 psparser do_keyword: pos=8422, token=/b'TJ', stack=[]
DEBUG 2025-03-27 19:42:40,616 psparser add_results: ((8422, /b'TJ'),)
DEBUG 2025-03-27 19:42:40,616 psparser nextobject: (8422, /b'TJ')
DEBUG 2025-03-27 19:42:40,616 pdfinterp exec: TJ [[b'\x00\x08\x00\x04\x00\x14\x00\x14\x00\x07\x00:\x00\x04\x00\x0f\x00\x07\x00\x06\x00\x0e\x00\x01\x00\x04\x00\x05\x00\x01\x00.\x00\x0f\x00\x04\x00;\x00\x0e\x00\x08\x00\x06\x00#\x00\x01\x00\x06\x00%\x00\x07\x00\x06\x00\x01\x00.\x00\x16\x00#\x00%\x00\x01\x00:\x00\x04\x00\x16\x00\x05\x00"\x00\x07\x00\x0f\x00$\x00\x0e\x00#\x00\x01\x00$\x00\x05\x00\x01\x00\x06\x00\x0e\x00\x08\x00%\x00\x05\x00\x04\x00\x14\x00\x04\x00&\x00\x15\x00\x01\x00\x07\x00\x05\x00"']]
DEBUG 2025-03-27 19:42:40,616 cmapdb get_unichr: <UnicodeMap: /'Adobe-Identity-UCS'>, 8
DEBUG 2025-03-27 19:42:40,616 cmapdb get_unichr: <UnicodeMap: /'Adobe-Identity-UCS'>, 4
DEBUG 2025-03-27 19:42:40,616 cmapdb get_unichr: <UnicodeMap: /'Adobe-Identity-UCS'>, 20
DEBUG 2025-03-27 19:42:40,616 cmapdb get_unichr: <UnicodeMap: /'Adobe-Identity-UCS'>, 20
DEBUG 2025-03-27 19:42:40,617 cmapdb get_unichr: <UnicodeMap: /'Adobe-Identity-UCS'>, 7
DEBUG 2025-03-27 19:42:40,617 cmapdb get_unichr: <UnicodeMap: /'Adobe-Identity-UCS'>, 58
DEBUG 2025-03-27 19:42:40,617 cmapdb get_unichr: <UnicodeMap: /'Adobe-Identity-UCS'>, 4
DEBUG 2025-03-27 19:42:40,617 cmapdb get_unichr: <UnicodeMap: /'Adobe-Identity-UCS'>, 15
DEBUG 2025-03-27 19:42:40,617 cmapdb get_unichr: <UnicodeMap: /'Adobe-Identity-UCS'>, 7
DEBUG 2025-03-27 19:42:40,617 cmapdb get_unichr: <UnicodeMap: /'Adobe-Identity-UCS'>, 6
DEBUG 2025-03-27 19:42:40,618 cmapdb get_unichr: <UnicodeMap: /'Adobe-Identity-UCS'>, 14
DEBUG 2025-03-27 19:42:40,618 cmapdb get_unichr: <UnicodeMap: /'Adobe-Identity-UCS'>, 1
DEBUG 2025-03-27 19:42:40,618 cmapdb get_unichr: <UnicodeMap: /'Adobe-Identity-UCS'>, 4
DEBUG 2025-03-27 19:42:40,618 cmapdb get_unichr: <UnicodeMap: /'Adobe-Identity-UCS'>, 5
DEBUG 2025-03-27 19:42:40,618 cmapdb get_unichr: <UnicodeMap: /'Adobe-Identity-UCS'>, 1
DEBUG 2025-03-27 19:42:40,618 cmapdb get_unichr: <UnicodeMap: /'Adobe-Identity-UCS'>, 46
DEBUG 2025-03-27 19:42:40,618 cmapdb get_unichr: <UnicodeMap: /'Adobe-Identity-UCS'>, 15
DEBUG 2025-03-27 19:42:40,618 cmapdb get_unichr: <UnicodeMap: /'Adobe-Identity-UCS'>, 4
DEBUG 2025-03-27 19:42:40,618 cmapdb get_unichr: <UnicodeMap: /'Adobe-Identity-UCS'>, 59
DEBUG 2025-03-27 19:42:40,618 cmapdb get_unichr: <UnicodeMap: /'Adobe-Identity-UCS'>, 14
DEBUG 2025-03-27 19:42:40,618 cmapdb get_unichr: <UnicodeMap: /'Adobe-Identity-UCS'>, 8
DEBUG 2025-03-27 19:42:40,618 cmapdb get_unichr: <UnicodeMap: /'Adobe-Identity-UCS'>, 6
DEBUG 2025-03-27 19:42:40,618 cmapdb get_unichr: <UnicodeMap: /'Adobe-Identity-UCS'>, 35
DEBUG 2025-03-27 19:42:40,618 cmapdb get_unichr: <UnicodeMap: /'Adobe-Identity-UCS'>, 1
DEBUG 2025-03-27 19:42:40,618 cmapdb get_unichr: <UnicodeMap: /'Adobe-Identity-UCS'>, 6
DEBUG 2025-03-27 19:42:40,618 cmapdb get_unichr: <UnicodeMap: /'Adobe-Identity-UCS'>, 37
DEBUG 2025-03-27 19:42:40,618 cmapdb get_unichr: <UnicodeMap: /'Adobe-Identity-UCS'>, 7
DEBUG 2025-03-27 19:42:40,618 cmapdb get_unichr: <UnicodeMap: /'Adobe-Identity-UCS'>, 6
DEBUG 2025-03-27 19:42:40,619 cmapdb get_unichr: <UnicodeMap: /'Adobe-Identity-UCS'>, 1
DEBUG 2025-03-27 19:42:40,619 cmapdb get_unichr: <UnicodeMap: /'Adobe-Identity-UCS'>, 46
DEBUG 2025-03-27 19:42:40,619 cmapdb get_unichr: <UnicodeMap: /'Adobe-Identity-UCS'>, 22
DEBUG 2025-03-27 19:42:40,619 cmapdb get_unichr: <UnicodeMap: /'Adobe-Identity-UCS'>, 35
DEBUG 2025-03-27 19:42:40,619 cmapdb get_unichr: <UnicodeMap: /'Adobe-Identity-UCS'>, 37
DEBUG 2025-03-27 19:42:40,619 cmapdb get_unichr: <UnicodeMap: /'Adobe-Identity-UCS'>, 1
DEBUG 2025-03-27 19:42:40,619 cmapdb get_unichr: <UnicodeMap: /'Adobe-Identity-UCS'>, 58
DEBUG 2025-03-27 19:42:40,619 cmapdb get_unichr: <UnicodeMap: /'Adobe-Identity-UCS'>, 4
DEBUG 2025-03-27 19:42:40,619 cmapdb get_unichr: <UnicodeMap: /'Adobe-Identity-UCS'>, 22
DEBUG 2025-03-27 19:42:40,620 cmapdb get_unichr: <UnicodeMap: /'Adobe-Identity-UCS'>, 5
DEBUG 2025-03-27 19:42:40,620 cmapdb get_unichr: <UnicodeMap: /'Adobe-Identity-UCS'>, 34
DEBUG 2025-03-27 19:42:40,620 cmapdb get_unichr: <UnicodeMap: /'Adobe-Identity-UCS'>, 7
DEBUG 2025-03-27 19:42:40,620 cmapdb get_unichr: <UnicodeMap: /'Adobe-Identity-UCS'>, 15
DEBUG 2025-03-27 19:42:40,620 cmapdb get_unichr: <UnicodeMap: /'Adobe-Identity-UCS'>, 36
DEBUG 2025-03-27 19:42:40,620 cmapdb get_unichr: <UnicodeMap: /'Adobe-Identity-UCS'>, 14
DEBUG 2025-03-27 19:42:40,620 cmapdb get_unichr: <UnicodeMap: /'Adobe-Identity-UCS'>, 35
DEBUG 2025-03-27 19:42:40,620 cmapdb get_unichr: <UnicodeMap: /'Adobe-Identity-UCS'>, 1
DEBUG 2025-03-27 19:42:40,620 cmapdb get_unichr: <UnicodeMap: /'Adobe-Identity-UCS'>, 36
DEBUG 2025-03-27 19:42:40,620 cmapdb get_unichr: <UnicodeMap: /'Adobe-Identity-UCS'>, 5
DEBUG 2025-03-27 19:42:40,620 cmapdb get_unichr: <UnicodeMap: /'Adobe-Identity-UCS'>, 1
DEBUG 2025-03-27 19:42:40,620 cmapdb get_unichr: <UnicodeMap: /'Adobe-Identity-UCS'>, 6
DEBUG 2025-03-27 19:42:40,621 cmapdb get_unichr: <UnicodeMap: /'Adobe-Identity-UCS'>, 14
DEBUG 2025-03-27 19:42:40,621 cmapdb get_unichr: <UnicodeMap: /'Adobe-Identity-UCS'>, 8
DEBUG 2025-03-27 19:42:40,621 cmapdb get_unichr: <UnicodeMap: /'Adobe-Identity-UCS'>, 37
DEBUG 2025-03-27 19:42:40,621 cmapdb get_unichr: <UnicodeMap: /'Adobe-Identity-UCS'>, 5
DEBUG 2025-03-27 19:42:40,621 cmapdb get_unichr: <UnicodeMap: /'Adobe-Identity-UCS'>, 4
DEBUG 2025-03-27 19:42:40,621 cmapdb get_unichr: <UnicodeMap: /'Adobe-Identity-UCS'>, 20
DEBUG 2025-03-27 19:42:40,621 cmapdb get_unichr: <UnicodeMap: /'Adobe-Identity-UCS'>, 4
DEBUG 2025-03-27 19:42:40,622 cmapdb get_unichr: <UnicodeMap: /'Adobe-Identity-UCS'>, 38
DEBUG 2025-03-27 19:42:40,622 cmapdb get_unichr: <UnicodeMap: /'Adobe-Identity-UCS'>, 21
DEBUG 2025-03-27 19:42:40,622 cmapdb get_unichr: <UnicodeMap: /'Adobe-Identity-UCS'>, 1
DEBUG 2025-03-27 19:42:40,622 cmapdb get_unichr: <UnicodeMap: /'Adobe-Identity-UCS'>, 7
DEBUG 2025-03-27 19:42:40,622 cmapdb get_unichr: <UnicodeMap: /'Adobe-Identity-UCS'>, 5
DEBUG 2025-03-27 19:42:40,622 cmapdb get_unichr: <UnicodeMap: /'Adobe-Identity-UCS'>, 34
DEBUG 2025-03-27 19:42:40,622 psparser nexttoken: (8425, /b'ET')
DEBUG 2025-03-27 19:42:40,622 psparser do_keyword: pos=8425, token=/b'ET', stack=[]
DEBUG 2025-03-27 19:42:40,622 psparser add_results: ((8425, /b'ET'),)
DEBUG 2025-03-27 19:42:40,622 psparser nextobject: (8425, /b'ET')
DEBUG 2025-03-27 19:42:40,622 pdfinterp exec: ET
DEBUG 2025-03-27 19:42:40,623 psparser nexttoken: (8428, /b'EMC')
DEBUG 2025-03-27 19:42:40,623 psparser do_keyword: pos=8428, token=/b'EMC', stack=[]
DEBUG 2025-03-27 19:42:40,623 psparser add_results: ((8428, /b'EMC'),)
DEBUG 2025-03-27 19:42:40,623 psparser nextobject: (8428, /b'EMC')
DEBUG 2025-03-27 19:42:40,623 pdfinterp exec: EMC
DEBUG 2025-03-27 19:42:40,623 psparser nexttoken: (8432, /'P')
DEBUG 2025-03-27 19:42:40,623 psparser add_results: ((8432, /'P'),)
DEBUG 2025-03-27 19:42:40,623 psparser nextobject: (8432, /'P')
DEBUG 2025-03-27 19:42:40,623 psparser nexttoken: (8435, /b'<<')
DEBUG 2025-03-27 19:42:40,623 psparser start_type: pos=8435, type='d'
DEBUG 2025-03-27 19:42:40,623 psparser nexttoken: (8437, /'MCID')
DEBUG 2025-03-27 19:42:40,623 psparser nexttoken: (8443, 36)
DEBUG 2025-03-27 19:42:40,623 psparser nexttoken: (8445, /b'>>')
DEBUG 2025-03-27 19:42:40,625 psparser end_type: pos=8435, type='d', objs=[/'MCID', 36]
DEBUG 2025-03-27 19:42:40,625 psparser add_results: ((8435, {'MCID': 36}),)
DEBUG 2025-03-27 19:42:40,625 psparser nextobject: (8435, {'MCID': 36})
DEBUG 2025-03-27 19:42:40,625 psparser nexttoken: (8448, /b'BDC')
DEBUG 2025-03-27 19:42:40,625 psparser do_keyword: pos=8448, token=/b'BDC', stack=[]
DEBUG 2025-03-27 19:42:40,625 psparser add_results: ((8448, /b'BDC'),)
DEBUG 2025-03-27 19:42:40,625 psparser nextobject: (8448, /b'BDC')
DEBUG 2025-03-27 19:42:40,625 pdfinterp exec: BDC [/'P', {'MCID': 36}]
DEBUG 2025-03-27 19:42:40,625 psparser nexttoken: (8452, /b'BT')
DEBUG 2025-03-27 19:42:40,625 psparser do_keyword: pos=8452, token=/b'BT', stack=[]
DEBUG 2025-03-27 19:42:40,625 psparser add_results: ((8452, /b'BT'),)
DEBUG 2025-03-27 19:42:40,625 psparser nextobject: (8452, /b'BT')
DEBUG 2025-03-27 19:42:40,625 pdfinterp exec: BT
DEBUG 2025-03-27 19:42:40,625 psparser nexttoken: (8455, /'F15')
DEBUG 2025-03-27 19:42:40,625 psparser add_results: ((8455, /'F15'),)
DEBUG 2025-03-27 19:42:40,625 psparser nextobject: (8455, /'F15')
DEBUG 2025-03-27 19:42:40,625 psparser nexttoken: (8460, 12)
DEBUG 2025-03-27 19:42:40,625 psparser add_results: ((8460, 12),)
DEBUG 2025-03-27 19:42:40,625 psparser nextobject: (8460, 12)
DEBUG 2025-03-27 19:42:40,625 psparser nexttoken: (8463, /b'Tf')
DEBUG 2025-03-27 19:42:40,625 psparser do_keyword: pos=8463, token=/b'Tf', stack=[]
DEBUG 2025-03-27 19:42:40,625 psparser add_results: ((8463, /b'Tf'),)
DEBUG 2025-03-27 19:42:40,625 psparser nextobject: (8463, /b'Tf')
DEBUG 2025-03-27 19:42:40,625 pdfinterp exec: Tf [/'F15', 12]
DEBUG 2025-03-27 19:42:40,625 psparser nexttoken: (8466, 1)
DEBUG 2025-03-27 19:42:40,625 psparser add_results: ((8466, 1),)
DEBUG 2025-03-27 19:42:40,625 psparser nextobject: (8466, 1)
DEBUG 2025-03-27 19:42:40,627 psparser nexttoken: (8468, 0)
DEBUG 2025-03-27 19:42:40,627 psparser add_results: ((8468, 0),)
DEBUG 2025-03-27 19:42:40,627 psparser nextobject: (8468, 0)
DEBUG 2025-03-27 19:42:40,627 psparser nexttoken: (8470, 0)
DEBUG 2025-03-27 19:42:40,627 psparser add_results: ((8470, 0),)
DEBUG 2025-03-27 19:42:40,627 psparser nextobject: (8470, 0)
DEBUG 2025-03-27 19:42:40,627 psparser nexttoken: (8472, -1)
DEBUG 2025-03-27 19:42:40,627 psparser add_results: ((8472, -1),)
DEBUG 2025-03-27 19:42:40,627 psparser nextobject: (8472, -1)
DEBUG 2025-03-27 19:42:40,627 psparser nexttoken: (8475, 0)
DEBUG 2025-03-27 19:42:40,627 psparser add_results: ((8475, 0),)
DEBUG 2025-03-27 19:42:40,627 psparser nextobject: (8475, 0)
DEBUG 2025-03-27 19:42:40,627 psparser nexttoken: (8477, 460.41400146)
DEBUG 2025-03-27 19:42:40,627 psparser add_results: ((8477, 460.41400146),)
DEBUG 2025-03-27 19:42:40,627 psparser nextobject: (8477, 460.41400146)
DEBUG 2025-03-27 19:42:40,627 psparser nexttoken: (8490, /b'Tm')
DEBUG 2025-03-27 19:42:40,627 psparser do_keyword: pos=8490, token=/b'Tm', stack=[]
DEBUG 2025-03-27 19:42:40,627 psparser add_results: ((8490, /b'Tm'),)
DEBUG 2025-03-27 19:42:40,627 psparser nextobject: (8490, /b'Tm')
DEBUG 2025-03-27 19:42:40,628 pdfinterp exec: Tm [1, 0, 0, -1, 0, 460.41400146]
DEBUG 2025-03-27 19:42:40,628 psparser nexttoken: (8493, /b'[')
DEBUG 2025-03-27 19:42:40,628 psparser start_type: pos=8493, type='a'
DEBUG 2025-03-27 19:42:40,628 psparser nexttoken: (8494, b'\x00#\x00%\x00\x04\x00\x18\x00\x08\x00\x07\x00#\x00\x0e\x00\x01\x00\x08\x00\x0f\x00\x0e\x00\x07\x00\x06\x00$\x007\x00\x0e\x00\x01\x00.\x00\x0f\x00\x04\x00:\x00\x14\x00\x0e\x00 \x00\x02\x00#\x00\x04\x00\x14\x007\x00$\x00\x05\x00&\x00\x19\x00\x01\x00?\x00\x0e\x00\x0e\x00\x14\x00\x01\x000\x00\x0f\x00\x0e\x00\x0e\x00\x01\x00\x06\x00\x04\x00\x01\x00\x08\x00\x04\x00\x05\x00\x05\x00\x0e\x00\x08\x00\x06\x00\x01\x00\x18\x00$\x00\x06\x00%\x00\x01\x00 \x00\x0e\x00@')
DEBUG 2025-03-27 19:42:40,628 psparser nexttoken: (8752, /b']')
DEBUG 2025-03-27 19:42:40,630 psparser end_type: pos=8493, type='a', objs=[b'\x00#\x00%\x00\x04\x00\x18\x00\x08\x00\x07\x00#\x00\x0e\x00\x01\x00\x08\x00\x0f\x00\x0e\x00\x07\x00\x06\x00$\x007\x00\x0e\x00\x01\x00.\x00\x0f\x00\x04\x00:\x00\x14\x00\x0e\x00 \x00\x02\x00#\x00\x04\x00\x14\x007\x00$\x00\x05\x00&\x00\x19\x00\x01\x00?\x00\x0e\x00\x0e\x00\x14\x00\x01\x000\x00\x0f\x00\x0e\x00\x0e\x00\x01\x00\x06\x00\x04\x00\x01\x00\x08\x00\x04\x00\x05\x00\x05\x00\x0e\x00\x08\x00\x06\x00\x01\x00\x18\x00$\x00\x06\x00%\x00\x01\x00 \x00\x0e\x00@']
DEBUG 2025-03-27 19:42:40,630 psparser add_results: ((8493, [b'\x00#\x00%\x00\x04\x00\x18\x00\x08\x00\x07\x00#\x00\x0e\x00\x01\x00\x08\x00\x0f\x00\x0e\x00\x07\x00\x06\x00$\x007\x00\x0e\x00\x01\x00.\x00\x0f\x00\x04\x00:\x00\x14\x00\x0e\x00 \x00\x02\x00#\x00\x04\x00\x14\x007\x00$\x00\x05\x00&\x00\x19\x00\x01\x00?\x00\x0e\x00\x0e\x00\x14\x00\x01\x000\x00\x0f\x00\x0e\x00\x0e\x00\x01\x00\x06\x00\x04\x00\x01\x00\x08\x00\x04\x00\x05\x00\x05\x00\x0e\x00\x08\x00\x06\x00\x01\x00\x18\x00$\x00\x06\x00%\x00\x01\x00 \x00\x0e\x00@']),)
DEBUG 2025-03-27 19:42:40,630 psparser nextobject: (8493, [b'\x00#\x00%\x00\x04\x00\x18\x00\x08\x00\x07\x00#\x00\x0e\x00\x01\x00\x08\x00\x0f\x00\x0e\x00\x07\x00\x06\x00$\x007\x00\x0e\x00\x01\x00.\x00\x0f\x00\x04\x00:\x00\x14\x00\x0e\x00 \x00\x02\x00#\x00\x04\x00\x14\x007\x00$\x00\x05\x00&\x00\x19\x00\x01\x00?\x00\x0e\x00\x0e\x00\x14\x00\x01\x000\x00\x0f\x00\x0e\x00\x0e\x00\x01\x00\x06\x00\x04\x00\x01\x00\x08\x00\x04\x00\x05\x00\x05\x00\x0e\x00\x08\x00\x06\x00\x01\x00\x18\x00$\x00\x06\x00%\x00\x01\x00 \x00\x0e\x00@'])
DEBUG 2025-03-27 19:42:40,630 psparser nexttoken: (8754, /b'TJ')
DEBUG 2025-03-27 19:42:40,630 psparser do_keyword: pos=8754, token=/b'TJ', stack=[]
DEBUG 2025-03-27 19:42:40,630 psparser add_results: ((8754, /b'TJ'),)
DEBUG 2025-03-27 19:42:40,630 psparser nextobject: (8754, /b'TJ')
DEBUG 2025-03-27 19:42:40,630 pdfinterp exec: TJ [[b'\x00#\x00%\x00\x04\x00\x18\x00\x08\x00\x07\x00#\x00\x0e\x00\x01\x00\x08\x00\x0f\x00\x0e\x00\x07\x00\x06\x00$\x007\x00\x0e\x00\x01\x00.\x00\x0f\x00\x04\x00:\x00\x14\x00\x0e\x00 \x00\x02\x00#\x00\x04\x00\x14\x007\x00$\x00\x05\x00&\x00\x19\x00\x01\x00?\x00\x0e\x00\x0e\x00\x14\x00\x01\x000\x00\x0f\x00\x0e\x00\x0e\x00\x01\x00\x06\x00\x04\x00\x01\x00\x08\x00\x04\x00\x05\x00\x05\x00\x0e\x00\x08\x00\x06\x00\x01\x00\x18\x00$\x00\x06\x00%\x00\x01\x00 \x00\x0e\x00@']]
DEBUG 2025-03-27 19:42:40,630 cmapdb get_unichr: <UnicodeMap: /'Adobe-Identity-UCS'>, 35
DEBUG 2025-03-27 19:42:40,631 cmapdb get_unichr: <UnicodeMap: /'Adobe-Identity-UCS'>, 37
DEBUG 2025-03-27 19:42:40,631 cmapdb get_unichr: <UnicodeMap: /'Adobe-Identity-UCS'>, 4
DEBUG 2025-03-27 19:42:40,631 cmapdb get_unichr: <UnicodeMap: /'Adobe-Identity-UCS'>, 24
DEBUG 2025-03-27 19:42:40,631 cmapdb get_unichr: <UnicodeMap: /'Adobe-Identity-UCS'>, 8
DEBUG 2025-03-27 19:42:40,631 cmapdb get_unichr: <UnicodeMap: /'Adobe-Identity-UCS'>, 7
DEBUG 2025-03-27 19:42:40,631 cmapdb get_unichr: <UnicodeMap: /'Adobe-Identity-UCS'>, 35
DEBUG 2025-03-27 19:42:40,631 cmapdb get_unichr: <UnicodeMap: /'Adobe-Identity-UCS'>, 14
DEBUG 2025-03-27 19:42:40,631 cmapdb get_unichr: <UnicodeMap: /'Adobe-Identity-UCS'>, 1
DEBUG 2025-03-27 19:42:40,631 cmapdb get_unichr: <UnicodeMap: /'Adobe-Identity-UCS'>, 8
DEBUG 2025-03-27 19:42:40,632 cmapdb get_unichr: <UnicodeMap: /'Adobe-Identity-UCS'>, 15
DEBUG 2025-03-27 19:42:40,632 cmapdb get_unichr: <UnicodeMap: /'Adobe-Identity-UCS'>, 14
DEBUG 2025-03-27 19:42:40,632 cmapdb get_unichr: <UnicodeMap: /'Adobe-Identity-UCS'>, 7
DEBUG 2025-03-27 19:42:40,633 cmapdb get_unichr: <UnicodeMap: /'Adobe-Identity-UCS'>, 6
DEBUG 2025-03-27 19:42:40,633 cmapdb get_unichr: <UnicodeMap: /'Adobe-Identity-UCS'>, 36
DEBUG 2025-03-27 19:42:40,633 cmapdb get_unichr: <UnicodeMap: /'Adobe-Identity-UCS'>, 55
DEBUG 2025-03-27 19:42:40,633 cmapdb get_unichr: <UnicodeMap: /'Adobe-Identity-UCS'>, 14
DEBUG 2025-03-27 19:42:40,633 cmapdb get_unichr: <UnicodeMap: /'Adobe-Identity-UCS'>, 1
DEBUG 2025-03-27 19:42:40,633 cmapdb get_unichr: <UnicodeMap: /'Adobe-Identity-UCS'>, 46
DEBUG 2025-03-27 19:42:40,633 cmapdb get_unichr: <UnicodeMap: /'Adobe-Identity-UCS'>, 15
DEBUG 2025-03-27 19:42:40,633 cmapdb get_unichr: <UnicodeMap: /'Adobe-Identity-UCS'>, 4
DEBUG 2025-03-27 19:42:40,633 cmapdb get_unichr: <UnicodeMap: /'Adobe-Identity-UCS'>, 58
DEBUG 2025-03-27 19:42:40,633 cmapdb get_unichr: <UnicodeMap: /'Adobe-Identity-UCS'>, 20
DEBUG 2025-03-27 19:42:40,633 cmapdb get_unichr: <UnicodeMap: /'Adobe-Identity-UCS'>, 14
DEBUG 2025-03-27 19:42:40,633 cmapdb get_unichr: <UnicodeMap: /'Adobe-Identity-UCS'>, 32
DEBUG 2025-03-27 19:42:40,634 cmapdb get_unichr: <UnicodeMap: /'Adobe-Identity-UCS'>, 2
DEBUG 2025-03-27 19:42:40,634 cmapdb get_unichr: <UnicodeMap: /'Adobe-Identity-UCS'>, 35
DEBUG 2025-03-27 19:42:40,634 cmapdb get_unichr: <UnicodeMap: /'Adobe-Identity-UCS'>, 4
DEBUG 2025-03-27 19:42:40,634 cmapdb get_unichr: <UnicodeMap: /'Adobe-Identity-UCS'>, 20
DEBUG 2025-03-27 19:42:40,634 cmapdb get_unichr: <UnicodeMap: /'Adobe-Identity-UCS'>, 55
DEBUG 2025-03-27 19:42:40,634 cmapdb get_unichr: <UnicodeMap: /'Adobe-Identity-UCS'>, 36
DEBUG 2025-03-27 19:42:40,634 cmapdb get_unichr: <UnicodeMap: /'Adobe-Identity-UCS'>, 5
DEBUG 2025-03-27 19:42:40,634 cmapdb get_unichr: <UnicodeMap: /'Adobe-Identity-UCS'>, 38
DEBUG 2025-03-27 19:42:40,634 cmapdb get_unichr: <UnicodeMap: /'Adobe-Identity-UCS'>, 25
DEBUG 2025-03-27 19:42:40,635 cmapdb get_unichr: <UnicodeMap: /'Adobe-Identity-UCS'>, 1
DEBUG 2025-03-27 19:42:40,635 cmapdb get_unichr: <UnicodeMap: /'Adobe-Identity-UCS'>, 63
DEBUG 2025-03-27 19:42:40,635 cmapdb get_unichr: <UnicodeMap: /'Adobe-Identity-UCS'>, 14
DEBUG 2025-03-27 19:42:40,635 cmapdb get_unichr: <UnicodeMap: /'Adobe-Identity-UCS'>, 14
DEBUG 2025-03-27 19:42:40,635 cmapdb get_unichr: <UnicodeMap: /'Adobe-Identity-UCS'>, 20
DEBUG 2025-03-27 19:42:40,635 cmapdb get_unichr: <UnicodeMap: /'Adobe-Identity-UCS'>, 1
DEBUG 2025-03-27 19:42:40,635 cmapdb get_unichr: <UnicodeMap: /'Adobe-Identity-UCS'>, 48
DEBUG 2025-03-27 19:42:40,635 cmapdb get_unichr: <UnicodeMap: /'Adobe-Identity-UCS'>, 15
DEBUG 2025-03-27 19:42:40,636 cmapdb get_unichr: <UnicodeMap: /'Adobe-Identity-UCS'>, 14
DEBUG 2025-03-27 19:42:40,636 cmapdb get_unichr: <UnicodeMap: /'Adobe-Identity-UCS'>, 14
DEBUG 2025-03-27 19:42:40,636 cmapdb get_unichr: <UnicodeMap: /'Adobe-Identity-UCS'>, 1
DEBUG 2025-03-27 19:42:40,636 cmapdb get_unichr: <UnicodeMap: /'Adobe-Identity-UCS'>, 6
DEBUG 2025-03-27 19:42:40,636 cmapdb get_unichr: <UnicodeMap: /'Adobe-Identity-UCS'>, 4
DEBUG 2025-03-27 19:42:40,636 cmapdb get_unichr: <UnicodeMap: /'Adobe-Identity-UCS'>, 1
DEBUG 2025-03-27 19:42:40,636 cmapdb get_unichr: <UnicodeMap: /'Adobe-Identity-UCS'>, 8
DEBUG 2025-03-27 19:42:40,636 cmapdb get_unichr: <UnicodeMap: /'Adobe-Identity-UCS'>, 4
DEBUG 2025-03-27 19:42:40,636 cmapdb get_unichr: <UnicodeMap: /'Adobe-Identity-UCS'>, 5
DEBUG 2025-03-27 19:42:40,637 cmapdb get_unichr: <UnicodeMap: /'Adobe-Identity-UCS'>, 5
DEBUG 2025-03-27 19:42:40,637 cmapdb get_unichr: <UnicodeMap: /'Adobe-Identity-UCS'>, 14
DEBUG 2025-03-27 19:42:40,637 cmapdb get_unichr: <UnicodeMap: /'Adobe-Identity-UCS'>, 8
DEBUG 2025-03-27 19:42:40,637 cmapdb get_unichr: <UnicodeMap: /'Adobe-Identity-UCS'>, 6
DEBUG 2025-03-27 19:42:40,637 cmapdb get_unichr: <UnicodeMap: /'Adobe-Identity-UCS'>, 1
DEBUG 2025-03-27 19:42:40,637 cmapdb get_unichr: <UnicodeMap: /'Adobe-Identity-UCS'>, 24
DEBUG 2025-03-27 19:42:40,637 cmapdb get_unichr: <UnicodeMap: /'Adobe-Identity-UCS'>, 36
DEBUG 2025-03-27 19:42:40,637 cmapdb get_unichr: <UnicodeMap: /'Adobe-Identity-UCS'>, 6
DEBUG 2025-03-27 19:42:40,637 cmapdb get_unichr: <UnicodeMap: /'Adobe-Identity-UCS'>, 37
DEBUG 2025-03-27 19:42:40,637 cmapdb get_unichr: <UnicodeMap: /'Adobe-Identity-UCS'>, 1
DEBUG 2025-03-27 19:42:40,638 cmapdb get_unichr: <UnicodeMap: /'Adobe-Identity-UCS'>, 32
DEBUG 2025-03-27 19:42:40,638 cmapdb get_unichr: <UnicodeMap: /'Adobe-Identity-UCS'>, 14
DEBUG 2025-03-27 19:42:40,638 cmapdb get_unichr: <UnicodeMap: /'Adobe-Identity-UCS'>, 64
DEBUG 2025-03-27 19:42:40,638 psparser nexttoken: (8757, /b'ET')
DEBUG 2025-03-27 19:42:40,638 psparser do_keyword: pos=8757, token=/b'ET', stack=[]
DEBUG 2025-03-27 19:42:40,638 psparser add_results: ((8757, /b'ET'),)
DEBUG 2025-03-27 19:42:40,638 psparser nextobject: (8757, /b'ET')
DEBUG 2025-03-27 19:42:40,638 pdfinterp exec: ET
DEBUG 2025-03-27 19:42:40,638 psparser nexttoken: (8760, /b'EMC')
DEBUG 2025-03-27 19:42:40,638 psparser do_keyword: pos=8760, token=/b'EMC', stack=[]
DEBUG 2025-03-27 19:42:40,639 psparser add_results: ((8760, /b'EMC'),)
DEBUG 2025-03-27 19:42:40,639 psparser nextobject: (8760, /b'EMC')
DEBUG 2025-03-27 19:42:40,639 pdfinterp exec: EMC
DEBUG 2025-03-27 19:42:40,639 psparser nexttoken: (8764, /'P')
DEBUG 2025-03-27 19:42:40,639 psparser add_results: ((8764, /'P'),)
DEBUG 2025-03-27 19:42:40,639 psparser nextobject: (8764, /'P')
DEBUG 2025-03-27 19:42:40,639 psparser nexttoken: (8767, /b'<<')
DEBUG 2025-03-27 19:42:40,639 psparser start_type: pos=8767, type='d'
DEBUG 2025-03-27 19:42:40,639 psparser nexttoken: (8769, /'MCID')
DEBUG 2025-03-27 19:42:40,639 psparser nexttoken: (8775, 37)
DEBUG 2025-03-27 19:42:40,639 psparser nexttoken: (8777, /b'>>')
DEBUG 2025-03-27 19:42:40,639 psparser end_type: pos=8767, type='d', objs=[/'MCID', 37]
DEBUG 2025-03-27 19:42:40,639 psparser add_results: ((8767, {'MCID': 37}),)
DEBUG 2025-03-27 19:42:40,639 psparser nextobject: (8767, {'MCID': 37})
DEBUG 2025-03-27 19:42:40,639 psparser nexttoken: (8780, /b'BDC')
DEBUG 2025-03-27 19:42:40,639 psparser do_keyword: pos=8780, token=/b'BDC', stack=[]
DEBUG 2025-03-27 19:42:40,640 psparser add_results: ((8780, /b'BDC'),)
DEBUG 2025-03-27 19:42:40,640 psparser nextobject: (8780, /b'BDC')
DEBUG 2025-03-27 19:42:40,640 pdfinterp exec: BDC [/'P', {'MCID': 37}]
DEBUG 2025-03-27 19:42:40,640 psparser nexttoken: (8784, /b'BT')
DEBUG 2025-03-27 19:42:40,641 psparser do_keyword: pos=8784, token=/b'BT', stack=[]
DEBUG 2025-03-27 19:42:40,641 psparser add_results: ((8784, /b'BT'),)
DEBUG 2025-03-27 19:42:40,641 psparser nextobject: (8784, /b'BT')
DEBUG 2025-03-27 19:42:40,641 pdfinterp exec: BT
DEBUG 2025-03-27 19:42:40,641 psparser nexttoken: (8787, /'F15')
DEBUG 2025-03-27 19:42:40,641 psparser add_results: ((8787, /'F15'),)
DEBUG 2025-03-27 19:42:40,642 psparser nextobject: (8787, /'F15')
DEBUG 2025-03-27 19:42:40,642 psparser nexttoken: (8792, 12)
DEBUG 2025-03-27 19:42:40,642 psparser add_results: ((8792, 12),)
DEBUG 2025-03-27 19:42:40,642 psparser nextobject: (8792, 12)
DEBUG 2025-03-27 19:42:40,642 psparser nexttoken: (8795, /b'Tf')
DEBUG 2025-03-27 19:42:40,642 psparser do_keyword: pos=8795, token=/b'Tf', stack=[]
DEBUG 2025-03-27 19:42:40,642 psparser add_results: ((8795, /b'Tf'),)
DEBUG 2025-03-27 19:42:40,642 psparser nextobject: (8795, /b'Tf')
DEBUG 2025-03-27 19:42:40,642 pdfinterp exec: Tf [/'F15', 12]
DEBUG 2025-03-27 19:42:40,642 psparser nexttoken: (8798, 1)
DEBUG 2025-03-27 19:42:40,642 psparser add_results: ((8798, 1),)
DEBUG 2025-03-27 19:42:40,643 psparser nextobject: (8798, 1)
DEBUG 2025-03-27 19:42:40,643 psparser nexttoken: (8800, 0)
DEBUG 2025-03-27 19:42:40,643 psparser add_results: ((8800, 0),)
DEBUG 2025-03-27 19:42:40,643 psparser nextobject: (8800, 0)
DEBUG 2025-03-27 19:42:40,644 psparser nexttoken: (8802, 0)
DEBUG 2025-03-27 19:42:40,644 psparser add_results: ((8802, 0),)
DEBUG 2025-03-27 19:42:40,644 psparser nextobject: (8802, 0)
DEBUG 2025-03-27 19:42:40,644 psparser nexttoken: (8804, -1)
DEBUG 2025-03-27 19:42:40,644 psparser add_results: ((8804, -1),)
DEBUG 2025-03-27 19:42:40,644 psparser nextobject: (8804, -1)
DEBUG 2025-03-27 19:42:40,644 psparser nexttoken: (8807, 0)
DEBUG 2025-03-27 19:42:40,644 psparser add_results: ((8807, 0),)
DEBUG 2025-03-27 19:42:40,645 psparser nextobject: (8807, 0)
DEBUG 2025-03-27 19:42:40,645 psparser nexttoken: (8809, 478.41400146)
DEBUG 2025-03-27 19:42:40,645 psparser add_results: ((8809, 478.41400146),)
DEBUG 2025-03-27 19:42:40,645 psparser nextobject: (8809, 478.41400146)
DEBUG 2025-03-27 19:42:40,645 psparser nexttoken: (8822, /b'Tm')
DEBUG 2025-03-27 19:42:40,645 psparser do_keyword: pos=8822, token=/b'Tm', stack=[]
DEBUG 2025-03-27 19:42:40,645 psparser add_results: ((8822, /b'Tm'),)
DEBUG 2025-03-27 19:42:40,645 psparser nextobject: (8822, /b'Tm')
DEBUG 2025-03-27 19:42:40,646 pdfinterp exec: Tm [1, 0, 0, -1, 0, 478.41400146]
DEBUG 2025-03-27 19:42:40,646 psparser nexttoken: (8825, /b'[')
DEBUG 2025-03-27 19:42:40,646 psparser start_type: pos=8825, type='a'
DEBUG 2025-03-27 19:42:40,646 psparser nexttoken: (8826, b'\x00,\x006\x00 \x00\x01\x00\x07\x00\x14\x00\x18\x00\x07\x00\x15\x00#\x00\x01\x00\x04\x00.\x00\x0e\x00\x05\x00\x01\x00\x06\x00\x04\x00\x01\x00 \x00\x0e\x00\x07\x00\x05\x00$\x00\x05\x00&\x000\x00\x16\x00\x14\x00\x01\x00"\x00$\x00#\x00\x08\x00\x16\x00#\x00#\x00$\x00\x04\x00\x05\x00#\x00\x01\x00\x07\x00\x05\x00"\x00\x01\x00\x05\x00\x0e\x00\x18\x00\x01\x00\x04\x00.\x00.\x00\x04\x00\x0f\x00\x06\x00\x16\x00\x05\x00$\x00\x06\x00$\x00\x0e\x00#\x005')
DEBUG 2025-03-27 19:42:40,646 psparser nexttoken: (9084, /b']')
DEBUG 2025-03-27 19:42:40,646 psparser end_type: pos=8825, type='a', objs=[b'\x00,\x006\x00 \x00\x01\x00\x07\x00\x14\x00\x18\x00\x07\x00\x15\x00#\x00\x01\x00\x04\x00.\x00\x0e\x00\x05\x00\x01\x00\x06\x00\x04\x00\x01\x00 \x00\x0e\x00\x07\x00\x05\x00$\x00\x05\x00&\x000\x00\x16\x00\x14\x00\x01\x00"\x00$\x00#\x00\x08\x00\x16\x00#\x00#\x00$\x00\x04\x00\x05\x00#\x00\x01\x00\x07\x00\x05\x00"\x00\x01\x00\x05\x00\x0e\x00\x18\x00\x01\x00\x04\x00.\x00.\x00\x04\x00\x0f\x00\x06\x00\x16\x00\x05\x00$\x00\x06\x00$\x00\x0e\x00#\x005']
DEBUG 2025-03-27 19:42:40,646 psparser add_results: ((8825, [b'\x00,\x006\x00 \x00\x01\x00\x07\x00\x14\x00\x18\x00\x07\x00\x15\x00#\x00\x01\x00\x04\x00.\x00\x0e\x00\x05\x00\x01\x00\x06\x00\x04\x00\x01\x00 \x00\x0e\x00\x07\x00\x05\x00$\x00\x05\x00&\x000\x00\x16\x00\x14\x00\x01\x00"\x00$\x00#\x00\x08\x00\x16\x00#\x00#\x00$\x00\x04\x00\x05\x00#\x00\x01\x00\x07\x00\x05\x00"\x00\x01\x00\x05\x00\x0e\x00\x18\x00\x01\x00\x04\x00.\x00.\x00\x04\x00\x0f\x00\x06\x00\x16\x00\x05\x00$\x00\x06\x00$\x00\x0e\x00#\x005']),)
DEBUG 2025-03-27 19:42:40,646 psparser nextobject: (8825, [b'\x00,\x006\x00 \x00\x01\x00\x07\x00\x14\x00\x18\x00\x07\x00\x15\x00#\x00\x01\x00\x04\x00.\x00\x0e\x00\x05\x00\x01\x00\x06\x00\x04\x00\x01\x00 \x00\x0e\x00\x07\x00\x05\x00$\x00\x05\x00&\x000\x00\x16\x00\x14\x00\x01\x00"\x00$\x00#\x00\x08\x00\x16\x00#\x00#\x00$\x00\x04\x00\x05\x00#\x00\x01\x00\x07\x00\x05\x00"\x00\x01\x00\x05\x00\x0e\x00\x18\x00\x01\x00\x04\x00.\x00.\x00\x04\x00\x0f\x00\x06\x00\x16\x00\x05\x00$\x00\x06\x00$\x00\x0e\x00#\x005'])
DEBUG 2025-03-27 19:42:40,646 psparser nexttoken: (9086, /b'TJ')
DEBUG 2025-03-27 19:42:40,647 psparser do_keyword: pos=9086, token=/b'TJ', stack=[]
DEBUG 2025-03-27 19:42:40,647 psparser add_results: ((9086, /b'TJ'),)
DEBUG 2025-03-27 19:42:40,647 psparser nextobject: (9086, /b'TJ')
DEBUG 2025-03-27 19:42:40,647 pdfinterp exec: TJ [[b'\x00,\x006\x00 \x00\x01\x00\x07\x00\x14\x00\x18\x00\x07\x00\x15\x00#\x00\x01\x00\x04\x00.\x00\x0e\x00\x05\x00\x01\x00\x06\x00\x04\x00\x01\x00 \x00\x0e\x00\x07\x00\x05\x00$\x00\x05\x00&\x000\x00\x16\x00\x14\x00\x01\x00"\x00$\x00#\x00\x08\x00\x16\x00#\x00#\x00$\x00\x04\x00\x05\x00#\x00\x01\x00\x07\x00\x05\x00"\x00\x01\x00\x05\x00\x0e\x00\x18\x00\x01\x00\x04\x00.\x00.\x00\x04\x00\x0f\x00\x06\x00\x16\x00\x05\x00$\x00\x06\x00$\x00\x0e\x00#\x005']]
DEBUG 2025-03-27 19:42:40,647 cmapdb get_unichr: <UnicodeMap: /'Adobe-Identity-UCS'>, 44
DEBUG 2025-03-27 19:42:40,647 cmapdb get_unichr: <UnicodeMap: /'Adobe-Identity-UCS'>, 54
DEBUG 2025-03-27 19:42:40,647 cmapdb get_unichr: <UnicodeMap: /'Adobe-Identity-UCS'>, 32
DEBUG 2025-03-27 19:42:40,647 cmapdb get_unichr: <UnicodeMap: /'Adobe-Identity-UCS'>, 1
DEBUG 2025-03-27 19:42:40,647 cmapdb get_unichr: <UnicodeMap: /'Adobe-Identity-UCS'>, 7
DEBUG 2025-03-27 19:42:40,647 cmapdb get_unichr: <UnicodeMap: /'Adobe-Identity-UCS'>, 20
DEBUG 2025-03-27 19:42:40,647 cmapdb get_unichr: <UnicodeMap: /'Adobe-Identity-UCS'>, 24
DEBUG 2025-03-27 19:42:40,648 cmapdb get_unichr: <UnicodeMap: /'Adobe-Identity-UCS'>, 7
DEBUG 2025-03-27 19:42:40,648 cmapdb get_unichr: <UnicodeMap: /'Adobe-Identity-UCS'>, 21
DEBUG 2025-03-27 19:42:40,648 cmapdb get_unichr: <UnicodeMap: /'Adobe-Identity-UCS'>, 35
DEBUG 2025-03-27 19:42:40,648 cmapdb get_unichr: <UnicodeMap: /'Adobe-Identity-UCS'>, 1
DEBUG 2025-03-27 19:42:40,648 cmapdb get_unichr: <UnicodeMap: /'Adobe-Identity-UCS'>, 4
DEBUG 2025-03-27 19:42:40,648 cmapdb get_unichr: <UnicodeMap: /'Adobe-Identity-UCS'>, 46
DEBUG 2025-03-27 19:42:40,648 cmapdb get_unichr: <UnicodeMap: /'Adobe-Identity-UCS'>, 14
DEBUG 2025-03-27 19:42:40,648 cmapdb get_unichr: <UnicodeMap: /'Adobe-Identity-UCS'>, 5
DEBUG 2025-03-27 19:42:40,648 cmapdb get_unichr: <UnicodeMap: /'Adobe-Identity-UCS'>, 1
DEBUG 2025-03-27 19:42:40,648 cmapdb get_unichr: <UnicodeMap: /'Adobe-Identity-UCS'>, 6
DEBUG 2025-03-27 19:42:40,648 cmapdb get_unichr: <UnicodeMap: /'Adobe-Identity-UCS'>, 4
DEBUG 2025-03-27 19:42:40,648 cmapdb get_unichr: <UnicodeMap: /'Adobe-Identity-UCS'>, 1
DEBUG 2025-03-27 19:42:40,648 cmapdb get_unichr: <UnicodeMap: /'Adobe-Identity-UCS'>, 32
DEBUG 2025-03-27 19:42:40,649 cmapdb get_unichr: <UnicodeMap: /'Adobe-Identity-UCS'>, 14
DEBUG 2025-03-27 19:42:40,649 cmapdb get_unichr: <UnicodeMap: /'Adobe-Identity-UCS'>, 7
DEBUG 2025-03-27 19:42:40,649 cmapdb get_unichr: <UnicodeMap: /'Adobe-Identity-UCS'>, 5
DEBUG 2025-03-27 19:42:40,649 cmapdb get_unichr: <UnicodeMap: /'Adobe-Identity-UCS'>, 36
DEBUG 2025-03-27 19:42:40,649 cmapdb get_unichr: <UnicodeMap: /'Adobe-Identity-UCS'>, 5
DEBUG 2025-03-27 19:42:40,649 cmapdb get_unichr: <UnicodeMap: /'Adobe-Identity-UCS'>, 38
DEBUG 2025-03-27 19:42:40,649 cmapdb get_unichr: <UnicodeMap: /'Adobe-Identity-UCS'>, 48
DEBUG 2025-03-27 19:42:40,649 cmapdb get_unichr: <UnicodeMap: /'Adobe-Identity-UCS'>, 22
DEBUG 2025-03-27 19:42:40,649 cmapdb get_unichr: <UnicodeMap: /'Adobe-Identity-UCS'>, 20
DEBUG 2025-03-27 19:42:40,649 cmapdb get_unichr: <UnicodeMap: /'Adobe-Identity-UCS'>, 1
DEBUG 2025-03-27 19:42:40,649 cmapdb get_unichr: <UnicodeMap: /'Adobe-Identity-UCS'>, 34
DEBUG 2025-03-27 19:42:40,649 cmapdb get_unichr: <UnicodeMap: /'Adobe-Identity-UCS'>, 36
DEBUG 2025-03-27 19:42:40,649 cmapdb get_unichr: <UnicodeMap: /'Adobe-Identity-UCS'>, 35
DEBUG 2025-03-27 19:42:40,649 cmapdb get_unichr: <UnicodeMap: /'Adobe-Identity-UCS'>, 8
DEBUG 2025-03-27 19:42:40,649 cmapdb get_unichr: <UnicodeMap: /'Adobe-Identity-UCS'>, 22
DEBUG 2025-03-27 19:42:40,649 cmapdb get_unichr: <UnicodeMap: /'Adobe-Identity-UCS'>, 35
DEBUG 2025-03-27 19:42:40,649 cmapdb get_unichr: <UnicodeMap: /'Adobe-Identity-UCS'>, 35
DEBUG 2025-03-27 19:42:40,649 cmapdb get_unichr: <UnicodeMap: /'Adobe-Identity-UCS'>, 36
DEBUG 2025-03-27 19:42:40,649 cmapdb get_unichr: <UnicodeMap: /'Adobe-Identity-UCS'>, 4
DEBUG 2025-03-27 19:42:40,649 cmapdb get_unichr: <UnicodeMap: /'Adobe-Identity-UCS'>, 5
DEBUG 2025-03-27 19:42:40,649 cmapdb get_unichr: <UnicodeMap: /'Adobe-Identity-UCS'>, 35
DEBUG 2025-03-27 19:42:40,649 cmapdb get_unichr: <UnicodeMap: /'Adobe-Identity-UCS'>, 1
DEBUG 2025-03-27 19:42:40,649 cmapdb get_unichr: <UnicodeMap: /'Adobe-Identity-UCS'>, 7
DEBUG 2025-03-27 19:42:40,649 cmapdb get_unichr: <UnicodeMap: /'Adobe-Identity-UCS'>, 5
DEBUG 2025-03-27 19:42:40,649 cmapdb get_unichr: <UnicodeMap: /'Adobe-Identity-UCS'>, 34
DEBUG 2025-03-27 19:42:40,649 cmapdb get_unichr: <UnicodeMap: /'Adobe-Identity-UCS'>, 1
DEBUG 2025-03-27 19:42:40,649 cmapdb get_unichr: <UnicodeMap: /'Adobe-Identity-UCS'>, 5
DEBUG 2025-03-27 19:42:40,650 cmapdb get_unichr: <UnicodeMap: /'Adobe-Identity-UCS'>, 14
DEBUG 2025-03-27 19:42:40,650 cmapdb get_unichr: <UnicodeMap: /'Adobe-Identity-UCS'>, 24
DEBUG 2025-03-27 19:42:40,650 cmapdb get_unichr: <UnicodeMap: /'Adobe-Identity-UCS'>, 1
DEBUG 2025-03-27 19:42:40,650 cmapdb get_unichr: <UnicodeMap: /'Adobe-Identity-UCS'>, 4
DEBUG 2025-03-27 19:42:40,650 cmapdb get_unichr: <UnicodeMap: /'Adobe-Identity-UCS'>, 46
DEBUG 2025-03-27 19:42:40,650 cmapdb get_unichr: <UnicodeMap: /'Adobe-Identity-UCS'>, 46
DEBUG 2025-03-27 19:42:40,650 cmapdb get_unichr: <UnicodeMap: /'Adobe-Identity-UCS'>, 4
DEBUG 2025-03-27 19:42:40,650 cmapdb get_unichr: <UnicodeMap: /'Adobe-Identity-UCS'>, 15
DEBUG 2025-03-27 19:42:40,650 cmapdb get_unichr: <UnicodeMap: /'Adobe-Identity-UCS'>, 6
DEBUG 2025-03-27 19:42:40,650 cmapdb get_unichr: <UnicodeMap: /'Adobe-Identity-UCS'>, 22
DEBUG 2025-03-27 19:42:40,650 cmapdb get_unichr: <UnicodeMap: /'Adobe-Identity-UCS'>, 5
DEBUG 2025-03-27 19:42:40,650 cmapdb get_unichr: <UnicodeMap: /'Adobe-Identity-UCS'>, 36
DEBUG 2025-03-27 19:42:40,650 cmapdb get_unichr: <UnicodeMap: /'Adobe-Identity-UCS'>, 6
DEBUG 2025-03-27 19:42:40,650 cmapdb get_unichr: <UnicodeMap: /'Adobe-Identity-UCS'>, 36
DEBUG 2025-03-27 19:42:40,650 cmapdb get_unichr: <UnicodeMap: /'Adobe-Identity-UCS'>, 14
DEBUG 2025-03-27 19:42:40,651 cmapdb get_unichr: <UnicodeMap: /'Adobe-Identity-UCS'>, 35
DEBUG 2025-03-27 19:42:40,651 cmapdb get_unichr: <UnicodeMap: /'Adobe-Identity-UCS'>, 53
DEBUG 2025-03-27 19:42:40,651 psparser nexttoken: (9089, /b'ET')
DEBUG 2025-03-27 19:42:40,651 psparser do_keyword: pos=9089, token=/b'ET', stack=[]
DEBUG 2025-03-27 19:42:40,651 psparser add_results: ((9089, /b'ET'),)
DEBUG 2025-03-27 19:42:40,651 psparser nextobject: (9089, /b'ET')
DEBUG 2025-03-27 19:42:40,652 pdfinterp exec: ET
DEBUG 2025-03-27 19:42:40,652 psparser nexttoken: (9092, /b'EMC')
DEBUG 2025-03-27 19:42:40,652 psparser do_keyword: pos=9092, token=/b'EMC', stack=[]
DEBUG 2025-03-27 19:42:40,652 psparser add_results: ((9092, /b'EMC'),)
DEBUG 2025-03-27 19:42:40,652 psparser nextobject: (9092, /b'EMC')
DEBUG 2025-03-27 19:42:40,652 pdfinterp exec: EMC
DEBUG 2025-03-27 19:42:40,652 psparser nexttoken: (9096, /'Artifact')
DEBUG 2025-03-27 19:42:40,652 psparser add_results: ((9096, /'Artifact'),)
DEBUG 2025-03-27 19:42:40,652 psparser nextobject: (9096, /'Artifact')
DEBUG 2025-03-27 19:42:40,652 psparser nexttoken: (9106, /b'BMC')
DEBUG 2025-03-27 19:42:40,652 psparser do_keyword: pos=9106, token=/b'BMC', stack=[]
DEBUG 2025-03-27 19:42:40,652 psparser add_results: ((9106, /b'BMC'),)
DEBUG 2025-03-27 19:42:40,652 psparser nextobject: (9106, /b'BMC')
DEBUG 2025-03-27 19:42:40,652 pdfinterp exec: BMC [/'Artifact']
DEBUG 2025-03-27 19:42:40,652 psparser nexttoken: (9110, /b'q')
DEBUG 2025-03-27 19:42:40,653 psparser do_keyword: pos=9110, token=/b'q', stack=[]
DEBUG 2025-03-27 19:42:40,653 psparser add_results: ((9110, /b'q'),)
DEBUG 2025-03-27 19:42:40,653 psparser nextobject: (9110, /b'q')
DEBUG 2025-03-27 19:42:40,653 pdfinterp exec: q
DEBUG 2025-03-27 19:42:40,653 psparser nexttoken: (9112, 0.502)
DEBUG 2025-03-27 19:42:40,653 psparser add_results: ((9112, 0.502),)
DEBUG 2025-03-27 19:42:40,653 psparser nextobject: (9112, 0.502)
DEBUG 2025-03-27 19:42:40,653 psparser nexttoken: (9118, /b'G')
DEBUG 2025-03-27 19:42:40,653 psparser do_keyword: pos=9118, token=/b'G', stack=[]
DEBUG 2025-03-27 19:42:40,654 psparser add_results: ((9118, /b'G'),)
DEBUG 2025-03-27 19:42:40,654 psparser nextobject: (9118, /b'G')
DEBUG 2025-03-27 19:42:40,654 pdfinterp exec: G [0.502]
DEBUG 2025-03-27 19:42:40,654 psparser nexttoken: (9120, /b'[')
DEBUG 2025-03-27 19:42:40,654 psparser start_type: pos=9120, type='a'
DEBUG 2025-03-27 19:42:40,654 psparser nexttoken: (9121, /b']')
DEBUG 2025-03-27 19:42:40,654 psparser end_type: pos=9120, type='a', objs=[]
DEBUG 2025-03-27 19:42:40,654 psparser add_results: ((9120, []),)
DEBUG 2025-03-27 19:42:40,655 psparser nextobject: (9120, [])
DEBUG 2025-03-27 19:42:40,655 psparser nexttoken: (9123, 0)
DEBUG 2025-03-27 19:42:40,655 psparser add_results: ((9123, 0),)
DEBUG 2025-03-27 19:42:40,655 psparser nextobject: (9123, 0)
DEBUG 2025-03-27 19:42:40,655 psparser nexttoken: (9125, /b'd')
DEBUG 2025-03-27 19:42:40,655 psparser do_keyword: pos=9125, token=/b'd', stack=[]
DEBUG 2025-03-27 19:42:40,655 psparser add_results: ((9125, /b'd'),)
DEBUG 2025-03-27 19:42:40,655 psparser nextobject: (9125, /b'd')
DEBUG 2025-03-27 19:42:40,655 pdfinterp exec: d [[], 0]
DEBUG 2025-03-27 19:42:40,655 psparser nexttoken: (9127, 1)
DEBUG 2025-03-27 19:42:40,655 psparser add_results: ((9127, 1),)
DEBUG 2025-03-27 19:42:40,655 psparser nextobject: (9127, 1)
DEBUG 2025-03-27 19:42:40,655 psparser nexttoken: (9129, /b'w')
DEBUG 2025-03-27 19:42:40,655 psparser do_keyword: pos=9129, token=/b'w', stack=[]
DEBUG 2025-03-27 19:42:40,656 psparser add_results: ((9129, /b'w'),)
DEBUG 2025-03-27 19:42:40,656 psparser nextobject: (9129, /b'w')
DEBUG 2025-03-27 19:42:40,656 pdfinterp exec: w [1]
DEBUG 2025-03-27 19:42:40,656 psparser nexttoken: (9131, 0)
DEBUG 2025-03-27 19:42:40,656 psparser add_results: ((9131, 0),)
DEBUG 2025-03-27 19:42:40,656 psparser nextobject: (9131, 0)
DEBUG 2025-03-27 19:42:40,656 psparser nexttoken: (9133, 506.114014)
DEBUG 2025-03-27 19:42:40,656 psparser add_results: ((9133, 506.114014),)
DEBUG 2025-03-27 19:42:40,656 psparser nextobject: (9133, 506.114014)
DEBUG 2025-03-27 19:42:40,656 psparser nexttoken: (9144, /b'm')
DEBUG 2025-03-27 19:42:40,656 psparser do_keyword: pos=9144, token=/b'm', stack=[]
DEBUG 2025-03-27 19:42:40,656 psparser add_results: ((9144, /b'm'),)
DEBUG 2025-03-27 19:42:40,656 psparser nextobject: (9144, /b'm')
DEBUG 2025-03-27 19:42:40,656 pdfinterp exec: m [0, 506.114014]
DEBUG 2025-03-27 19:42:40,657 psparser nexttoken: (9146, 36.683998)
DEBUG 2025-03-27 19:42:40,657 psparser add_results: ((9146, 36.683998),)
DEBUG 2025-03-27 19:42:40,657 psparser nextobject: (9146, 36.683998)
DEBUG 2025-03-27 19:42:40,658 psparser nexttoken: (9156, 506.114014)
DEBUG 2025-03-27 19:42:40,658 psparser add_results: ((9156, 506.114014),)
DEBUG 2025-03-27 19:42:40,658 psparser nextobject: (9156, 506.114014)
DEBUG 2025-03-27 19:42:40,658 psparser nexttoken: (9167, /b'l')
DEBUG 2025-03-27 19:42:40,658 psparser do_keyword: pos=9167, token=/b'l', stack=[]
DEBUG 2025-03-27 19:42:40,658 psparser add_results: ((9167, /b'l'),)
DEBUG 2025-03-27 19:42:40,658 psparser nextobject: (9167, /b'l')
DEBUG 2025-03-27 19:42:40,658 pdfinterp exec: l [36.683998, 506.114014]
DEBUG 2025-03-27 19:42:40,658 psparser nexttoken: (9169, /b'S')
DEBUG 2025-03-27 19:42:40,659 psparser do_keyword: pos=9169, token=/b'S', stack=[]
DEBUG 2025-03-27 19:42:40,659 psparser add_results: ((9169, /b'S'),)
DEBUG 2025-03-27 19:42:40,659 psparser nextobject: (9169, /b'S')
DEBUG 2025-03-27 19:42:40,659 pdfinterp exec: S
DEBUG 2025-03-27 19:42:40,659 psparser nexttoken: (9171, /b'Q')
DEBUG 2025-03-27 19:42:40,659 psparser do_keyword: pos=9171, token=/b'Q', stack=[]
DEBUG 2025-03-27 19:42:40,660 psparser add_results: ((9171, /b'Q'),)
DEBUG 2025-03-27 19:42:40,661 psparser nextobject: (9171, /b'Q')
DEBUG 2025-03-27 19:42:40,661 pdfinterp exec: Q
DEBUG 2025-03-27 19:42:40,661 psparser nexttoken: (9173, /b'EMC')
DEBUG 2025-03-27 19:42:40,661 psparser do_keyword: pos=9173, token=/b'EMC', stack=[]
DEBUG 2025-03-27 19:42:40,661 psparser add_results: ((9173, /b'EMC'),)
DEBUG 2025-03-27 19:42:40,661 psparser nextobject: (9173, /b'EMC')
DEBUG 2025-03-27 19:42:40,662 pdfinterp exec: EMC
DEBUG 2025-03-27 19:42:40,662 psparser nexttoken: (9177, /'P')
DEBUG 2025-03-27 19:42:40,662 psparser add_results: ((9177, /'P'),)
DEBUG 2025-03-27 19:42:40,662 psparser nextobject: (9177, /'P')
DEBUG 2025-03-27 19:42:40,663 psparser nexttoken: (9180, /b'<<')
DEBUG 2025-03-27 19:42:40,663 psparser start_type: pos=9180, type='d'
DEBUG 2025-03-27 19:42:40,663 psparser nexttoken: (9182, /'MCID')
DEBUG 2025-03-27 19:42:40,663 psparser nexttoken: (9188, 38)
DEBUG 2025-03-27 19:42:40,663 psparser nexttoken: (9190, /b'>>')
DEBUG 2025-03-27 19:42:40,663 psparser end_type: pos=9180, type='d', objs=[/'MCID', 38]
DEBUG 2025-03-27 19:42:40,664 psparser add_results: ((9180, {'MCID': 38}),)
DEBUG 2025-03-27 19:42:40,664 psparser nextobject: (9180, {'MCID': 38})
DEBUG 2025-03-27 19:42:40,664 psparser nexttoken: (9193, /b'BDC')
DEBUG 2025-03-27 19:42:40,664 psparser do_keyword: pos=9193, token=/b'BDC', stack=[]
DEBUG 2025-03-27 19:42:40,664 psparser add_results: ((9193, /b'BDC'),)
DEBUG 2025-03-27 19:42:40,664 psparser nextobject: (9193, /b'BDC')
DEBUG 2025-03-27 19:42:40,664 pdfinterp exec: BDC [/'P', {'MCID': 38}]
DEBUG 2025-03-27 19:42:40,664 psparser nexttoken: (9197, /b'BT')
DEBUG 2025-03-27 19:42:40,664 psparser do_keyword: pos=9197, token=/b'BT', stack=[]
DEBUG 2025-03-27 19:42:40,665 psparser add_results: ((9197, /b'BT'),)
DEBUG 2025-03-27 19:42:40,665 psparser nextobject: (9197, /b'BT')
DEBUG 2025-03-27 19:42:40,665 pdfinterp exec: BT
DEBUG 2025-03-27 19:42:40,665 psparser nexttoken: (9200, /'F15')
DEBUG 2025-03-27 19:42:40,665 psparser add_results: ((9200, /'F15'),)
DEBUG 2025-03-27 19:42:40,665 psparser nextobject: (9200, /'F15')
DEBUG 2025-03-27 19:42:40,665 psparser nexttoken: (9205, 15.75)
DEBUG 2025-03-27 19:42:40,665 psparser add_results: ((9205, 15.75),)
DEBUG 2025-03-27 19:42:40,665 psparser nextobject: (9205, 15.75)
DEBUG 2025-03-27 19:42:40,665 psparser nexttoken: (9211, /b'Tf')
DEBUG 2025-03-27 19:42:40,665 psparser do_keyword: pos=9211, token=/b'Tf', stack=[]
DEBUG 2025-03-27 19:42:40,665 psparser add_results: ((9211, /b'Tf'),)
DEBUG 2025-03-27 19:42:40,665 psparser nextobject: (9211, /b'Tf')
DEBUG 2025-03-27 19:42:40,666 pdfinterp exec: Tf [/'F15', 15.75]
DEBUG 2025-03-27 19:42:40,666 psparser nexttoken: (9214, 1)
DEBUG 2025-03-27 19:42:40,666 psparser add_results: ((9214, 1),)
DEBUG 2025-03-27 19:42:40,666 psparser nextobject: (9214, 1)
DEBUG 2025-03-27 19:42:40,666 psparser nexttoken: (9216, 0)
DEBUG 2025-03-27 19:42:40,666 psparser add_results: ((9216, 0),)
DEBUG 2025-03-27 19:42:40,666 psparser nextobject: (9216, 0)
DEBUG 2025-03-27 19:42:40,666 psparser nexttoken: (9218, 0)
DEBUG 2025-03-27 19:42:40,666 psparser add_results: ((9218, 0),)
DEBUG 2025-03-27 19:42:40,666 psparser nextobject: (9218, 0)
DEBUG 2025-03-27 19:42:40,666 psparser nexttoken: (9220, -1)
DEBUG 2025-03-27 19:42:40,666 psparser add_results: ((9220, -1),)
DEBUG 2025-03-27 19:42:40,666 psparser nextobject: (9220, -1)
DEBUG 2025-03-27 19:42:40,666 psparser nexttoken: (9223, 0)
DEBUG 2025-03-27 19:42:40,667 psparser add_results: ((9223, 0),)
DEBUG 2025-03-27 19:42:40,667 psparser nextobject: (9223, 0)
DEBUG 2025-03-27 19:42:40,667 psparser nexttoken: (9225, 532.23699951)
DEBUG 2025-03-27 19:42:40,667 psparser add_results: ((9225, 532.23699951),)
DEBUG 2025-03-27 19:42:40,667 psparser nextobject: (9225, 532.23699951)
DEBUG 2025-03-27 19:42:40,667 psparser nexttoken: (9238, /b'Tm')
DEBUG 2025-03-27 19:42:40,667 psparser do_keyword: pos=9238, token=/b'Tm', stack=[]
DEBUG 2025-03-27 19:42:40,668 psparser add_results: ((9238, /b'Tm'),)
DEBUG 2025-03-27 19:42:40,668 psparser nextobject: (9238, /b'Tm')
DEBUG 2025-03-27 19:42:40,668 pdfinterp exec: Tm [1, 0, 0, -1, 0, 532.23699951]
DEBUG 2025-03-27 19:42:40,668 psparser nexttoken: (9241, /b'[')
DEBUG 2025-03-27 19:42:40,668 psparser start_type: pos=9241, type='a'
DEBUG 2025-03-27 19:42:40,668 psparser nexttoken: (9242, b'\x00\t\x00)\x00.\x00\x0e\x00\x0f\x00$\x00\x0e\x00\x05\x00\x08\x00\x0e')
DEBUG 2025-03-27 19:42:40,668 psparser nexttoken: (9284, /b']')
DEBUG 2025-03-27 19:42:40,669 psparser end_type: pos=9241, type='a', objs=[b'\x00\t\x00)\x00.\x00\x0e\x00\x0f\x00$\x00\x0e\x00\x05\x00\x08\x00\x0e']
DEBUG 2025-03-27 19:42:40,669 psparser add_results: ((9241, [b'\x00\t\x00)\x00.\x00\x0e\x00\x0f\x00$\x00\x0e\x00\x05\x00\x08\x00\x0e']),)
DEBUG 2025-03-27 19:42:40,669 psparser nextobject: (9241, [b'\x00\t\x00)\x00.\x00\x0e\x00\x0f\x00$\x00\x0e\x00\x05\x00\x08\x00\x0e'])
DEBUG 2025-03-27 19:42:40,669 psparser nexttoken: (9286, /b'TJ')
DEBUG 2025-03-27 19:42:40,669 psparser do_keyword: pos=9286, token=/b'TJ', stack=[]
DEBUG 2025-03-27 19:42:40,669 psparser add_results: ((9286, /b'TJ'),)
DEBUG 2025-03-27 19:42:40,669 psparser nextobject: (9286, /b'TJ')
DEBUG 2025-03-27 19:42:40,669 pdfinterp exec: TJ [[b'\x00\t\x00)\x00.\x00\x0e\x00\x0f\x00$\x00\x0e\x00\x05\x00\x08\x00\x0e']]
DEBUG 2025-03-27 19:42:40,669 cmapdb get_unichr: <UnicodeMap: /'Adobe-Identity-UCS'>, 9
DEBUG 2025-03-27 19:42:40,669 cmapdb get_unichr: <UnicodeMap: /'Adobe-Identity-UCS'>, 41
DEBUG 2025-03-27 19:42:40,669 cmapdb get_unichr: <UnicodeMap: /'Adobe-Identity-UCS'>, 46
DEBUG 2025-03-27 19:42:40,669 cmapdb get_unichr: <UnicodeMap: /'Adobe-Identity-UCS'>, 14
DEBUG 2025-03-27 19:42:40,669 cmapdb get_unichr: <UnicodeMap: /'Adobe-Identity-UCS'>, 15
DEBUG 2025-03-27 19:42:40,669 cmapdb get_unichr: <UnicodeMap: /'Adobe-Identity-UCS'>, 36
DEBUG 2025-03-27 19:42:40,669 cmapdb get_unichr: <UnicodeMap: /'Adobe-Identity-UCS'>, 14
DEBUG 2025-03-27 19:42:40,669 cmapdb get_unichr: <UnicodeMap: /'Adobe-Identity-UCS'>, 5
DEBUG 2025-03-27 19:42:40,669 cmapdb get_unichr: <UnicodeMap: /'Adobe-Identity-UCS'>, 8
DEBUG 2025-03-27 19:42:40,669 cmapdb get_unichr: <UnicodeMap: /'Adobe-Identity-UCS'>, 14
DEBUG 2025-03-27 19:42:40,669 psparser nexttoken: (9289, /b'ET')
DEBUG 2025-03-27 19:42:40,669 psparser do_keyword: pos=9289, token=/b'ET', stack=[]
DEBUG 2025-03-27 19:42:40,669 psparser add_results: ((9289, /b'ET'),)
DEBUG 2025-03-27 19:42:40,669 psparser nextobject: (9289, /b'ET')
DEBUG 2025-03-27 19:42:40,669 pdfinterp exec: ET
DEBUG 2025-03-27 19:42:40,669 psparser nexttoken: (9292, /b'EMC')
DEBUG 2025-03-27 19:42:40,669 psparser do_keyword: pos=9292, token=/b'EMC', stack=[]
DEBUG 2025-03-27 19:42:40,669 psparser add_results: ((9292, /b'EMC'),)
DEBUG 2025-03-27 19:42:40,669 psparser nextobject: (9292, /b'EMC')
DEBUG 2025-03-27 19:42:40,670 pdfinterp exec: EMC
DEBUG 2025-03-27 19:42:40,670 psparser nexttoken: (9296, /b'q')
DEBUG 2025-03-27 19:42:40,670 psparser do_keyword: pos=9296, token=/b'q', stack=[]
DEBUG 2025-03-27 19:42:40,670 psparser add_results: ((9296, /b'q'),)
DEBUG 2025-03-27 19:42:40,670 psparser nextobject: (9296, /b'q')
DEBUG 2025-03-27 19:42:40,670 pdfinterp exec: q
DEBUG 2025-03-27 19:42:40,670 psparser nexttoken: (9298, 1)
DEBUG 2025-03-27 19:42:40,670 psparser add_results: ((9298, 1),)
DEBUG 2025-03-27 19:42:40,670 psparser nextobject: (9298, 1)
DEBUG 2025-03-27 19:42:40,670 psparser nexttoken: (9300, 0)
DEBUG 2025-03-27 19:42:40,670 psparser add_results: ((9300, 0),)
DEBUG 2025-03-27 19:42:40,670 psparser nextobject: (9300, 0)
DEBUG 2025-03-27 19:42:40,670 psparser nexttoken: (9302, 0)
DEBUG 2025-03-27 19:42:40,670 psparser add_results: ((9302, 0),)
DEBUG 2025-03-27 19:42:40,670 psparser nextobject: (9302, 0)
DEBUG 2025-03-27 19:42:40,670 psparser nexttoken: (9304, 1)
DEBUG 2025-03-27 19:42:40,671 psparser add_results: ((9304, 1),)
DEBUG 2025-03-27 19:42:40,671 psparser nextobject: (9304, 1)
DEBUG 2025-03-27 19:42:40,671 psparser nexttoken: (9306, 0)
DEBUG 2025-03-27 19:42:40,671 psparser add_results: ((9306, 0),)
DEBUG 2025-03-27 19:42:40,671 psparser nextobject: (9306, 0)
DEBUG 2025-03-27 19:42:40,671 psparser nexttoken: (9308, 545.6)
DEBUG 2025-03-27 19:42:40,671 psparser add_results: ((9308, 545.6),)
DEBUG 2025-03-27 19:42:40,671 psparser nextobject: (9308, 545.6)
DEBUG 2025-03-27 19:42:40,671 psparser nexttoken: (9314, /b'cm')
DEBUG 2025-03-27 19:42:40,671 psparser do_keyword: pos=9314, token=/b'cm', stack=[]
DEBUG 2025-03-27 19:42:40,671 psparser add_results: ((9314, /b'cm'),)
DEBUG 2025-03-27 19:42:40,671 psparser nextobject: (9314, /b'cm')
DEBUG 2025-03-27 19:42:40,671 pdfinterp exec: cm [1, 0, 0, 1, 0, 545.6]
DEBUG 2025-03-27 19:42:40,672 psparser nexttoken: (9317, /'P')
DEBUG 2025-03-27 19:42:40,672 psparser add_results: ((9317, /'P'),)
DEBUG 2025-03-27 19:42:40,672 psparser nextobject: (9317, /'P')
DEBUG 2025-03-27 19:42:40,672 psparser nexttoken: (9320, /b'<<')
DEBUG 2025-03-27 19:42:40,672 psparser start_type: pos=9320, type='d'
DEBUG 2025-03-27 19:42:40,672 psparser nexttoken: (9322, /'MCID')
DEBUG 2025-03-27 19:42:40,672 psparser nexttoken: (9328, 39)
DEBUG 2025-03-27 19:42:40,672 psparser nexttoken: (9330, /b'>>')
DEBUG 2025-03-27 19:42:40,672 psparser end_type: pos=9320, type='d', objs=[/'MCID', 39]
DEBUG 2025-03-27 19:42:40,672 psparser add_results: ((9320, {'MCID': 39}),)
DEBUG 2025-03-27 19:42:40,673 psparser nextobject: (9320, {'MCID': 39})
DEBUG 2025-03-27 19:42:40,673 psparser nexttoken: (9333, /b'BDC')
DEBUG 2025-03-27 19:42:40,673 psparser do_keyword: pos=9333, token=/b'BDC', stack=[]
DEBUG 2025-03-27 19:42:40,673 psparser add_results: ((9333, /b'BDC'),)
DEBUG 2025-03-27 19:42:40,673 psparser nextobject: (9333, /b'BDC')
DEBUG 2025-03-27 19:42:40,673 pdfinterp exec: BDC [/'P', {'MCID': 39}]
DEBUG 2025-03-27 19:42:40,673 psparser nexttoken: (9337, /b'BT')
DEBUG 2025-03-27 19:42:40,673 psparser do_keyword: pos=9337, token=/b'BT', stack=[]
DEBUG 2025-03-27 19:42:40,673 psparser add_results: ((9337, /b'BT'),)
DEBUG 2025-03-27 19:42:40,673 psparser nextobject: (9337, /b'BT')
DEBUG 2025-03-27 19:42:40,673 pdfinterp exec: BT
DEBUG 2025-03-27 19:42:40,673 psparser nexttoken: (9340, /'F15')
DEBUG 2025-03-27 19:42:40,673 psparser add_results: ((9340, /'F15'),)
DEBUG 2025-03-27 19:42:40,674 psparser nextobject: (9340, /'F15')
DEBUG 2025-03-27 19:42:40,674 psparser nexttoken: (9345, 12)
DEBUG 2025-03-27 19:42:40,674 psparser add_results: ((9345, 12),)
DEBUG 2025-03-27 19:42:40,674 psparser nextobject: (9345, 12)
DEBUG 2025-03-27 19:42:40,674 psparser nexttoken: (9348, /b'Tf')
DEBUG 2025-03-27 19:42:40,674 psparser do_keyword: pos=9348, token=/b'Tf', stack=[]
DEBUG 2025-03-27 19:42:40,674 psparser add_results: ((9348, /b'Tf'),)
DEBUG 2025-03-27 19:42:40,674 psparser nextobject: (9348, /b'Tf')
DEBUG 2025-03-27 19:42:40,674 pdfinterp exec: Tf [/'F15', 12]
DEBUG 2025-03-27 19:42:40,674 psparser nexttoken: (9351, 1)
DEBUG 2025-03-27 19:42:40,674 psparser add_results: ((9351, 1),)
DEBUG 2025-03-27 19:42:40,674 psparser nextobject: (9351, 1)
DEBUG 2025-03-27 19:42:40,674 psparser nexttoken: (9353, 0)
DEBUG 2025-03-27 19:42:40,674 psparser add_results: ((9353, 0),)
DEBUG 2025-03-27 19:42:40,674 psparser nextobject: (9353, 0)
DEBUG 2025-03-27 19:42:40,675 psparser nexttoken: (9355, 0)
DEBUG 2025-03-27 19:42:40,675 psparser add_results: ((9355, 0),)
DEBUG 2025-03-27 19:42:40,675 psparser nextobject: (9355, 0)
DEBUG 2025-03-27 19:42:40,675 psparser nexttoken: (9357, -1)
DEBUG 2025-03-27 19:42:40,675 psparser add_results: ((9357, -1),)
DEBUG 2025-03-27 19:42:40,675 psparser nextobject: (9357, -1)
DEBUG 2025-03-27 19:42:40,675 psparser nexttoken: (9360, 0)
DEBUG 2025-03-27 19:42:40,675 psparser add_results: ((9360, 0),)
DEBUG 2025-03-27 19:42:40,675 psparser nextobject: (9360, 0)
DEBUG 2025-03-27 19:42:40,675 psparser nexttoken: (9362, 17.11400032)
DEBUG 2025-03-27 19:42:40,675 psparser add_results: ((9362, 17.11400032),)
DEBUG 2025-03-27 19:42:40,675 psparser nextobject: (9362, 17.11400032)
DEBUG 2025-03-27 19:42:40,675 psparser nexttoken: (9374, /b'Tm')
DEBUG 2025-03-27 19:42:40,675 psparser do_keyword: pos=9374, token=/b'Tm', stack=[]
DEBUG 2025-03-27 19:42:40,675 psparser add_results: ((9374, /b'Tm'),)
DEBUG 2025-03-27 19:42:40,675 psparser nextobject: (9374, /b'Tm')
DEBUG 2025-03-27 19:42:40,675 pdfinterp exec: Tm [1, 0, 0, -1, 0, 17.11400032]
DEBUG 2025-03-27 19:42:40,676 psparser nexttoken: (9377, /b'[')
DEBUG 2025-03-27 19:42:40,676 psparser start_type: pos=9377, type='a'
DEBUG 2025-03-27 19:42:40,676 psparser nexttoken: (9378, b'\x00,\x008\x00/')
DEBUG 2025-03-27 19:42:40,676 psparser nexttoken: (9392, /b']')
DEBUG 2025-03-27 19:42:40,676 psparser end_type: pos=9377, type='a', objs=[b'\x00,\x008\x00/']
DEBUG 2025-03-27 19:42:40,676 psparser add_results: ((9377, [b'\x00,\x008\x00/']),)
DEBUG 2025-03-27 19:42:40,676 psparser nextobject: (9377, [b'\x00,\x008\x00/'])
DEBUG 2025-03-27 19:42:40,676 psparser nexttoken: (9394, /b'TJ')
DEBUG 2025-03-27 19:42:40,676 psparser do_keyword: pos=9394, token=/b'TJ', stack=[]
DEBUG 2025-03-27 19:42:40,676 psparser add_results: ((9394, /b'TJ'),)
DEBUG 2025-03-27 19:42:40,676 psparser nextobject: (9394, /b'TJ')
DEBUG 2025-03-27 19:42:40,676 pdfinterp exec: TJ [[b'\x00,\x008\x00/']]
DEBUG 2025-03-27 19:42:40,676 cmapdb get_unichr: <UnicodeMap: /'Adobe-Identity-UCS'>, 44
DEBUG 2025-03-27 19:42:40,676 cmapdb get_unichr: <UnicodeMap: /'Adobe-Identity-UCS'>, 56
DEBUG 2025-03-27 19:42:40,676 cmapdb get_unichr: <UnicodeMap: /'Adobe-Identity-UCS'>, 47
DEBUG 2025-03-27 19:42:40,677 psparser nexttoken: (9397, /b'ET')
DEBUG 2025-03-27 19:42:40,677 psparser do_keyword: pos=9397, token=/b'ET', stack=[]
DEBUG 2025-03-27 19:42:40,677 psparser add_results: ((9397, /b'ET'),)
DEBUG 2025-03-27 19:42:40,677 psparser nextobject: (9397, /b'ET')
DEBUG 2025-03-27 19:42:40,678 pdfinterp exec: ET
DEBUG 2025-03-27 19:42:40,678 psparser nexttoken: (9400, /b'EMC')
DEBUG 2025-03-27 19:42:40,678 psparser do_keyword: pos=9400, token=/b'EMC', stack=[]
DEBUG 2025-03-27 19:42:40,679 psparser add_results: ((9400, /b'EMC'),)
DEBUG 2025-03-27 19:42:40,679 psparser nextobject: (9400, /b'EMC')
DEBUG 2025-03-27 19:42:40,679 pdfinterp exec: EMC
DEBUG 2025-03-27 19:42:40,679 psparser nexttoken: (9404, /'P')
DEBUG 2025-03-27 19:42:40,679 psparser add_results: ((9404, /'P'),)
DEBUG 2025-03-27 19:42:40,679 psparser nextobject: (9404, /'P')
DEBUG 2025-03-27 19:42:40,679 psparser nexttoken: (9407, /b'<<')
DEBUG 2025-03-27 19:42:40,679 psparser start_type: pos=9407, type='d'
DEBUG 2025-03-27 19:42:40,679 psparser nexttoken: (9409, /'MCID')
DEBUG 2025-03-27 19:42:40,679 psparser nexttoken: (9415, 40)
DEBUG 2025-03-27 19:42:40,679 psparser nexttoken: (9417, /b'>>')
DEBUG 2025-03-27 19:42:40,679 psparser end_type: pos=9407, type='d', objs=[/'MCID', 40]
DEBUG 2025-03-27 19:42:40,679 psparser add_results: ((9407, {'MCID': 40}),)
DEBUG 2025-03-27 19:42:40,679 psparser nextobject: (9407, {'MCID': 40})
DEBUG 2025-03-27 19:42:40,679 psparser nexttoken: (9420, /b'BDC')
DEBUG 2025-03-27 19:42:40,679 psparser do_keyword: pos=9420, token=/b'BDC', stack=[]
DEBUG 2025-03-27 19:42:40,679 psparser add_results: ((9420, /b'BDC'),)
DEBUG 2025-03-27 19:42:40,679 psparser nextobject: (9420, /b'BDC')
DEBUG 2025-03-27 19:42:40,680 pdfinterp exec: BDC [/'P', {'MCID': 40}]
DEBUG 2025-03-27 19:42:40,680 psparser nexttoken: (9424, /b'BT')
DEBUG 2025-03-27 19:42:40,680 psparser do_keyword: pos=9424, token=/b'BT', stack=[]
DEBUG 2025-03-27 19:42:40,680 psparser add_results: ((9424, /b'BT'),)
DEBUG 2025-03-27 19:42:40,680 psparser nextobject: (9424, /b'BT')
DEBUG 2025-03-27 19:42:40,681 pdfinterp exec: BT
DEBUG 2025-03-27 19:42:40,681 psparser nexttoken: (9427, /'F15')
DEBUG 2025-03-27 19:42:40,681 psparser add_results: ((9427, /'F15'),)
DEBUG 2025-03-27 19:42:40,681 psparser nextobject: (9427, /'F15')
DEBUG 2025-03-27 19:42:40,681 psparser nexttoken: (9432, 11.5)
DEBUG 2025-03-27 19:42:40,681 psparser add_results: ((9432, 11.5),)
DEBUG 2025-03-27 19:42:40,681 psparser nextobject: (9432, 11.5)
DEBUG 2025-03-27 19:42:40,681 psparser nexttoken: (9437, /b'Tf')
DEBUG 2025-03-27 19:42:40,682 psparser do_keyword: pos=9437, token=/b'Tf', stack=[]
DEBUG 2025-03-27 19:42:40,682 psparser add_results: ((9437, /b'Tf'),)
DEBUG 2025-03-27 19:42:40,682 psparser nextobject: (9437, /b'Tf')
DEBUG 2025-03-27 19:42:40,682 pdfinterp exec: Tf [/'F15', 11.5]
DEBUG 2025-03-27 19:42:40,682 psparser nexttoken: (9440, 1)
DEBUG 2025-03-27 19:42:40,682 psparser add_results: ((9440, 1),)
DEBUG 2025-03-27 19:42:40,682 psparser nextobject: (9440, 1)
DEBUG 2025-03-27 19:42:40,682 psparser nexttoken: (9442, 0)
DEBUG 2025-03-27 19:42:40,682 psparser add_results: ((9442, 0),)
DEBUG 2025-03-27 19:42:40,682 psparser nextobject: (9442, 0)
DEBUG 2025-03-27 19:42:40,682 psparser nexttoken: (9444, 0)
DEBUG 2025-03-27 19:42:40,682 psparser add_results: ((9444, 0),)
DEBUG 2025-03-27 19:42:40,682 psparser nextobject: (9444, 0)
DEBUG 2025-03-27 19:42:40,682 psparser nexttoken: (9446, -1)
DEBUG 2025-03-27 19:42:40,682 psparser add_results: ((9446, -1),)
DEBUG 2025-03-27 19:42:40,682 psparser nextobject: (9446, -1)
DEBUG 2025-03-27 19:42:40,682 psparser nexttoken: (9449, 0)
DEBUG 2025-03-27 19:42:40,683 psparser add_results: ((9449, 0),)
DEBUG 2025-03-27 19:42:40,683 psparser nextobject: (9449, 0)
DEBUG 2025-03-27 19:42:40,683 psparser nexttoken: (9451, 33.17200089)
DEBUG 2025-03-27 19:42:40,683 psparser add_results: ((9451, 33.17200089),)
DEBUG 2025-03-27 19:42:40,683 psparser nextobject: (9451, 33.17200089)
DEBUG 2025-03-27 19:42:40,683 psparser nexttoken: (9463, /b'Tm')
DEBUG 2025-03-27 19:42:40,683 psparser do_keyword: pos=9463, token=/b'Tm', stack=[]
DEBUG 2025-03-27 19:42:40,683 psparser add_results: ((9463, /b'Tm'),)
DEBUG 2025-03-27 19:42:40,683 psparser nextobject: (9463, /b'Tm')
DEBUG 2025-03-27 19:42:40,683 pdfinterp exec: Tm [1, 0, 0, -1, 0, 33.17200089]
DEBUG 2025-03-27 19:42:40,683 psparser nexttoken: (9466, /b'[')
DEBUG 2025-03-27 19:42:40,683 psparser start_type: pos=9466, type='a'
DEBUG 2025-03-27 19:42:40,683 psparser nexttoken: (9467, b'\x00,\x008\x00/\x00\x01\x00,\x00A\x00-\x00\t\x003\x00A\x00\r\x00\x1f\x00,\x001')
DEBUG 2025-03-27 19:42:40,683 psparser nexttoken: (9525, /b']')
DEBUG 2025-03-27 19:42:40,683 psparser end_type: pos=9466, type='a', objs=[b'\x00,\x008\x00/\x00\x01\x00,\x00A\x00-\x00\t\x003\x00A\x00\r\x00\x1f\x00,\x001']
DEBUG 2025-03-27 19:42:40,683 psparser add_results: ((9466, [b'\x00,\x008\x00/\x00\x01\x00,\x00A\x00-\x00\t\x003\x00A\x00\r\x00\x1f\x00,\x001']),)
DEBUG 2025-03-27 19:42:40,683 psparser nextobject: (9466, [b'\x00,\x008\x00/\x00\x01\x00,\x00A\x00-\x00\t\x003\x00A\x00\r\x00\x1f\x00,\x001'])
DEBUG 2025-03-27 19:42:40,683 psparser nexttoken: (9527, /b'TJ')
DEBUG 2025-03-27 19:42:40,683 psparser do_keyword: pos=9527, token=/b'TJ', stack=[]
DEBUG 2025-03-27 19:42:40,683 psparser add_results: ((9527, /b'TJ'),)
DEBUG 2025-03-27 19:42:40,684 psparser nextobject: (9527, /b'TJ')
DEBUG 2025-03-27 19:42:40,684 pdfinterp exec: TJ [[b'\x00,\x008\x00/\x00\x01\x00,\x00A\x00-\x00\t\x003\x00A\x00\r\x00\x1f\x00,\x001']]
DEBUG 2025-03-27 19:42:40,684 cmapdb get_unichr: <UnicodeMap: /'Adobe-Identity-UCS'>, 44
DEBUG 2025-03-27 19:42:40,684 cmapdb get_unichr: <UnicodeMap: /'Adobe-Identity-UCS'>, 56
DEBUG 2025-03-27 19:42:40,684 cmapdb get_unichr: <UnicodeMap: /'Adobe-Identity-UCS'>, 47
DEBUG 2025-03-27 19:42:40,684 cmapdb get_unichr: <UnicodeMap: /'Adobe-Identity-UCS'>, 1
DEBUG 2025-03-27 19:42:40,684 cmapdb get_unichr: <UnicodeMap: /'Adobe-Identity-UCS'>, 44
DEBUG 2025-03-27 19:42:40,684 cmapdb get_unichr: <UnicodeMap: /'Adobe-Identity-UCS'>, 65
DEBUG 2025-03-27 19:42:40,684 cmapdb get_unichr: <UnicodeMap: /'Adobe-Identity-UCS'>, 45
DEBUG 2025-03-27 19:42:40,684 cmapdb get_unichr: <UnicodeMap: /'Adobe-Identity-UCS'>, 9
DEBUG 2025-03-27 19:42:40,685 cmapdb get_unichr: <UnicodeMap: /'Adobe-Identity-UCS'>, 51
DEBUG 2025-03-27 19:42:40,685 cmapdb get_unichr: <UnicodeMap: /'Adobe-Identity-UCS'>, 65
DEBUG 2025-03-27 19:42:40,685 cmapdb get_unichr: <UnicodeMap: /'Adobe-Identity-UCS'>, 13
DEBUG 2025-03-27 19:42:40,685 cmapdb get_unichr: <UnicodeMap: /'Adobe-Identity-UCS'>, 31
DEBUG 2025-03-27 19:42:40,685 cmapdb get_unichr: <UnicodeMap: /'Adobe-Identity-UCS'>, 44
DEBUG 2025-03-27 19:42:40,685 cmapdb get_unichr: <UnicodeMap: /'Adobe-Identity-UCS'>, 49
DEBUG 2025-03-27 19:42:40,685 psparser nexttoken: (9530, /b'ET')
DEBUG 2025-03-27 19:42:40,685 psparser do_keyword: pos=9530, token=/b'ET', stack=[]
DEBUG 2025-03-27 19:42:40,686 psparser add_results: ((9530, /b'ET'),)
DEBUG 2025-03-27 19:42:40,686 psparser nextobject: (9530, /b'ET')
DEBUG 2025-03-27 19:42:40,686 pdfinterp exec: ET
DEBUG 2025-03-27 19:42:40,686 psparser nexttoken: (9533, /b'EMC')
DEBUG 2025-03-27 19:42:40,686 psparser do_keyword: pos=9533, token=/b'EMC', stack=[]
DEBUG 2025-03-27 19:42:40,686 psparser add_results: ((9533, /b'EMC'),)
DEBUG 2025-03-27 19:42:40,686 psparser nextobject: (9533, /b'EMC')
DEBUG 2025-03-27 19:42:40,686 pdfinterp exec: EMC
DEBUG 2025-03-27 19:42:40,687 psparser nexttoken: (9537, /'Span')
DEBUG 2025-03-27 19:42:40,687 psparser add_results: ((9537, /'Span'),)
DEBUG 2025-03-27 19:42:40,687 psparser nextobject: (9537, /'Span')
DEBUG 2025-03-27 19:42:40,687 psparser nexttoken: (9543, /b'<<')
DEBUG 2025-03-27 19:42:40,687 psparser start_type: pos=9543, type='d'
DEBUG 2025-03-27 19:42:40,687 psparser nexttoken: (9545, /'MCID')
DEBUG 2025-03-27 19:42:40,687 psparser nexttoken: (9551, 41)
DEBUG 2025-03-27 19:42:40,688 psparser nexttoken: (9553, /b'>>')
DEBUG 2025-03-27 19:42:40,688 psparser end_type: pos=9543, type='d', objs=[/'MCID', 41]
DEBUG 2025-03-27 19:42:40,688 psparser add_results: ((9543, {'MCID': 41}),)
DEBUG 2025-03-27 19:42:40,688 psparser nextobject: (9543, {'MCID': 41})
DEBUG 2025-03-27 19:42:40,688 psparser nexttoken: (9556, /b'BDC')
DEBUG 2025-03-27 19:42:40,688 psparser do_keyword: pos=9556, token=/b'BDC', stack=[]
DEBUG 2025-03-27 19:42:40,688 psparser add_results: ((9556, /b'BDC'),)
DEBUG 2025-03-27 19:42:40,688 psparser nextobject: (9556, /b'BDC')
DEBUG 2025-03-27 19:42:40,688 pdfinterp exec: BDC [/'Span', {'MCID': 41}]
DEBUG 2025-03-27 19:42:40,688 psparser nexttoken: (9560, /b'BT')
DEBUG 2025-03-27 19:42:40,689 psparser do_keyword: pos=9560, token=/b'BT', stack=[]
DEBUG 2025-03-27 19:42:40,689 psparser add_results: ((9560, /b'BT'),)
DEBUG 2025-03-27 19:42:40,689 psparser nextobject: (9560, /b'BT')
DEBUG 2025-03-27 19:42:40,689 pdfinterp exec: BT
DEBUG 2025-03-27 19:42:40,689 psparser nexttoken: (9563, /'F15')
DEBUG 2025-03-27 19:42:40,689 psparser add_results: ((9563, /'F15'),)
DEBUG 2025-03-27 19:42:40,689 psparser nextobject: (9563, /'F15')
DEBUG 2025-03-27 19:42:40,689 psparser nexttoken: (9568, 10.5)
DEBUG 2025-03-27 19:42:40,690 psparser add_results: ((9568, 10.5),)
DEBUG 2025-03-27 19:42:40,690 psparser nextobject: (9568, 10.5)
DEBUG 2025-03-27 19:42:40,690 psparser nexttoken: (9573, /b'Tf')
DEBUG 2025-03-27 19:42:40,690 psparser do_keyword: pos=9573, token=/b'Tf', stack=[]
DEBUG 2025-03-27 19:42:40,690 psparser add_results: ((9573, /b'Tf'),)
DEBUG 2025-03-27 19:42:40,690 psparser nextobject: (9573, /b'Tf')
DEBUG 2025-03-27 19:42:40,691 pdfinterp exec: Tf [/'F15', 10.5]
DEBUG 2025-03-27 19:42:40,691 psparser nexttoken: (9576, 1)
DEBUG 2025-03-27 19:42:40,691 psparser add_results: ((9576, 1),)
DEBUG 2025-03-27 19:42:40,691 psparser nextobject: (9576, 1)
DEBUG 2025-03-27 19:42:40,691 psparser nexttoken: (9578, 0)
DEBUG 2025-03-27 19:42:40,691 psparser add_results: ((9578, 0),)
DEBUG 2025-03-27 19:42:40,691 psparser nextobject: (9578, 0)
DEBUG 2025-03-27 19:42:40,691 psparser nexttoken: (9580, 0)
DEBUG 2025-03-27 19:42:40,692 psparser add_results: ((9580, 0),)
DEBUG 2025-03-27 19:42:40,692 psparser nextobject: (9580, 0)
DEBUG 2025-03-27 19:42:40,694 psparser nexttoken: (9582, -1)
DEBUG 2025-03-27 19:42:40,696 psparser add_results: ((9582, -1),)
DEBUG 2025-03-27 19:42:40,697 psparser nextobject: (9582, -1)
DEBUG 2025-03-27 19:42:40,697 psparser nexttoken: (9585, 0)
DEBUG 2025-03-27 19:42:40,698 psparser add_results: ((9585, 0),)
DEBUG 2025-03-27 19:42:40,698 psparser nextobject: (9585, 0)
DEBUG 2025-03-27 19:42:40,698 psparser nexttoken: (9587, 47.68899918)
DEBUG 2025-03-27 19:42:40,698 psparser add_results: ((9587, 47.68899918),)
DEBUG 2025-03-27 19:42:40,698 psparser nextobject: (9587, 47.68899918)
DEBUG 2025-03-27 19:42:40,698 psparser nexttoken: (9599, /b'Tm')
DEBUG 2025-03-27 19:42:40,698 psparser do_keyword: pos=9599, token=/b'Tm', stack=[]
DEBUG 2025-03-27 19:42:40,698 psparser add_results: ((9599, /b'Tm'),)
DEBUG 2025-03-27 19:42:40,698 psparser nextobject: (9599, /b'Tm')
DEBUG 2025-03-27 19:42:40,698 pdfinterp exec: Tm [1, 0, 0, -1, 0, 47.68899918]
DEBUG 2025-03-27 19:42:40,698 psparser nexttoken: (9602, /b'[')
DEBUG 2025-03-27 19:42:40,698 psparser start_type: pos=9602, type='a'
DEBUG 2025-03-27 19:42:40,698 psparser nexttoken: (9603, b'\x00\r\x00\x0e\x00.\x00\x06\x00\x0e\x00 \x00:\x00\x0e\x00\x0f\x00\x01\x00\x1d\x00\x1b\x00\x1d\x00+\x00B\x00\x02\x00B\x00\r\x00\x0e\x00.\x00\x06\x00\x0e\x00 \x00:\x00\x0e\x00\x0f\x00\x01\x00\x1d\x00\x1b\x00\x1d\x00+\x00B')
DEBUG 2025-03-27 19:42:40,698 psparser nexttoken: (9733, /b']')
DEBUG 2025-03-27 19:42:40,698 psparser end_type: pos=9602, type='a', objs=[b'\x00\r\x00\x0e\x00.\x00\x06\x00\x0e\x00 \x00:\x00\x0e\x00\x0f\x00\x01\x00\x1d\x00\x1b\x00\x1d\x00+\x00B\x00\x02\x00B\x00\r\x00\x0e\x00.\x00\x06\x00\x0e\x00 \x00:\x00\x0e\x00\x0f\x00\x01\x00\x1d\x00\x1b\x00\x1d\x00+\x00B']
DEBUG 2025-03-27 19:42:40,698 psparser add_results: ((9602, [b'\x00\r\x00\x0e\x00.\x00\x06\x00\x0e\x00 \x00:\x00\x0e\x00\x0f\x00\x01\x00\x1d\x00\x1b\x00\x1d\x00+\x00B\x00\x02\x00B\x00\r\x00\x0e\x00.\x00\x06\x00\x0e\x00 \x00:\x00\x0e\x00\x0f\x00\x01\x00\x1d\x00\x1b\x00\x1d\x00+\x00B']),)
DEBUG 2025-03-27 19:42:40,700 psparser nextobject: (9602, [b'\x00\r\x00\x0e\x00.\x00\x06\x00\x0e\x00 \x00:\x00\x0e\x00\x0f\x00\x01\x00\x1d\x00\x1b\x00\x1d\x00+\x00B\x00\x02\x00B\x00\r\x00\x0e\x00.\x00\x06\x00\x0e\x00 \x00:\x00\x0e\x00\x0f\x00\x01\x00\x1d\x00\x1b\x00\x1d\x00+\x00B'])
DEBUG 2025-03-27 19:42:40,700 psparser nexttoken: (9735, /b'TJ')
DEBUG 2025-03-27 19:42:40,700 psparser do_keyword: pos=9735, token=/b'TJ', stack=[]
DEBUG 2025-03-27 19:42:40,700 psparser add_results: ((9735, /b'TJ'),)
DEBUG 2025-03-27 19:42:40,700 psparser nextobject: (9735, /b'TJ')
DEBUG 2025-03-27 19:42:40,700 pdfinterp exec: TJ [[b'\x00\r\x00\x0e\x00.\x00\x06\x00\x0e\x00 \x00:\x00\x0e\x00\x0f\x00\x01\x00\x1d\x00\x1b\x00\x1d\x00+\x00B\x00\x02\x00B\x00\r\x00\x0e\x00.\x00\x06\x00\x0e\x00 \x00:\x00\x0e\x00\x0f\x00\x01\x00\x1d\x00\x1b\x00\x1d\x00+\x00B']]
DEBUG 2025-03-27 19:42:40,700 cmapdb get_unichr: <UnicodeMap: /'Adobe-Identity-UCS'>, 13
DEBUG 2025-03-27 19:42:40,700 cmapdb get_unichr: <UnicodeMap: /'Adobe-Identity-UCS'>, 14
DEBUG 2025-03-27 19:42:40,700 cmapdb get_unichr: <UnicodeMap: /'Adobe-Identity-UCS'>, 46
DEBUG 2025-03-27 19:42:40,700 cmapdb get_unichr: <UnicodeMap: /'Adobe-Identity-UCS'>, 6
DEBUG 2025-03-27 19:42:40,700 cmapdb get_unichr: <UnicodeMap: /'Adobe-Identity-UCS'>, 14
DEBUG 2025-03-27 19:42:40,700 cmapdb get_unichr: <UnicodeMap: /'Adobe-Identity-UCS'>, 32
DEBUG 2025-03-27 19:42:40,700 cmapdb get_unichr: <UnicodeMap: /'Adobe-Identity-UCS'>, 58
DEBUG 2025-03-27 19:42:40,701 cmapdb get_unichr: <UnicodeMap: /'Adobe-Identity-UCS'>, 14
DEBUG 2025-03-27 19:42:40,701 cmapdb get_unichr: <UnicodeMap: /'Adobe-Identity-UCS'>, 15
DEBUG 2025-03-27 19:42:40,701 cmapdb get_unichr: <UnicodeMap: /'Adobe-Identity-UCS'>, 1
DEBUG 2025-03-27 19:42:40,701 cmapdb get_unichr: <UnicodeMap: /'Adobe-Identity-UCS'>, 29
DEBUG 2025-03-27 19:42:40,701 cmapdb get_unichr: <UnicodeMap: /'Adobe-Identity-UCS'>, 27
DEBUG 2025-03-27 19:42:40,701 cmapdb get_unichr: <UnicodeMap: /'Adobe-Identity-UCS'>, 29
DEBUG 2025-03-27 19:42:40,701 cmapdb get_unichr: <UnicodeMap: /'Adobe-Identity-UCS'>, 43
DEBUG 2025-03-27 19:42:40,701 cmapdb get_unichr: <UnicodeMap: /'Adobe-Identity-UCS'>, 66
DEBUG 2025-03-27 19:42:40,701 cmapdb get_unichr: <UnicodeMap: /'Adobe-Identity-UCS'>, 2
DEBUG 2025-03-27 19:42:40,702 cmapdb get_unichr: <UnicodeMap: /'Adobe-Identity-UCS'>, 66
DEBUG 2025-03-27 19:42:40,702 cmapdb get_unichr: <UnicodeMap: /'Adobe-Identity-UCS'>, 13
DEBUG 2025-03-27 19:42:40,702 cmapdb get_unichr: <UnicodeMap: /'Adobe-Identity-UCS'>, 14
DEBUG 2025-03-27 19:42:40,702 cmapdb get_unichr: <UnicodeMap: /'Adobe-Identity-UCS'>, 46
DEBUG 2025-03-27 19:42:40,702 cmapdb get_unichr: <UnicodeMap: /'Adobe-Identity-UCS'>, 6
DEBUG 2025-03-27 19:42:40,702 cmapdb get_unichr: <UnicodeMap: /'Adobe-Identity-UCS'>, 14
DEBUG 2025-03-27 19:42:40,702 cmapdb get_unichr: <UnicodeMap: /'Adobe-Identity-UCS'>, 32
DEBUG 2025-03-27 19:42:40,702 cmapdb get_unichr: <UnicodeMap: /'Adobe-Identity-UCS'>, 58
DEBUG 2025-03-27 19:42:40,702 cmapdb get_unichr: <UnicodeMap: /'Adobe-Identity-UCS'>, 14
DEBUG 2025-03-27 19:42:40,702 cmapdb get_unichr: <UnicodeMap: /'Adobe-Identity-UCS'>, 15
DEBUG 2025-03-27 19:42:40,703 cmapdb get_unichr: <UnicodeMap: /'Adobe-Identity-UCS'>, 1
DEBUG 2025-03-27 19:42:40,703 cmapdb get_unichr: <UnicodeMap: /'Adobe-Identity-UCS'>, 29
DEBUG 2025-03-27 19:42:40,703 cmapdb get_unichr: <UnicodeMap: /'Adobe-Identity-UCS'>, 27
DEBUG 2025-03-27 19:42:40,703 cmapdb get_unichr: <UnicodeMap: /'Adobe-Identity-UCS'>, 29
DEBUG 2025-03-27 19:42:40,703 cmapdb get_unichr: <UnicodeMap: /'Adobe-Identity-UCS'>, 43
DEBUG 2025-03-27 19:42:40,703 cmapdb get_unichr: <UnicodeMap: /'Adobe-Identity-UCS'>, 66
DEBUG 2025-03-27 19:42:40,703 psparser nexttoken: (9738, /b'ET')
DEBUG 2025-03-27 19:42:40,703 psparser do_keyword: pos=9738, token=/b'ET', stack=[]
DEBUG 2025-03-27 19:42:40,703 psparser add_results: ((9738, /b'ET'),)
DEBUG 2025-03-27 19:42:40,704 psparser nextobject: (9738, /b'ET')
DEBUG 2025-03-27 19:42:40,704 pdfinterp exec: ET
DEBUG 2025-03-27 19:42:40,704 psparser nexttoken: (9741, /b'EMC')
DEBUG 2025-03-27 19:42:40,704 psparser do_keyword: pos=9741, token=/b'EMC', stack=[]
DEBUG 2025-03-27 19:42:40,704 psparser add_results: ((9741, /b'EMC'),)
DEBUG 2025-03-27 19:42:40,704 psparser nextobject: (9741, /b'EMC')
DEBUG 2025-03-27 19:42:40,704 pdfinterp exec: EMC
DEBUG 2025-03-27 19:42:40,704 psparser nexttoken: (9745, /'Span')
DEBUG 2025-03-27 19:42:40,704 psparser add_results: ((9745, /'Span'),)
DEBUG 2025-03-27 19:42:40,704 psparser nextobject: (9745, /'Span')
DEBUG 2025-03-27 19:42:40,704 psparser nexttoken: (9751, /b'<<')
DEBUG 2025-03-27 19:42:40,704 psparser start_type: pos=9751, type='d'
DEBUG 2025-03-27 19:42:40,704 psparser nexttoken: (9753, /'MCID')
DEBUG 2025-03-27 19:42:40,704 psparser nexttoken: (9759, 42)
DEBUG 2025-03-27 19:42:40,704 psparser nexttoken: (9761, /b'>>')
DEBUG 2025-03-27 19:42:40,704 psparser end_type: pos=9751, type='d', objs=[/'MCID', 42]
DEBUG 2025-03-27 19:42:40,704 psparser add_results: ((9751, {'MCID': 42}),)
DEBUG 2025-03-27 19:42:40,704 psparser nextobject: (9751, {'MCID': 42})
DEBUG 2025-03-27 19:42:40,704 psparser nexttoken: (9764, /b'BDC')
DEBUG 2025-03-27 19:42:40,704 psparser do_keyword: pos=9764, token=/b'BDC', stack=[]
DEBUG 2025-03-27 19:42:40,704 psparser add_results: ((9764, /b'BDC'),)
DEBUG 2025-03-27 19:42:40,705 psparser nextobject: (9764, /b'BDC')
DEBUG 2025-03-27 19:42:40,705 pdfinterp exec: BDC [/'Span', {'MCID': 42}]
DEBUG 2025-03-27 19:42:40,705 psparser nexttoken: (9768, /b'BT')
DEBUG 2025-03-27 19:42:40,705 psparser do_keyword: pos=9768, token=/b'BT', stack=[]
DEBUG 2025-03-27 19:42:40,705 psparser add_results: ((9768, /b'BT'),)
DEBUG 2025-03-27 19:42:40,705 psparser nextobject: (9768, /b'BT')
DEBUG 2025-03-27 19:42:40,705 pdfinterp exec: BT
DEBUG 2025-03-27 19:42:40,706 psparser nexttoken: (9771, /'F15')
DEBUG 2025-03-27 19:42:40,706 psparser add_results: ((9771, /'F15'),)
DEBUG 2025-03-27 19:42:40,706 psparser nextobject: (9771, /'F15')
DEBUG 2025-03-27 19:42:40,706 psparser nexttoken: (9776, 10.5)
DEBUG 2025-03-27 19:42:40,706 psparser add_results: ((9776, 10.5),)
DEBUG 2025-03-27 19:42:40,706 psparser nextobject: (9776, 10.5)
DEBUG 2025-03-27 19:42:40,707 psparser nexttoken: (9781, /b'Tf')
DEBUG 2025-03-27 19:42:40,707 psparser do_keyword: pos=9781, token=/b'Tf', stack=[]
DEBUG 2025-03-27 19:42:40,707 psparser add_results: ((9781, /b'Tf'),)
DEBUG 2025-03-27 19:42:40,707 psparser nextobject: (9781, /b'Tf')
DEBUG 2025-03-27 19:42:40,707 pdfinterp exec: Tf [/'F15', 10.5]
DEBUG 2025-03-27 19:42:40,707 psparser nexttoken: (9784, 1)
DEBUG 2025-03-27 19:42:40,707 psparser add_results: ((9784, 1),)
DEBUG 2025-03-27 19:42:40,707 psparser nextobject: (9784, 1)
DEBUG 2025-03-27 19:42:40,708 psparser nexttoken: (9786, 0)
DEBUG 2025-03-27 19:42:40,708 psparser add_results: ((9786, 0),)
DEBUG 2025-03-27 19:42:40,708 psparser nextobject: (9786, 0)
DEBUG 2025-03-27 19:42:40,708 psparser nexttoken: (9788, 0)
DEBUG 2025-03-27 19:42:40,708 psparser add_results: ((9788, 0),)
DEBUG 2025-03-27 19:42:40,708 psparser nextobject: (9788, 0)
DEBUG 2025-03-27 19:42:40,708 psparser nexttoken: (9790, -1)
DEBUG 2025-03-27 19:42:40,708 psparser add_results: ((9790, -1),)
DEBUG 2025-03-27 19:42:40,708 psparser nextobject: (9790, -1)
DEBUG 2025-03-27 19:42:40,709 psparser nexttoken: (9793, 167.40600586)
DEBUG 2025-03-27 19:42:40,709 psparser add_results: ((9793, 167.40600586),)
DEBUG 2025-03-27 19:42:40,709 psparser nextobject: (9793, 167.40600586)
DEBUG 2025-03-27 19:42:40,710 psparser nexttoken: (9806, 47.68899918)
DEBUG 2025-03-27 19:42:40,710 psparser add_results: ((9806, 47.68899918),)
DEBUG 2025-03-27 19:42:40,710 psparser nextobject: (9806, 47.68899918)
DEBUG 2025-03-27 19:42:40,710 psparser nexttoken: (9818, /b'Tm')
DEBUG 2025-03-27 19:42:40,710 psparser do_keyword: pos=9818, token=/b'Tm', stack=[]
DEBUG 2025-03-27 19:42:40,710 psparser add_results: ((9818, /b'Tm'),)
DEBUG 2025-03-27 19:42:40,710 psparser nextobject: (9818, /b'Tm')
DEBUG 2025-03-27 19:42:40,710 pdfinterp exec: Tm [1, 0, 0, -1, 167.40600586, 47.68899918]
DEBUG 2025-03-27 19:42:40,710 psparser nexttoken: (9821, /b'[')
DEBUG 2025-03-27 19:42:40,710 psparser start_type: pos=9821, type='a'
DEBUG 2025-03-27 19:42:40,710 psparser nexttoken: (9822, b'\x00\x1e\x00\x10\x00\x01\x00 \x00\x04\x00\x05\x00\x06\x00%\x00!')
DEBUG 2025-03-27 19:42:40,710 psparser nexttoken: (9860, /b']')
DEBUG 2025-03-27 19:42:40,711 psparser end_type: pos=9821, type='a', objs=[b'\x00\x1e\x00\x10\x00\x01\x00 \x00\x04\x00\x05\x00\x06\x00%\x00!']
DEBUG 2025-03-27 19:42:40,711 psparser add_results: ((9821, [b'\x00\x1e\x00\x10\x00\x01\x00 \x00\x04\x00\x05\x00\x06\x00%\x00!']),)
DEBUG 2025-03-27 19:42:40,711 psparser nextobject: (9821, [b'\x00\x1e\x00\x10\x00\x01\x00 \x00\x04\x00\x05\x00\x06\x00%\x00!'])
DEBUG 2025-03-27 19:42:40,711 psparser nexttoken: (9862, /b'TJ')
DEBUG 2025-03-27 19:42:40,711 psparser do_keyword: pos=9862, token=/b'TJ', stack=[]
DEBUG 2025-03-27 19:42:40,711 psparser add_results: ((9862, /b'TJ'),)
DEBUG 2025-03-27 19:42:40,711 psparser nextobject: (9862, /b'TJ')
DEBUG 2025-03-27 19:42:40,711 pdfinterp exec: TJ [[b'\x00\x1e\x00\x10\x00\x01\x00 \x00\x04\x00\x05\x00\x06\x00%\x00!']]
DEBUG 2025-03-27 19:42:40,711 cmapdb get_unichr: <UnicodeMap: /'Adobe-Identity-UCS'>, 30
DEBUG 2025-03-27 19:42:40,711 cmapdb get_unichr: <UnicodeMap: /'Adobe-Identity-UCS'>, 16
DEBUG 2025-03-27 19:42:40,711 cmapdb get_unichr: <UnicodeMap: /'Adobe-Identity-UCS'>, 1
DEBUG 2025-03-27 19:42:40,711 cmapdb get_unichr: <UnicodeMap: /'Adobe-Identity-UCS'>, 32
DEBUG 2025-03-27 19:42:40,711 cmapdb get_unichr: <UnicodeMap: /'Adobe-Identity-UCS'>, 4
DEBUG 2025-03-27 19:42:40,713 cmapdb get_unichr: <UnicodeMap: /'Adobe-Identity-UCS'>, 5
DEBUG 2025-03-27 19:42:40,713 cmapdb get_unichr: <UnicodeMap: /'Adobe-Identity-UCS'>, 6
DEBUG 2025-03-27 19:42:40,713 cmapdb get_unichr: <UnicodeMap: /'Adobe-Identity-UCS'>, 37
DEBUG 2025-03-27 19:42:40,713 cmapdb get_unichr: <UnicodeMap: /'Adobe-Identity-UCS'>, 33
DEBUG 2025-03-27 19:42:40,713 psparser nexttoken: (9865, /b'ET')
DEBUG 2025-03-27 19:42:40,713 psparser do_keyword: pos=9865, token=/b'ET', stack=[]
DEBUG 2025-03-27 19:42:40,713 psparser add_results: ((9865, /b'ET'),)
DEBUG 2025-03-27 19:42:40,713 psparser nextobject: (9865, /b'ET')
DEBUG 2025-03-27 19:42:40,713 pdfinterp exec: ET
DEBUG 2025-03-27 19:42:40,713 psparser nexttoken: (9868, /b'EMC')
DEBUG 2025-03-27 19:42:40,713 psparser do_keyword: pos=9868, token=/b'EMC', stack=[]
DEBUG 2025-03-27 19:42:40,713 psparser add_results: ((9868, /b'EMC'),)
DEBUG 2025-03-27 19:42:40,713 psparser nextobject: (9868, /b'EMC')
DEBUG 2025-03-27 19:42:40,713 pdfinterp exec: EMC
DEBUG 2025-03-27 19:42:40,713 psparser nexttoken: (9872, 0.6941)
DEBUG 2025-03-27 19:42:40,713 psparser add_results: ((9872, 0.6941),)
DEBUG 2025-03-27 19:42:40,713 psparser nextobject: (9872, 0.6941)
DEBUG 2025-03-27 19:42:40,713 psparser nexttoken: (9879, /b'g')
DEBUG 2025-03-27 19:42:40,713 psparser do_keyword: pos=9879, token=/b'g', stack=[]
DEBUG 2025-03-27 19:42:40,713 psparser add_results: ((9879, /b'g'),)
DEBUG 2025-03-27 19:42:40,713 psparser nextobject: (9879, /b'g')
DEBUG 2025-03-27 19:42:40,713 pdfinterp exec: g [0.6941]
DEBUG 2025-03-27 19:42:40,713 psparser nexttoken: (9881, /'P')
DEBUG 2025-03-27 19:42:40,713 psparser add_results: ((9881, /'P'),)
DEBUG 2025-03-27 19:42:40,714 psparser nextobject: (9881, /'P')
DEBUG 2025-03-27 19:42:40,714 psparser nexttoken: (9884, /b'<<')
DEBUG 2025-03-27 19:42:40,714 psparser start_type: pos=9884, type='d'
DEBUG 2025-03-27 19:42:40,714 psparser nexttoken: (9886, /'MCID')
DEBUG 2025-03-27 19:42:40,714 psparser nexttoken: (9892, 43)
DEBUG 2025-03-27 19:42:40,714 psparser nexttoken: (9894, /b'>>')
DEBUG 2025-03-27 19:42:40,714 psparser end_type: pos=9884, type='d', objs=[/'MCID', 43]
DEBUG 2025-03-27 19:42:40,714 psparser add_results: ((9884, {'MCID': 43}),)
DEBUG 2025-03-27 19:42:40,715 psparser nextobject: (9884, {'MCID': 43})
DEBUG 2025-03-27 19:42:40,715 psparser nexttoken: (9897, /b'BDC')
DEBUG 2025-03-27 19:42:40,715 psparser do_keyword: pos=9897, token=/b'BDC', stack=[]
DEBUG 2025-03-27 19:42:40,715 psparser add_results: ((9897, /b'BDC'),)
DEBUG 2025-03-27 19:42:40,715 psparser nextobject: (9897, /b'BDC')
DEBUG 2025-03-27 19:42:40,715 pdfinterp exec: BDC [/'P', {'MCID': 43}]
DEBUG 2025-03-27 19:42:40,715 psparser nexttoken: (9901, /b'BT')
DEBUG 2025-03-27 19:42:40,715 psparser do_keyword: pos=9901, token=/b'BT', stack=[]
DEBUG 2025-03-27 19:42:40,715 psparser add_results: ((9901, /b'BT'),)
DEBUG 2025-03-27 19:42:40,715 psparser nextobject: (9901, /b'BT')
DEBUG 2025-03-27 19:42:40,715 pdfinterp exec: BT
DEBUG 2025-03-27 19:42:40,715 psparser nexttoken: (9904, /'F15')
DEBUG 2025-03-27 19:42:40,715 psparser add_results: ((9904, /'F15'),)
DEBUG 2025-03-27 19:42:40,717 psparser nextobject: (9904, /'F15')
DEBUG 2025-03-27 19:42:40,717 psparser nexttoken: (9909, 10.5)
DEBUG 2025-03-27 19:42:40,717 psparser add_results: ((9909, 10.5),)
DEBUG 2025-03-27 19:42:40,717 psparser nextobject: (9909, 10.5)
DEBUG 2025-03-27 19:42:40,717 psparser nexttoken: (9914, /b'Tf')
DEBUG 2025-03-27 19:42:40,717 psparser do_keyword: pos=9914, token=/b'Tf', stack=[]
DEBUG 2025-03-27 19:42:40,717 psparser add_results: ((9914, /b'Tf'),)
DEBUG 2025-03-27 19:42:40,717 psparser nextobject: (9914, /b'Tf')
DEBUG 2025-03-27 19:42:40,718 pdfinterp exec: Tf [/'F15', 10.5]
DEBUG 2025-03-27 19:42:40,718 psparser nexttoken: (9917, 1)
DEBUG 2025-03-27 19:42:40,718 psparser add_results: ((9917, 1),)
DEBUG 2025-03-27 19:42:40,718 psparser nextobject: (9917, 1)
DEBUG 2025-03-27 19:42:40,718 psparser nexttoken: (9919, 0)
DEBUG 2025-03-27 19:42:40,718 psparser add_results: ((9919, 0),)
DEBUG 2025-03-27 19:42:40,718 psparser nextobject: (9919, 0)
DEBUG 2025-03-27 19:42:40,718 psparser nexttoken: (9921, 0)
DEBUG 2025-03-27 19:42:40,718 psparser add_results: ((9921, 0),)
DEBUG 2025-03-27 19:42:40,718 psparser nextobject: (9921, 0)
DEBUG 2025-03-27 19:42:40,718 psparser nexttoken: (9923, -1)
DEBUG 2025-03-27 19:42:40,718 psparser add_results: ((9923, -1),)
DEBUG 2025-03-27 19:42:40,718 psparser nextobject: (9923, -1)
DEBUG 2025-03-27 19:42:40,718 psparser nexttoken: (9926, 0)
DEBUG 2025-03-27 19:42:40,718 psparser add_results: ((9926, 0),)
DEBUG 2025-03-27 19:42:40,718 psparser nextobject: (9926, 0)
DEBUG 2025-03-27 19:42:40,718 psparser nexttoken: (9928, 62.375)
DEBUG 2025-03-27 19:42:40,718 psparser add_results: ((9928, 62.375),)
DEBUG 2025-03-27 19:42:40,718 psparser nextobject: (9928, 62.375)
DEBUG 2025-03-27 19:42:40,718 psparser nexttoken: (9935, /b'Tm')
DEBUG 2025-03-27 19:42:40,718 psparser do_keyword: pos=9935, token=/b'Tm', stack=[]
DEBUG 2025-03-27 19:42:40,718 psparser add_results: ((9935, /b'Tm'),)
DEBUG 2025-03-27 19:42:40,718 psparser nextobject: (9935, /b'Tm')
DEBUG 2025-03-27 19:42:40,718 pdfinterp exec: Tm [1, 0, 0, -1, 0, 62.375]
DEBUG 2025-03-27 19:42:40,719 psparser nexttoken: (9938, /b'[')
DEBUG 2025-03-27 19:42:40,719 psparser start_type: pos=9938, type='a'
DEBUG 2025-03-27 19:42:40,719 psparser nexttoken: (9939, b'\x00\x11\x00\x16\x00\x08\x00\x17\x00\x05\x00\x04\x00\x18\x00\x0c\x00\x01\x004\x00\x06\x00\x06\x00\x07\x00\x0f\x00\x01\x001\x00\x0f\x00\x07\x00"\x00\x0e\x00#\x00%\x00\x0c\x00\x01\x00,\x00\x05\x00"\x00$\x00\x07')
DEBUG 2025-03-27 19:42:40,719 psparser nexttoken: (10057, /b']')
DEBUG 2025-03-27 19:42:40,719 psparser end_type: pos=9938, type='a', objs=[b'\x00\x11\x00\x16\x00\x08\x00\x17\x00\x05\x00\x04\x00\x18\x00\x0c\x00\x01\x004\x00\x06\x00\x06\x00\x07\x00\x0f\x00\x01\x001\x00\x0f\x00\x07\x00"\x00\x0e\x00#\x00%\x00\x0c\x00\x01\x00,\x00\x05\x00"\x00$\x00\x07']
DEBUG 2025-03-27 19:42:40,719 psparser add_results: ((9938, [b'\x00\x11\x00\x16\x00\x08\x00\x17\x00\x05\x00\x04\x00\x18\x00\x0c\x00\x01\x004\x00\x06\x00\x06\x00\x07\x00\x0f\x00\x01\x001\x00\x0f\x00\x07\x00"\x00\x0e\x00#\x00%\x00\x0c\x00\x01\x00,\x00\x05\x00"\x00$\x00\x07']),)
DEBUG 2025-03-27 19:42:40,719 psparser nextobject: (9938, [b'\x00\x11\x00\x16\x00\x08\x00\x17\x00\x05\x00\x04\x00\x18\x00\x0c\x00\x01\x004\x00\x06\x00\x06\x00\x07\x00\x0f\x00\x01\x001\x00\x0f\x00\x07\x00"\x00\x0e\x00#\x00%\x00\x0c\x00\x01\x00,\x00\x05\x00"\x00$\x00\x07'])
DEBUG 2025-03-27 19:42:40,719 psparser nexttoken: (10059, /b'TJ')
DEBUG 2025-03-27 19:42:40,720 psparser do_keyword: pos=10059, token=/b'TJ', stack=[]
DEBUG 2025-03-27 19:42:40,720 psparser add_results: ((10059, /b'TJ'),)
DEBUG 2025-03-27 19:42:40,720 psparser nextobject: (10059, /b'TJ')
DEBUG 2025-03-27 19:42:40,720 pdfinterp exec: TJ [[b'\x00\x11\x00\x16\x00\x08\x00\x17\x00\x05\x00\x04\x00\x18\x00\x0c\x00\x01\x004\x00\x06\x00\x06\x00\x07\x00\x0f\x00\x01\x001\x00\x0f\x00\x07\x00"\x00\x0e\x00#\x00%\x00\x0c\x00\x01\x00,\x00\x05\x00"\x00$\x00\x07']]
DEBUG 2025-03-27 19:42:40,721 cmapdb get_unichr: <UnicodeMap: /'Adobe-Identity-UCS'>, 17
DEBUG 2025-03-27 19:42:40,721 cmapdb get_unichr: <UnicodeMap: /'Adobe-Identity-UCS'>, 22
DEBUG 2025-03-27 19:42:40,721 cmapdb get_unichr: <UnicodeMap: /'Adobe-Identity-UCS'>, 8
DEBUG 2025-03-27 19:42:40,721 cmapdb get_unichr: <UnicodeMap: /'Adobe-Identity-UCS'>, 23
DEBUG 2025-03-27 19:42:40,721 cmapdb get_unichr: <UnicodeMap: /'Adobe-Identity-UCS'>, 5
DEBUG 2025-03-27 19:42:40,721 cmapdb get_unichr: <UnicodeMap: /'Adobe-Identity-UCS'>, 4
DEBUG 2025-03-27 19:42:40,721 cmapdb get_unichr: <UnicodeMap: /'Adobe-Identity-UCS'>, 24
DEBUG 2025-03-27 19:42:40,722 cmapdb get_unichr: <UnicodeMap: /'Adobe-Identity-UCS'>, 12
DEBUG 2025-03-27 19:42:40,722 cmapdb get_unichr: <UnicodeMap: /'Adobe-Identity-UCS'>, 1
DEBUG 2025-03-27 19:42:40,722 cmapdb get_unichr: <UnicodeMap: /'Adobe-Identity-UCS'>, 52
DEBUG 2025-03-27 19:42:40,722 cmapdb get_unichr: <UnicodeMap: /'Adobe-Identity-UCS'>, 6
DEBUG 2025-03-27 19:42:40,722 cmapdb get_unichr: <UnicodeMap: /'Adobe-Identity-UCS'>, 6
DEBUG 2025-03-27 19:42:40,722 cmapdb get_unichr: <UnicodeMap: /'Adobe-Identity-UCS'>, 7
DEBUG 2025-03-27 19:42:40,722 cmapdb get_unichr: <UnicodeMap: /'Adobe-Identity-UCS'>, 15
DEBUG 2025-03-27 19:42:40,722 cmapdb get_unichr: <UnicodeMap: /'Adobe-Identity-UCS'>, 1
DEBUG 2025-03-27 19:42:40,722 cmapdb get_unichr: <UnicodeMap: /'Adobe-Identity-UCS'>, 49
DEBUG 2025-03-27 19:42:40,722 cmapdb get_unichr: <UnicodeMap: /'Adobe-Identity-UCS'>, 15
DEBUG 2025-03-27 19:42:40,723 cmapdb get_unichr: <UnicodeMap: /'Adobe-Identity-UCS'>, 7
DEBUG 2025-03-27 19:42:40,723 cmapdb get_unichr: <UnicodeMap: /'Adobe-Identity-UCS'>, 34
DEBUG 2025-03-27 19:42:40,723 cmapdb get_unichr: <UnicodeMap: /'Adobe-Identity-UCS'>, 14
DEBUG 2025-03-27 19:42:40,723 cmapdb get_unichr: <UnicodeMap: /'Adobe-Identity-UCS'>, 35
DEBUG 2025-03-27 19:42:40,723 cmapdb get_unichr: <UnicodeMap: /'Adobe-Identity-UCS'>, 37
DEBUG 2025-03-27 19:42:40,723 cmapdb get_unichr: <UnicodeMap: /'Adobe-Identity-UCS'>, 12
DEBUG 2025-03-27 19:42:40,723 cmapdb get_unichr: <UnicodeMap: /'Adobe-Identity-UCS'>, 1
DEBUG 2025-03-27 19:42:40,723 cmapdb get_unichr: <UnicodeMap: /'Adobe-Identity-UCS'>, 44
DEBUG 2025-03-27 19:42:40,723 cmapdb get_unichr: <UnicodeMap: /'Adobe-Identity-UCS'>, 5
DEBUG 2025-03-27 19:42:40,723 cmapdb get_unichr: <UnicodeMap: /'Adobe-Identity-UCS'>, 34
DEBUG 2025-03-27 19:42:40,723 cmapdb get_unichr: <UnicodeMap: /'Adobe-Identity-UCS'>, 36
DEBUG 2025-03-27 19:42:40,724 cmapdb get_unichr: <UnicodeMap: /'Adobe-Identity-UCS'>, 7
DEBUG 2025-03-27 19:42:40,724 psparser nexttoken: (10062, /b'ET')
DEBUG 2025-03-27 19:42:40,724 psparser do_keyword: pos=10062, token=/b'ET', stack=[]
DEBUG 2025-03-27 19:42:40,724 psparser add_results: ((10062, /b'ET'),)
DEBUG 2025-03-27 19:42:40,724 psparser nextobject: (10062, /b'ET')
DEBUG 2025-03-27 19:42:40,725 pdfinterp exec: ET
DEBUG 2025-03-27 19:42:40,725 psparser nexttoken: (10065, /b'EMC')
DEBUG 2025-03-27 19:42:40,725 psparser do_keyword: pos=10065, token=/b'EMC', stack=[]
DEBUG 2025-03-27 19:42:40,726 psparser add_results: ((10065, /b'EMC'),)
DEBUG 2025-03-27 19:42:40,726 psparser nextobject: (10065, /b'EMC')
DEBUG 2025-03-27 19:42:40,726 pdfinterp exec: EMC
DEBUG 2025-03-27 19:42:40,726 psparser nexttoken: (10069, 0.098)
DEBUG 2025-03-27 19:42:40,726 psparser add_results: ((10069, 0.098),)
DEBUG 2025-03-27 19:42:40,726 psparser nextobject: (10069, 0.098)
DEBUG 2025-03-27 19:42:40,726 psparser nexttoken: (10075, /b'g')
DEBUG 2025-03-27 19:42:40,727 psparser do_keyword: pos=10075, token=/b'g', stack=[]
DEBUG 2025-03-27 19:42:40,727 psparser add_results: ((10075, /b'g'),)
DEBUG 2025-03-27 19:42:40,727 psparser nextobject: (10075, /b'g')
DEBUG 2025-03-27 19:42:40,727 pdfinterp exec: g [0.098]
DEBUG 2025-03-27 19:42:40,727 psparser nexttoken: (10077, /'P')
DEBUG 2025-03-27 19:42:40,727 psparser add_results: ((10077, /'P'),)
DEBUG 2025-03-27 19:42:40,727 psparser nextobject: (10077, /'P')
DEBUG 2025-03-27 19:42:40,727 psparser nexttoken: (10080, /b'<<')
DEBUG 2025-03-27 19:42:40,728 psparser start_type: pos=10080, type='d'
DEBUG 2025-03-27 19:42:40,728 psparser nexttoken: (10082, /'MCID')
DEBUG 2025-03-27 19:42:40,728 psparser nexttoken: (10088, 44)
DEBUG 2025-03-27 19:42:40,728 psparser nexttoken: (10090, /b'>>')
DEBUG 2025-03-27 19:42:40,728 psparser end_type: pos=10080, type='d', objs=[/'MCID', 44]
DEBUG 2025-03-27 19:42:40,728 psparser add_results: ((10080, {'MCID': 44}),)
DEBUG 2025-03-27 19:42:40,728 psparser nextobject: (10080, {'MCID': 44})
DEBUG 2025-03-27 19:42:40,728 psparser nexttoken: (10093, /b'BDC')
DEBUG 2025-03-27 19:42:40,728 psparser do_keyword: pos=10093, token=/b'BDC', stack=[]
DEBUG 2025-03-27 19:42:40,729 psparser add_results: ((10093, /b'BDC'),)
DEBUG 2025-03-27 19:42:40,729 psparser nextobject: (10093, /b'BDC')
DEBUG 2025-03-27 19:42:40,729 pdfinterp exec: BDC [/'P', {'MCID': 44}]
DEBUG 2025-03-27 19:42:40,729 psparser nexttoken: (10097, /b'BT')
DEBUG 2025-03-27 19:42:40,729 psparser do_keyword: pos=10097, token=/b'BT', stack=[]
DEBUG 2025-03-27 19:42:40,729 psparser add_results: ((10097, /b'BT'),)
DEBUG 2025-03-27 19:42:40,729 psparser nextobject: (10097, /b'BT')
DEBUG 2025-03-27 19:42:40,729 pdfinterp exec: BT
DEBUG 2025-03-27 19:42:40,729 psparser nexttoken: (10100, /'F15')
DEBUG 2025-03-27 19:42:40,729 psparser add_results: ((10100, /'F15'),)
DEBUG 2025-03-27 19:42:40,730 psparser nextobject: (10100, /'F15')
DEBUG 2025-03-27 19:42:40,730 psparser nexttoken: (10105, 10.5)
DEBUG 2025-03-27 19:42:40,730 psparser add_results: ((10105, 10.5),)
DEBUG 2025-03-27 19:42:40,730 psparser nextobject: (10105, 10.5)
DEBUG 2025-03-27 19:42:40,730 psparser nexttoken: (10110, /b'Tf')
DEBUG 2025-03-27 19:42:40,731 psparser do_keyword: pos=10110, token=/b'Tf', stack=[]
DEBUG 2025-03-27 19:42:40,731 psparser add_results: ((10110, /b'Tf'),)
DEBUG 2025-03-27 19:42:40,731 psparser nextobject: (10110, /b'Tf')
DEBUG 2025-03-27 19:42:40,731 pdfinterp exec: Tf [/'F15', 10.5]
DEBUG 2025-03-27 19:42:40,731 psparser nexttoken: (10113, 1)
DEBUG 2025-03-27 19:42:40,732 psparser add_results: ((10113, 1),)
DEBUG 2025-03-27 19:42:40,732 psparser nextobject: (10113, 1)
DEBUG 2025-03-27 19:42:40,732 psparser nexttoken: (10115, 0)
DEBUG 2025-03-27 19:42:40,732 psparser add_results: ((10115, 0),)
DEBUG 2025-03-27 19:42:40,732 psparser nextobject: (10115, 0)
DEBUG 2025-03-27 19:42:40,732 psparser nexttoken: (10117, 0)
DEBUG 2025-03-27 19:42:40,733 psparser add_results: ((10117, 0),)
DEBUG 2025-03-27 19:42:40,733 psparser nextobject: (10117, 0)
DEBUG 2025-03-27 19:42:40,733 psparser nexttoken: (10119, -1)
DEBUG 2025-03-27 19:42:40,733 psparser add_results: ((10119, -1),)
DEBUG 2025-03-27 19:42:40,733 psparser nextobject: (10119, -1)
DEBUG 2025-03-27 19:42:40,733 psparser nexttoken: (10122, 0)
DEBUG 2025-03-27 19:42:40,733 psparser add_results: ((10122, 0),)
DEBUG 2025-03-27 19:42:40,733 psparser nextobject: (10122, 0)
DEBUG 2025-03-27 19:42:40,733 psparser nexttoken: (10124, 83.75)
DEBUG 2025-03-27 19:42:40,733 psparser add_results: ((10124, 83.75),)
DEBUG 2025-03-27 19:42:40,733 psparser nextobject: (10124, 83.75)
DEBUG 2025-03-27 19:42:40,733 psparser nexttoken: (10130, /b'Tm')
DEBUG 2025-03-27 19:42:40,733 psparser do_keyword: pos=10130, token=/b'Tm', stack=[]
DEBUG 2025-03-27 19:42:40,734 psparser add_results: ((10130, /b'Tm'),)
DEBUG 2025-03-27 19:42:40,734 psparser nextobject: (10130, /b'Tm')
DEBUG 2025-03-27 19:42:40,734 pdfinterp exec: Tm [1, 0, 0, -1, 0, 83.75]
DEBUG 2025-03-27 19:42:40,734 psparser nexttoken: (10133, /b'[')
DEBUG 2025-03-27 19:42:40,734 psparser start_type: pos=10133, type='a'
DEBUG 2025-03-27 19:42:40,734 psparser nexttoken: (10134, b'\x00$\x00\x01\x00\x18\x00\x04\x00\x0f\x00\x17\x00\x0e\x00"\x00\x01\x00"\x00\x0e\x00\x0e\x00.\x00\x14\x00\x15\x00\x01\x00\x07\x00\x06\x00\x01\x00\x07\x00\x0f\x00\x0e\x00\x07\x00#\x00\x01\x00\x14\x00$\x00\x17\x00\x0e\x00\x01\x008\x00$\x00&\x00\x01\x00"\x00\x07\x00\x06\x00\x07\x00\x01\x00\x0c\x00\x03\x00\x14\x00\x04\x00\x16\x00"\x00\x01\x00\x03\x00\x04\x00 \x00.\x00\x16\x00\x06\x00$\x00\x05\x00&\x00\x01\x00\x07\x00\x05\x00"\x00\x01\x00\x12\x00\x07\x00\x06\x00\x07\x00\x01\x00\x13\x00\x05\x00\x07\x00\x14\x00\x15\x00#\x00$\x00#')
DEBUG 2025-03-27 19:42:40,734 psparser nexttoken: (10428, /b']')
DEBUG 2025-03-27 19:42:40,734 psparser end_type: pos=10133, type='a', objs=[b'\x00$\x00\x01\x00\x18\x00\x04\x00\x0f\x00\x17\x00\x0e\x00"\x00\x01\x00"\x00\x0e\x00\x0e\x00.\x00\x14\x00\x15\x00\x01\x00\x07\x00\x06\x00\x01\x00\x07\x00\x0f\x00\x0e\x00\x07\x00#\x00\x01\x00\x14\x00$\x00\x17\x00\x0e\x00\x01\x008\x00$\x00&\x00\x01\x00"\x00\x07\x00\x06\x00\x07\x00\x01\x00\x0c\x00\x03\x00\x14\x00\x04\x00\x16\x00"\x00\x01\x00\x03\x00\x04\x00 \x00.\x00\x16\x00\x06\x00$\x00\x05\x00&\x00\x01\x00\x07\x00\x05\x00"\x00\x01\x00\x12\x00\x07\x00\x06\x00\x07\x00\x01\x00\x13\x00\x05\x00\x07\x00\x14\x00\x15\x00#\x00$\x00#']
DEBUG 2025-03-27 19:42:40,734 psparser add_results: ((10133, [b'\x00$\x00\x01\x00\x18\x00\x04\x00\x0f\x00\x17\x00\x0e\x00"\x00\x01\x00"\x00\x0e\x00\x0e\x00.\x00\x14\x00\x15\x00\x01\x00\x07\x00\x06\x00\x01\x00\x07\x00\x0f\x00\x0e\x00\x07\x00#\x00\x01\x00\x14\x00$\x00\x17\x00\x0e\x00\x01\x008\x00$\x00&\x00\x01\x00"\x00\x07\x00\x06\x00\x07\x00\x01\x00\x0c\x00\x03\x00\x14\x00\x04\x00\x16\x00"\x00\x01\x00\x03\x00\x04\x00 \x00.\x00\x16\x00\x06\x00$\x00\x05\x00&\x00\x01\x00\x07\x00\x05\x00"\x00\x01\x00\x12\x00\x07\x00\x06\x00\x07\x00\x01\x00\x13\x00\x05\x00\x07\x00\x14\x00\x15\x00#\x00$\x00#']),)
DEBUG 2025-03-27 19:42:40,734 psparser nextobject: (10133, [b'\x00$\x00\x01\x00\x18\x00\x04\x00\x0f\x00\x17\x00\x0e\x00"\x00\x01\x00"\x00\x0e\x00\x0e\x00.\x00\x14\x00\x15\x00\x01\x00\x07\x00\x06\x00\x01\x00\x07\x00\x0f\x00\x0e\x00\x07\x00#\x00\x01\x00\x14\x00$\x00\x17\x00\x0e\x00\x01\x008\x00$\x00&\x00\x01\x00"\x00\x07\x00\x06\x00\x07\x00\x01\x00\x0c\x00\x03\x00\x14\x00\x04\x00\x16\x00"\x00\x01\x00\x03\x00\x04\x00 \x00.\x00\x16\x00\x06\x00$\x00\x05\x00&\x00\x01\x00\x07\x00\x05\x00"\x00\x01\x00\x12\x00\x07\x00\x06\x00\x07\x00\x01\x00\x13\x00\x05\x00\x07\x00\x14\x00\x15\x00#\x00$\x00#'])
DEBUG 2025-03-27 19:42:40,734 psparser nexttoken: (10430, /b'TJ')
DEBUG 2025-03-27 19:42:40,734 psparser do_keyword: pos=10430, token=/b'TJ', stack=[]
DEBUG 2025-03-27 19:42:40,734 psparser add_results: ((10430, /b'TJ'),)
DEBUG 2025-03-27 19:42:40,734 psparser nextobject: (10430, /b'TJ')
DEBUG 2025-03-27 19:42:40,734 pdfinterp exec: TJ [[b'\x00$\x00\x01\x00\x18\x00\x04\x00\x0f\x00\x17\x00\x0e\x00"\x00\x01\x00"\x00\x0e\x00\x0e\x00.\x00\x14\x00\x15\x00\x01\x00\x07\x00\x06\x00\x01\x00\x07\x00\x0f\x00\x0e\x00\x07\x00#\x00\x01\x00\x14\x00$\x00\x17\x00\x0e\x00\x01\x008\x00$\x00&\x00\x01\x00"\x00\x07\x00\x06\x00\x07\x00\x01\x00\x0c\x00\x03\x00\x14\x00\x04\x00\x16\x00"\x00\x01\x00\x03\x00\x04\x00 \x00.\x00\x16\x00\x06\x00$\x00\x05\x00&\x00\x01\x00\x07\x00\x05\x00"\x00\x01\x00\x12\x00\x07\x00\x06\x00\x07\x00\x01\x00\x13\x00\x05\x00\x07\x00\x14\x00\x15\x00#\x00$\x00#']]
DEBUG 2025-03-27 19:42:40,734 cmapdb get_unichr: <UnicodeMap: /'Adobe-Identity-UCS'>, 36
DEBUG 2025-03-27 19:42:40,735 cmapdb get_unichr: <UnicodeMap: /'Adobe-Identity-UCS'>, 1
DEBUG 2025-03-27 19:42:40,735 cmapdb get_unichr: <UnicodeMap: /'Adobe-Identity-UCS'>, 24
DEBUG 2025-03-27 19:42:40,735 cmapdb get_unichr: <UnicodeMap: /'Adobe-Identity-UCS'>, 4
DEBUG 2025-03-27 19:42:40,735 cmapdb get_unichr: <UnicodeMap: /'Adobe-Identity-UCS'>, 15
DEBUG 2025-03-27 19:42:40,735 cmapdb get_unichr: <UnicodeMap: /'Adobe-Identity-UCS'>, 23
DEBUG 2025-03-27 19:42:40,735 cmapdb get_unichr: <UnicodeMap: /'Adobe-Identity-UCS'>, 14
DEBUG 2025-03-27 19:42:40,736 cmapdb get_unichr: <UnicodeMap: /'Adobe-Identity-UCS'>, 34
DEBUG 2025-03-27 19:42:40,736 cmapdb get_unichr: <UnicodeMap: /'Adobe-Identity-UCS'>, 1
DEBUG 2025-03-27 19:42:40,736 cmapdb get_unichr: <UnicodeMap: /'Adobe-Identity-UCS'>, 34
DEBUG 2025-03-27 19:42:40,736 cmapdb get_unichr: <UnicodeMap: /'Adobe-Identity-UCS'>, 14
DEBUG 2025-03-27 19:42:40,736 cmapdb get_unichr: <UnicodeMap: /'Adobe-Identity-UCS'>, 14
DEBUG 2025-03-27 19:42:40,736 cmapdb get_unichr: <UnicodeMap: /'Adobe-Identity-UCS'>, 46
DEBUG 2025-03-27 19:42:40,736 cmapdb get_unichr: <UnicodeMap: /'Adobe-Identity-UCS'>, 20
DEBUG 2025-03-27 19:42:40,736 cmapdb get_unichr: <UnicodeMap: /'Adobe-Identity-UCS'>, 21
DEBUG 2025-03-27 19:42:40,736 cmapdb get_unichr: <UnicodeMap: /'Adobe-Identity-UCS'>, 1
DEBUG 2025-03-27 19:42:40,737 cmapdb get_unichr: <UnicodeMap: /'Adobe-Identity-UCS'>, 7
DEBUG 2025-03-27 19:42:40,737 cmapdb get_unichr: <UnicodeMap: /'Adobe-Identity-UCS'>, 6
DEBUG 2025-03-27 19:42:40,737 cmapdb get_unichr: <UnicodeMap: /'Adobe-Identity-UCS'>, 1
DEBUG 2025-03-27 19:42:40,737 cmapdb get_unichr: <UnicodeMap: /'Adobe-Identity-UCS'>, 7
DEBUG 2025-03-27 19:42:40,737 cmapdb get_unichr: <UnicodeMap: /'Adobe-Identity-UCS'>, 15
DEBUG 2025-03-27 19:42:40,737 cmapdb get_unichr: <UnicodeMap: /'Adobe-Identity-UCS'>, 14
DEBUG 2025-03-27 19:42:40,737 cmapdb get_unichr: <UnicodeMap: /'Adobe-Identity-UCS'>, 7
DEBUG 2025-03-27 19:42:40,737 cmapdb get_unichr: <UnicodeMap: /'Adobe-Identity-UCS'>, 35
DEBUG 2025-03-27 19:42:40,737 cmapdb get_unichr: <UnicodeMap: /'Adobe-Identity-UCS'>, 1
DEBUG 2025-03-27 19:42:40,738 cmapdb get_unichr: <UnicodeMap: /'Adobe-Identity-UCS'>, 20
DEBUG 2025-03-27 19:42:40,738 cmapdb get_unichr: <UnicodeMap: /'Adobe-Identity-UCS'>, 36
DEBUG 2025-03-27 19:42:40,738 cmapdb get_unichr: <UnicodeMap: /'Adobe-Identity-UCS'>, 23
DEBUG 2025-03-27 19:42:40,738 cmapdb get_unichr: <UnicodeMap: /'Adobe-Identity-UCS'>, 14
DEBUG 2025-03-27 19:42:40,738 cmapdb get_unichr: <UnicodeMap: /'Adobe-Identity-UCS'>, 1
DEBUG 2025-03-27 19:42:40,739 cmapdb get_unichr: <UnicodeMap: /'Adobe-Identity-UCS'>, 56
DEBUG 2025-03-27 19:42:40,739 cmapdb get_unichr: <UnicodeMap: /'Adobe-Identity-UCS'>, 36
DEBUG 2025-03-27 19:42:40,739 cmapdb get_unichr: <UnicodeMap: /'Adobe-Identity-UCS'>, 38
DEBUG 2025-03-27 19:42:40,739 cmapdb get_unichr: <UnicodeMap: /'Adobe-Identity-UCS'>, 1
DEBUG 2025-03-27 19:42:40,739 cmapdb get_unichr: <UnicodeMap: /'Adobe-Identity-UCS'>, 34
DEBUG 2025-03-27 19:42:40,739 cmapdb get_unichr: <UnicodeMap: /'Adobe-Identity-UCS'>, 7
DEBUG 2025-03-27 19:42:40,739 cmapdb get_unichr: <UnicodeMap: /'Adobe-Identity-UCS'>, 6
DEBUG 2025-03-27 19:42:40,739 cmapdb get_unichr: <UnicodeMap: /'Adobe-Identity-UCS'>, 7
DEBUG 2025-03-27 19:42:40,740 cmapdb get_unichr: <UnicodeMap: /'Adobe-Identity-UCS'>, 1
DEBUG 2025-03-27 19:42:40,740 cmapdb get_unichr: <UnicodeMap: /'Adobe-Identity-UCS'>, 12
DEBUG 2025-03-27 19:42:40,741 cmapdb get_unichr: <UnicodeMap: /'Adobe-Identity-UCS'>, 3
DEBUG 2025-03-27 19:42:40,741 cmapdb get_unichr: <UnicodeMap: /'Adobe-Identity-UCS'>, 20
DEBUG 2025-03-27 19:42:40,741 cmapdb get_unichr: <UnicodeMap: /'Adobe-Identity-UCS'>, 4
DEBUG 2025-03-27 19:42:40,742 cmapdb get_unichr: <UnicodeMap: /'Adobe-Identity-UCS'>, 22
DEBUG 2025-03-27 19:42:40,742 cmapdb get_unichr: <UnicodeMap: /'Adobe-Identity-UCS'>, 34
DEBUG 2025-03-27 19:42:40,742 cmapdb get_unichr: <UnicodeMap: /'Adobe-Identity-UCS'>, 1
DEBUG 2025-03-27 19:42:40,742 cmapdb get_unichr: <UnicodeMap: /'Adobe-Identity-UCS'>, 3
DEBUG 2025-03-27 19:42:40,742 cmapdb get_unichr: <UnicodeMap: /'Adobe-Identity-UCS'>, 4
DEBUG 2025-03-27 19:42:40,742 cmapdb get_unichr: <UnicodeMap: /'Adobe-Identity-UCS'>, 32
DEBUG 2025-03-27 19:42:40,743 cmapdb get_unichr: <UnicodeMap: /'Adobe-Identity-UCS'>, 46
DEBUG 2025-03-27 19:42:40,743 cmapdb get_unichr: <UnicodeMap: /'Adobe-Identity-UCS'>, 22
DEBUG 2025-03-27 19:42:40,743 cmapdb get_unichr: <UnicodeMap: /'Adobe-Identity-UCS'>, 6
DEBUG 2025-03-27 19:42:40,743 cmapdb get_unichr: <UnicodeMap: /'Adobe-Identity-UCS'>, 36
DEBUG 2025-03-27 19:42:40,743 cmapdb get_unichr: <UnicodeMap: /'Adobe-Identity-UCS'>, 5
DEBUG 2025-03-27 19:42:40,743 cmapdb get_unichr: <UnicodeMap: /'Adobe-Identity-UCS'>, 38
DEBUG 2025-03-27 19:42:40,743 cmapdb get_unichr: <UnicodeMap: /'Adobe-Identity-UCS'>, 1
DEBUG 2025-03-27 19:42:40,743 cmapdb get_unichr: <UnicodeMap: /'Adobe-Identity-UCS'>, 7
DEBUG 2025-03-27 19:42:40,744 cmapdb get_unichr: <UnicodeMap: /'Adobe-Identity-UCS'>, 5
DEBUG 2025-03-27 19:42:40,744 cmapdb get_unichr: <UnicodeMap: /'Adobe-Identity-UCS'>, 34
DEBUG 2025-03-27 19:42:40,745 cmapdb get_unichr: <UnicodeMap: /'Adobe-Identity-UCS'>, 1
DEBUG 2025-03-27 19:42:40,745 cmapdb get_unichr: <UnicodeMap: /'Adobe-Identity-UCS'>, 18
DEBUG 2025-03-27 19:42:40,745 cmapdb get_unichr: <UnicodeMap: /'Adobe-Identity-UCS'>, 7
DEBUG 2025-03-27 19:42:40,745 cmapdb get_unichr: <UnicodeMap: /'Adobe-Identity-UCS'>, 6
DEBUG 2025-03-27 19:42:40,746 cmapdb get_unichr: <UnicodeMap: /'Adobe-Identity-UCS'>, 7
DEBUG 2025-03-27 19:42:40,746 cmapdb get_unichr: <UnicodeMap: /'Adobe-Identity-UCS'>, 1
DEBUG 2025-03-27 19:42:40,746 cmapdb get_unichr: <UnicodeMap: /'Adobe-Identity-UCS'>, 19
DEBUG 2025-03-27 19:42:40,746 cmapdb get_unichr: <UnicodeMap: /'Adobe-Identity-UCS'>, 5
DEBUG 2025-03-27 19:42:40,746 cmapdb get_unichr: <UnicodeMap: /'Adobe-Identity-UCS'>, 7
DEBUG 2025-03-27 19:42:40,746 cmapdb get_unichr: <UnicodeMap: /'Adobe-Identity-UCS'>, 20
DEBUG 2025-03-27 19:42:40,747 cmapdb get_unichr: <UnicodeMap: /'Adobe-Identity-UCS'>, 21
DEBUG 2025-03-27 19:42:40,747 cmapdb get_unichr: <UnicodeMap: /'Adobe-Identity-UCS'>, 35
DEBUG 2025-03-27 19:42:40,747 cmapdb get_unichr: <UnicodeMap: /'Adobe-Identity-UCS'>, 36
DEBUG 2025-03-27 19:42:40,747 cmapdb get_unichr: <UnicodeMap: /'Adobe-Identity-UCS'>, 35
DEBUG 2025-03-27 19:42:40,747 psparser nexttoken: (10433, /b'ET')
DEBUG 2025-03-27 19:42:40,747 psparser do_keyword: pos=10433, token=/b'ET', stack=[]
DEBUG 2025-03-27 19:42:40,747 psparser add_results: ((10433, /b'ET'),)
DEBUG 2025-03-27 19:42:40,748 psparser nextobject: (10433, /b'ET')
DEBUG 2025-03-27 19:42:40,748 pdfinterp exec: ET
DEBUG 2025-03-27 19:42:40,748 psparser nexttoken: (10436, /b'EMC')
DEBUG 2025-03-27 19:42:40,748 psparser do_keyword: pos=10436, token=/b'EMC', stack=[]
DEBUG 2025-03-27 19:42:40,748 psparser add_results: ((10436, /b'EMC'),)
DEBUG 2025-03-27 19:42:40,748 psparser nextobject: (10436, /b'EMC')
DEBUG 2025-03-27 19:42:40,748 pdfinterp exec: EMC
DEBUG 2025-03-27 19:42:40,748 psparser nexttoken: (10440, /'P')
DEBUG 2025-03-27 19:42:40,749 psparser add_results: ((10440, /'P'),)
DEBUG 2025-03-27 19:42:40,749 psparser nextobject: (10440, /'P')
DEBUG 2025-03-27 19:42:40,749 psparser nexttoken: (10443, /b'<<')
DEBUG 2025-03-27 19:42:40,749 psparser start_type: pos=10443, type='d'
DEBUG 2025-03-27 19:42:40,749 psparser nexttoken: (10445, /'MCID')
DEBUG 2025-03-27 19:42:40,749 psparser nexttoken: (10451, 45)
DEBUG 2025-03-27 19:42:40,749 psparser nexttoken: (10453, /b'>>')
DEBUG 2025-03-27 19:42:40,749 psparser end_type: pos=10443, type='d', objs=[/'MCID', 45]
DEBUG 2025-03-27 19:42:40,750 psparser add_results: ((10443, {'MCID': 45}),)
DEBUG 2025-03-27 19:42:40,750 psparser nextobject: (10443, {'MCID': 45})
DEBUG 2025-03-27 19:42:40,750 psparser nexttoken: (10456, /b'BDC')
DEBUG 2025-03-27 19:42:40,750 psparser do_keyword: pos=10456, token=/b'BDC', stack=[]
DEBUG 2025-03-27 19:42:40,751 psparser add_results: ((10456, /b'BDC'),)
DEBUG 2025-03-27 19:42:40,751 psparser nextobject: (10456, /b'BDC')
DEBUG 2025-03-27 19:42:40,751 pdfinterp exec: BDC [/'P', {'MCID': 45}]
DEBUG 2025-03-27 19:42:40,751 psparser nexttoken: (10460, /b'BT')
DEBUG 2025-03-27 19:42:40,751 psparser do_keyword: pos=10460, token=/b'BT', stack=[]
DEBUG 2025-03-27 19:42:40,751 psparser add_results: ((10460, /b'BT'),)
DEBUG 2025-03-27 19:42:40,751 psparser nextobject: (10460, /b'BT')
DEBUG 2025-03-27 19:42:40,751 pdfinterp exec: BT
DEBUG 2025-03-27 19:42:40,752 psparser nexttoken: (10463, /'F15')
DEBUG 2025-03-27 19:42:40,752 psparser add_results: ((10463, /'F15'),)
DEBUG 2025-03-27 19:42:40,752 psparser nextobject: (10463, /'F15')
DEBUG 2025-03-27 19:42:40,752 psparser nexttoken: (10468, 10.5)
DEBUG 2025-03-27 19:42:40,752 psparser add_results: ((10468, 10.5),)
DEBUG 2025-03-27 19:42:40,752 psparser nextobject: (10468, 10.5)
DEBUG 2025-03-27 19:42:40,752 psparser nexttoken: (10473, /b'Tf')
DEBUG 2025-03-27 19:42:40,752 psparser do_keyword: pos=10473, token=/b'Tf', stack=[]
DEBUG 2025-03-27 19:42:40,753 psparser add_results: ((10473, /b'Tf'),)
DEBUG 2025-03-27 19:42:40,753 psparser nextobject: (10473, /b'Tf')
DEBUG 2025-03-27 19:42:40,753 pdfinterp exec: Tf [/'F15', 10.5]
DEBUG 2025-03-27 19:42:40,753 psparser nexttoken: (10476, 1)
DEBUG 2025-03-27 19:42:40,753 psparser add_results: ((10476, 1),)
DEBUG 2025-03-27 19:42:40,753 psparser nextobject: (10476, 1)
DEBUG 2025-03-27 19:42:40,753 psparser nexttoken: (10478, 0)
DEBUG 2025-03-27 19:42:40,753 psparser add_results: ((10478, 0),)
DEBUG 2025-03-27 19:42:40,754 psparser nextobject: (10478, 0)
DEBUG 2025-03-27 19:42:40,754 psparser nexttoken: (10480, 0)
DEBUG 2025-03-27 19:42:40,754 psparser add_results: ((10480, 0),)
DEBUG 2025-03-27 19:42:40,754 psparser nextobject: (10480, 0)
DEBUG 2025-03-27 19:42:40,754 psparser nexttoken: (10482, -1)
DEBUG 2025-03-27 19:42:40,754 psparser add_results: ((10482, -1),)
DEBUG 2025-03-27 19:42:40,754 psparser nextobject: (10482, -1)
DEBUG 2025-03-27 19:42:40,754 psparser nexttoken: (10485, 0)
DEBUG 2025-03-27 19:42:40,754 psparser add_results: ((10485, 0),)
DEBUG 2025-03-27 19:42:40,754 psparser nextobject: (10485, 0)
DEBUG 2025-03-27 19:42:40,754 psparser nexttoken: (10487, 101.75)
DEBUG 2025-03-27 19:42:40,754 psparser add_results: ((10487, 101.75),)
DEBUG 2025-03-27 19:42:40,754 psparser nextobject: (10487, 101.75)
DEBUG 2025-03-27 19:42:40,754 psparser nexttoken: (10494, /b'Tm')
DEBUG 2025-03-27 19:42:40,755 psparser do_keyword: pos=10494, token=/b'Tm', stack=[]
DEBUG 2025-03-27 19:42:40,755 psparser add_results: ((10494, /b'Tm'),)
DEBUG 2025-03-27 19:42:40,755 psparser nextobject: (10494, /b'Tm')
DEBUG 2025-03-27 19:42:40,755 pdfinterp exec: Tm [1, 0, 0, -1, 0, 101.75]
DEBUG 2025-03-27 19:42:40,756 psparser nexttoken: (10497, /b'[')
DEBUG 2025-03-27 19:42:40,756 psparser start_type: pos=10497, type='a'
DEBUG 2025-03-27 19:42:40,756 psparser nexttoken: (10498, b'\x00\x18\x00%\x00$\x00\x08\x00%\x00\x01\x00 \x00\x07\x00\x17\x00\x0e\x00\x01\x00 \x00\x15\x00\x01\x00$\x00\x05\x00"\x00\x16\x00#\x00\x06\x00\x0f\x00\x15\x00\x01\x00\x0f\x00\x0e\x00\x07\x00"\x00\x15\x00\x01\x00\x07\x00\x05\x00"\x00\x01\x00\x07\x00"\x00"\x00#\x00\x01\x00\x16\x00.\x00\x01\x00\x06\x00\x04\x00\x01\x00 \x00\x15\x00\x01\x00\x0e\x00)\x00.\x00\x0e\x00\x0f\x00$\x00\x0e\x00\x05\x00\x08\x00\x0e\x00\x19')
DEBUG 2025-03-27 19:42:40,756 psparser nexttoken: (10732, /b']')
DEBUG 2025-03-27 19:42:40,756 psparser end_type: pos=10497, type='a', objs=[b'\x00\x18\x00%\x00$\x00\x08\x00%\x00\x01\x00 \x00\x07\x00\x17\x00\x0e\x00\x01\x00 \x00\x15\x00\x01\x00$\x00\x05\x00"\x00\x16\x00#\x00\x06\x00\x0f\x00\x15\x00\x01\x00\x0f\x00\x0e\x00\x07\x00"\x00\x15\x00\x01\x00\x07\x00\x05\x00"\x00\x01\x00\x07\x00"\x00"\x00#\x00\x01\x00\x16\x00.\x00\x01\x00\x06\x00\x04\x00\x01\x00 \x00\x15\x00\x01\x00\x0e\x00)\x00.\x00\x0e\x00\x0f\x00$\x00\x0e\x00\x05\x00\x08\x00\x0e\x00\x19']
DEBUG 2025-03-27 19:42:40,756 psparser add_results: ((10497, [b'\x00\x18\x00%\x00$\x00\x08\x00%\x00\x01\x00 \x00\x07\x00\x17\x00\x0e\x00\x01\x00 \x00\x15\x00\x01\x00$\x00\x05\x00"\x00\x16\x00#\x00\x06\x00\x0f\x00\x15\x00\x01\x00\x0f\x00\x0e\x00\x07\x00"\x00\x15\x00\x01\x00\x07\x00\x05\x00"\x00\x01\x00\x07\x00"\x00"\x00#\x00\x01\x00\x16\x00.\x00\x01\x00\x06\x00\x04\x00\x01\x00 \x00\x15\x00\x01\x00\x0e\x00)\x00.\x00\x0e\x00\x0f\x00$\x00\x0e\x00\x05\x00\x08\x00\x0e\x00\x19']),)
DEBUG 2025-03-27 19:42:40,757 psparser nextobject: (10497, [b'\x00\x18\x00%\x00$\x00\x08\x00%\x00\x01\x00 \x00\x07\x00\x17\x00\x0e\x00\x01\x00 \x00\x15\x00\x01\x00$\x00\x05\x00"\x00\x16\x00#\x00\x06\x00\x0f\x00\x15\x00\x01\x00\x0f\x00\x0e\x00\x07\x00"\x00\x15\x00\x01\x00\x07\x00\x05\x00"\x00\x01\x00\x07\x00"\x00"\x00#\x00\x01\x00\x16\x00.\x00\x01\x00\x06\x00\x04\x00\x01\x00 \x00\x15\x00\x01\x00\x0e\x00)\x00.\x00\x0e\x00\x0f\x00$\x00\x0e\x00\x05\x00\x08\x00\x0e\x00\x19'])
DEBUG 2025-03-27 19:42:40,757 psparser nexttoken: (10734, /b'TJ')
DEBUG 2025-03-27 19:42:40,757 psparser do_keyword: pos=10734, token=/b'TJ', stack=[]
DEBUG 2025-03-27 19:42:40,757 psparser add_results: ((10734, /b'TJ'),)
DEBUG 2025-03-27 19:42:40,757 psparser nextobject: (10734, /b'TJ')
DEBUG 2025-03-27 19:42:40,758 pdfinterp exec: TJ [[b'\x00\x18\x00%\x00$\x00\x08\x00%\x00\x01\x00 \x00\x07\x00\x17\x00\x0e\x00\x01\x00 \x00\x15\x00\x01\x00$\x00\x05\x00"\x00\x16\x00#\x00\x06\x00\x0f\x00\x15\x00\x01\x00\x0f\x00\x0e\x00\x07\x00"\x00\x15\x00\x01\x00\x07\x00\x05\x00"\x00\x01\x00\x07\x00"\x00"\x00#\x00\x01\x00\x16\x00.\x00\x01\x00\x06\x00\x04\x00\x01\x00 \x00\x15\x00\x01\x00\x0e\x00)\x00.\x00\x0e\x00\x0f\x00$\x00\x0e\x00\x05\x00\x08\x00\x0e\x00\x19']]
DEBUG 2025-03-27 19:42:40,758 cmapdb get_unichr: <UnicodeMap: /'Adobe-Identity-UCS'>, 24
DEBUG 2025-03-27 19:42:40,758 cmapdb get_unichr: <UnicodeMap: /'Adobe-Identity-UCS'>, 37
DEBUG 2025-03-27 19:42:40,758 cmapdb get_unichr: <UnicodeMap: /'Adobe-Identity-UCS'>, 36
DEBUG 2025-03-27 19:42:40,759 cmapdb get_unichr: <UnicodeMap: /'Adobe-Identity-UCS'>, 8
DEBUG 2025-03-27 19:42:40,759 cmapdb get_unichr: <UnicodeMap: /'Adobe-Identity-UCS'>, 37
DEBUG 2025-03-27 19:42:40,759 cmapdb get_unichr: <UnicodeMap: /'Adobe-Identity-UCS'>, 1
DEBUG 2025-03-27 19:42:40,759 cmapdb get_unichr: <UnicodeMap: /'Adobe-Identity-UCS'>, 32
DEBUG 2025-03-27 19:42:40,759 cmapdb get_unichr: <UnicodeMap: /'Adobe-Identity-UCS'>, 7
DEBUG 2025-03-27 19:42:40,759 cmapdb get_unichr: <UnicodeMap: /'Adobe-Identity-UCS'>, 23
DEBUG 2025-03-27 19:42:40,759 cmapdb get_unichr: <UnicodeMap: /'Adobe-Identity-UCS'>, 14
DEBUG 2025-03-27 19:42:40,759 cmapdb get_unichr: <UnicodeMap: /'Adobe-Identity-UCS'>, 1
DEBUG 2025-03-27 19:42:40,760 cmapdb get_unichr: <UnicodeMap: /'Adobe-Identity-UCS'>, 32
DEBUG 2025-03-27 19:42:40,760 cmapdb get_unichr: <UnicodeMap: /'Adobe-Identity-UCS'>, 21
DEBUG 2025-03-27 19:42:40,760 cmapdb get_unichr: <UnicodeMap: /'Adobe-Identity-UCS'>, 1
DEBUG 2025-03-27 19:42:40,760 cmapdb get_unichr: <UnicodeMap: /'Adobe-Identity-UCS'>, 36
DEBUG 2025-03-27 19:42:40,760 cmapdb get_unichr: <UnicodeMap: /'Adobe-Identity-UCS'>, 5
DEBUG 2025-03-27 19:42:40,760 cmapdb get_unichr: <UnicodeMap: /'Adobe-Identity-UCS'>, 34
DEBUG 2025-03-27 19:42:40,760 cmapdb get_unichr: <UnicodeMap: /'Adobe-Identity-UCS'>, 22
DEBUG 2025-03-27 19:42:40,760 cmapdb get_unichr: <UnicodeMap: /'Adobe-Identity-UCS'>, 35
DEBUG 2025-03-27 19:42:40,760 cmapdb get_unichr: <UnicodeMap: /'Adobe-Identity-UCS'>, 6
DEBUG 2025-03-27 19:42:40,760 cmapdb get_unichr: <UnicodeMap: /'Adobe-Identity-UCS'>, 15
DEBUG 2025-03-27 19:42:40,761 cmapdb get_unichr: <UnicodeMap: /'Adobe-Identity-UCS'>, 21
DEBUG 2025-03-27 19:42:40,761 cmapdb get_unichr: <UnicodeMap: /'Adobe-Identity-UCS'>, 1
DEBUG 2025-03-27 19:42:40,761 cmapdb get_unichr: <UnicodeMap: /'Adobe-Identity-UCS'>, 15
DEBUG 2025-03-27 19:42:40,761 cmapdb get_unichr: <UnicodeMap: /'Adobe-Identity-UCS'>, 14
DEBUG 2025-03-27 19:42:40,761 cmapdb get_unichr: <UnicodeMap: /'Adobe-Identity-UCS'>, 7
DEBUG 2025-03-27 19:42:40,761 cmapdb get_unichr: <UnicodeMap: /'Adobe-Identity-UCS'>, 34
DEBUG 2025-03-27 19:42:40,761 cmapdb get_unichr: <UnicodeMap: /'Adobe-Identity-UCS'>, 21
DEBUG 2025-03-27 19:42:40,761 cmapdb get_unichr: <UnicodeMap: /'Adobe-Identity-UCS'>, 1
DEBUG 2025-03-27 19:42:40,761 cmapdb get_unichr: <UnicodeMap: /'Adobe-Identity-UCS'>, 7
DEBUG 2025-03-27 19:42:40,762 cmapdb get_unichr: <UnicodeMap: /'Adobe-Identity-UCS'>, 5
DEBUG 2025-03-27 19:42:40,762 cmapdb get_unichr: <UnicodeMap: /'Adobe-Identity-UCS'>, 34
DEBUG 2025-03-27 19:42:40,762 cmapdb get_unichr: <UnicodeMap: /'Adobe-Identity-UCS'>, 1
DEBUG 2025-03-27 19:42:40,762 cmapdb get_unichr: <UnicodeMap: /'Adobe-Identity-UCS'>, 7
DEBUG 2025-03-27 19:42:40,762 cmapdb get_unichr: <UnicodeMap: /'Adobe-Identity-UCS'>, 34
DEBUG 2025-03-27 19:42:40,762 cmapdb get_unichr: <UnicodeMap: /'Adobe-Identity-UCS'>, 34
DEBUG 2025-03-27 19:42:40,762 cmapdb get_unichr: <UnicodeMap: /'Adobe-Identity-UCS'>, 35
DEBUG 2025-03-27 19:42:40,762 cmapdb get_unichr: <UnicodeMap: /'Adobe-Identity-UCS'>, 1
DEBUG 2025-03-27 19:42:40,762 cmapdb get_unichr: <UnicodeMap: /'Adobe-Identity-UCS'>, 22
DEBUG 2025-03-27 19:42:40,762 cmapdb get_unichr: <UnicodeMap: /'Adobe-Identity-UCS'>, 46
DEBUG 2025-03-27 19:42:40,762 cmapdb get_unichr: <UnicodeMap: /'Adobe-Identity-UCS'>, 1
DEBUG 2025-03-27 19:42:40,762 cmapdb get_unichr: <UnicodeMap: /'Adobe-Identity-UCS'>, 6
DEBUG 2025-03-27 19:42:40,762 cmapdb get_unichr: <UnicodeMap: /'Adobe-Identity-UCS'>, 4
DEBUG 2025-03-27 19:42:40,762 cmapdb get_unichr: <UnicodeMap: /'Adobe-Identity-UCS'>, 1
DEBUG 2025-03-27 19:42:40,763 cmapdb get_unichr: <UnicodeMap: /'Adobe-Identity-UCS'>, 32
DEBUG 2025-03-27 19:42:40,763 cmapdb get_unichr: <UnicodeMap: /'Adobe-Identity-UCS'>, 21
DEBUG 2025-03-27 19:42:40,763 cmapdb get_unichr: <UnicodeMap: /'Adobe-Identity-UCS'>, 1
DEBUG 2025-03-27 19:42:40,763 cmapdb get_unichr: <UnicodeMap: /'Adobe-Identity-UCS'>, 14
DEBUG 2025-03-27 19:42:40,763 cmapdb get_unichr: <UnicodeMap: /'Adobe-Identity-UCS'>, 41
DEBUG 2025-03-27 19:42:40,763 cmapdb get_unichr: <UnicodeMap: /'Adobe-Identity-UCS'>, 46
DEBUG 2025-03-27 19:42:40,763 cmapdb get_unichr: <UnicodeMap: /'Adobe-Identity-UCS'>, 14
DEBUG 2025-03-27 19:42:40,764 cmapdb get_unichr: <UnicodeMap: /'Adobe-Identity-UCS'>, 15
DEBUG 2025-03-27 19:42:40,764 cmapdb get_unichr: <UnicodeMap: /'Adobe-Identity-UCS'>, 36
DEBUG 2025-03-27 19:42:40,764 cmapdb get_unichr: <UnicodeMap: /'Adobe-Identity-UCS'>, 14
DEBUG 2025-03-27 19:42:40,764 cmapdb get_unichr: <UnicodeMap: /'Adobe-Identity-UCS'>, 5
DEBUG 2025-03-27 19:42:40,764 cmapdb get_unichr: <UnicodeMap: /'Adobe-Identity-UCS'>, 8
DEBUG 2025-03-27 19:42:40,764 cmapdb get_unichr: <UnicodeMap: /'Adobe-Identity-UCS'>, 14
DEBUG 2025-03-27 19:42:40,764 cmapdb get_unichr: <UnicodeMap: /'Adobe-Identity-UCS'>, 25
DEBUG 2025-03-27 19:42:40,764 psparser nexttoken: (10737, /b'ET')
DEBUG 2025-03-27 19:42:40,765 psparser do_keyword: pos=10737, token=/b'ET', stack=[]
DEBUG 2025-03-27 19:42:40,765 psparser add_results: ((10737, /b'ET'),)
DEBUG 2025-03-27 19:42:40,765 psparser nextobject: (10737, /b'ET')
DEBUG 2025-03-27 19:42:40,765 pdfinterp exec: ET
DEBUG 2025-03-27 19:42:40,765 psparser nexttoken: (10740, /b'EMC')
DEBUG 2025-03-27 19:42:40,765 psparser do_keyword: pos=10740, token=/b'EMC', stack=[]
DEBUG 2025-03-27 19:42:40,765 psparser add_results: ((10740, /b'EMC'),)
DEBUG 2025-03-27 19:42:40,765 psparser nextobject: (10740, /b'EMC')
DEBUG 2025-03-27 19:42:40,765 pdfinterp exec: EMC
DEBUG 2025-03-27 19:42:40,766 psparser nexttoken: (10744, /b'Q')
DEBUG 2025-03-27 19:42:40,766 psparser do_keyword: pos=10744, token=/b'Q', stack=[]
DEBUG 2025-03-27 19:42:40,766 psparser add_results: ((10744, /b'Q'),)
DEBUG 2025-03-27 19:42:40,766 psparser nextobject: (10744, /b'Q')
DEBUG 2025-03-27 19:42:40,766 pdfinterp exec: Q
DEBUG 2025-03-27 19:42:40,766 psparser nexttoken: (10746, /'Artifact')
DEBUG 2025-03-27 19:42:40,766 psparser add_results: ((10746, /'Artifact'),)
DEBUG 2025-03-27 19:42:40,767 psparser nextobject: (10746, /'Artifact')
DEBUG 2025-03-27 19:42:40,767 psparser nexttoken: (10756, /b'BMC')
DEBUG 2025-03-27 19:42:40,767 psparser do_keyword: pos=10756, token=/b'BMC', stack=[]
DEBUG 2025-03-27 19:42:40,767 psparser add_results: ((10756, /b'BMC'),)
DEBUG 2025-03-27 19:42:40,767 psparser nextobject: (10756, /b'BMC')
DEBUG 2025-03-27 19:42:40,767 pdfinterp exec: BMC [/'Artifact']
DEBUG 2025-03-27 19:42:40,767 psparser nexttoken: (10760, /b'q')
DEBUG 2025-03-27 19:42:40,768 psparser do_keyword: pos=10760, token=/b'q', stack=[]
DEBUG 2025-03-27 19:42:40,768 psparser add_results: ((10760, /b'q'),)
DEBUG 2025-03-27 19:42:40,768 psparser nextobject: (10760, /b'q')
DEBUG 2025-03-27 19:42:40,768 pdfinterp exec: q
DEBUG 2025-03-27 19:42:40,768 psparser nexttoken: (10762, 0.502)
DEBUG 2025-03-27 19:42:40,768 psparser add_results: ((10762, 0.502),)
DEBUG 2025-03-27 19:42:40,768 psparser nextobject: (10762, 0.502)
DEBUG 2025-03-27 19:42:40,768 psparser nexttoken: (10768, /b'G')
DEBUG 2025-03-27 19:42:40,769 psparser do_keyword: pos=10768, token=/b'G', stack=[]
DEBUG 2025-03-27 19:42:40,769 psparser add_results: ((10768, /b'G'),)
DEBUG 2025-03-27 19:42:40,769 psparser nextobject: (10768, /b'G')
DEBUG 2025-03-27 19:42:40,769 pdfinterp exec: G [0.502]
DEBUG 2025-03-27 19:42:40,770 psparser nexttoken: (10770, /b'[')
DEBUG 2025-03-27 19:42:40,770 psparser start_type: pos=10770, type='a'
DEBUG 2025-03-27 19:42:40,770 psparser nexttoken: (10771, /b']')
DEBUG 2025-03-27 19:42:40,770 psparser end_type: pos=10770, type='a', objs=[]
DEBUG 2025-03-27 19:42:40,770 psparser add_results: ((10770, []),)
DEBUG 2025-03-27 19:42:40,770 psparser nextobject: (10770, [])
DEBUG 2025-03-27 19:42:40,770 psparser nexttoken: (10773, 0)
DEBUG 2025-03-27 19:42:40,770 psparser add_results: ((10773, 0),)
DEBUG 2025-03-27 19:42:40,771 psparser nextobject: (10773, 0)
DEBUG 2025-03-27 19:42:40,771 psparser nexttoken: (10775, /b'd')
DEBUG 2025-03-27 19:42:40,771 psparser do_keyword: pos=10775, token=/b'd', stack=[]
DEBUG 2025-03-27 19:42:40,771 psparser add_results: ((10775, /b'd'),)
DEBUG 2025-03-27 19:42:40,771 psparser nextobject: (10775, /b'd')
DEBUG 2025-03-27 19:42:40,771 pdfinterp exec: d [[], 0]
DEBUG 2025-03-27 19:42:40,771 psparser nexttoken: (10777, 1)
DEBUG 2025-03-27 19:42:40,771 psparser add_results: ((10777, 1),)
DEBUG 2025-03-27 19:42:40,771 psparser nextobject: (10777, 1)
DEBUG 2025-03-27 19:42:40,771 psparser nexttoken: (10779, /b'w')
DEBUG 2025-03-27 19:42:40,771 psparser do_keyword: pos=10779, token=/b'w', stack=[]
DEBUG 2025-03-27 19:42:40,771 psparser add_results: ((10779, /b'w'),)
DEBUG 2025-03-27 19:42:40,771 psparser nextobject: (10779, /b'w')
DEBUG 2025-03-27 19:42:40,771 pdfinterp exec: w [1]
DEBUG 2025-03-27 19:42:40,771 psparser nexttoken: (10781, 0)
DEBUG 2025-03-27 19:42:40,771 psparser add_results: ((10781, 0),)
DEBUG 2025-03-27 19:42:40,771 psparser nextobject: (10781, 0)
DEBUG 2025-03-27 19:42:40,772 psparser nexttoken: (10783, 678.439026)
DEBUG 2025-03-27 19:42:40,772 psparser add_results: ((10783, 678.439026),)
DEBUG 2025-03-27 19:42:40,772 psparser nextobject: (10783, 678.439026)
DEBUG 2025-03-27 19:42:40,772 psparser nexttoken: (10794, /b'm')
DEBUG 2025-03-27 19:42:40,772 psparser do_keyword: pos=10794, token=/b'm', stack=[]
DEBUG 2025-03-27 19:42:40,772 psparser add_results: ((10794, /b'm'),)
DEBUG 2025-03-27 19:42:40,772 psparser nextobject: (10794, /b'm')
DEBUG 2025-03-27 19:42:40,772 pdfinterp exec: m [0, 678.439026]
DEBUG 2025-03-27 19:42:40,773 psparser nexttoken: (10796, 36.683998)
DEBUG 2025-03-27 19:42:40,773 psparser add_results: ((10796, 36.683998),)
DEBUG 2025-03-27 19:42:40,773 psparser nextobject: (10796, 36.683998)
DEBUG 2025-03-27 19:42:40,774 psparser nexttoken: (10806, 678.439026)
DEBUG 2025-03-27 19:42:40,774 psparser add_results: ((10806, 678.439026),)
DEBUG 2025-03-27 19:42:40,774 psparser nextobject: (10806, 678.439026)
DEBUG 2025-03-27 19:42:40,774 psparser nexttoken: (10817, /b'l')
DEBUG 2025-03-27 19:42:40,774 psparser do_keyword: pos=10817, token=/b'l', stack=[]
DEBUG 2025-03-27 19:42:40,774 psparser add_results: ((10817, /b'l'),)
DEBUG 2025-03-27 19:42:40,774 psparser nextobject: (10817, /b'l')
DEBUG 2025-03-27 19:42:40,774 pdfinterp exec: l [36.683998, 678.439026]
DEBUG 2025-03-27 19:42:40,775 psparser nexttoken: (10819, /b'S')
DEBUG 2025-03-27 19:42:40,775 psparser do_keyword: pos=10819, token=/b'S', stack=[]
DEBUG 2025-03-27 19:42:40,775 psparser add_results: ((10819, /b'S'),)
DEBUG 2025-03-27 19:42:40,775 psparser nextobject: (10819, /b'S')
DEBUG 2025-03-27 19:42:40,775 pdfinterp exec: S
DEBUG 2025-03-27 19:42:40,775 psparser nexttoken: (10821, /b'Q')
DEBUG 2025-03-27 19:42:40,775 psparser do_keyword: pos=10821, token=/b'Q', stack=[]
DEBUG 2025-03-27 19:42:40,775 psparser add_results: ((10821, /b'Q'),)
DEBUG 2025-03-27 19:42:40,775 psparser nextobject: (10821, /b'Q')
DEBUG 2025-03-27 19:42:40,775 pdfinterp exec: Q
DEBUG 2025-03-27 19:42:40,775 psparser nexttoken: (10823, /b'EMC')
DEBUG 2025-03-27 19:42:40,775 psparser do_keyword: pos=10823, token=/b'EMC', stack=[]
DEBUG 2025-03-27 19:42:40,776 psparser add_results: ((10823, /b'EMC'),)
DEBUG 2025-03-27 19:42:40,776 psparser nextobject: (10823, /b'EMC')
DEBUG 2025-03-27 19:42:40,776 pdfinterp exec: EMC
DEBUG 2025-03-27 19:42:40,776 psparser nexttoken: (10827, /'P')
DEBUG 2025-03-27 19:42:40,776 psparser add_results: ((10827, /'P'),)
DEBUG 2025-03-27 19:42:40,778 psparser nextobject: (10827, /'P')
DEBUG 2025-03-27 19:42:40,778 psparser nexttoken: (10830, /b'<<')
DEBUG 2025-03-27 19:42:40,778 psparser start_type: pos=10830, type='d'
DEBUG 2025-03-27 19:42:40,779 psparser nexttoken: (10832, /'MCID')
DEBUG 2025-03-27 19:42:40,779 psparser nexttoken: (10838, 46)
DEBUG 2025-03-27 19:42:40,779 psparser nexttoken: (10840, /b'>>')
DEBUG 2025-03-27 19:42:40,779 psparser end_type: pos=10830, type='d', objs=[/'MCID', 46]
DEBUG 2025-03-27 19:42:40,779 psparser add_results: ((10830, {'MCID': 46}),)
DEBUG 2025-03-27 19:42:40,779 psparser nextobject: (10830, {'MCID': 46})
DEBUG 2025-03-27 19:42:40,779 psparser nexttoken: (10843, /b'BDC')
DEBUG 2025-03-27 19:42:40,779 psparser do_keyword: pos=10843, token=/b'BDC', stack=[]
DEBUG 2025-03-27 19:42:40,779 psparser add_results: ((10843, /b'BDC'),)
DEBUG 2025-03-27 19:42:40,779 psparser nextobject: (10843, /b'BDC')
DEBUG 2025-03-27 19:42:40,779 pdfinterp exec: BDC [/'P', {'MCID': 46}]
DEBUG 2025-03-27 19:42:40,779 psparser nexttoken: (10847, /b'BT')
DEBUG 2025-03-27 19:42:40,780 psparser do_keyword: pos=10847, token=/b'BT', stack=[]
DEBUG 2025-03-27 19:42:40,780 psparser add_results: ((10847, /b'BT'),)
DEBUG 2025-03-27 19:42:40,780 psparser nextobject: (10847, /b'BT')
DEBUG 2025-03-27 19:42:40,780 pdfinterp exec: BT
DEBUG 2025-03-27 19:42:40,780 psparser nexttoken: (10850, /'F15')
DEBUG 2025-03-27 19:42:40,780 psparser add_results: ((10850, /'F15'),)
DEBUG 2025-03-27 19:42:40,780 psparser nextobject: (10850, /'F15')
DEBUG 2025-03-27 19:42:40,780 psparser nexttoken: (10855, 15.75)
DEBUG 2025-03-27 19:42:40,780 psparser add_results: ((10855, 15.75),)
DEBUG 2025-03-27 19:42:40,781 psparser nextobject: (10855, 15.75)
DEBUG 2025-03-27 19:42:40,781 psparser nexttoken: (10861, /b'Tf')
DEBUG 2025-03-27 19:42:40,781 psparser do_keyword: pos=10861, token=/b'Tf', stack=[]
DEBUG 2025-03-27 19:42:40,781 psparser add_results: ((10861, /b'Tf'),)
DEBUG 2025-03-27 19:42:40,781 psparser nextobject: (10861, /b'Tf')
DEBUG 2025-03-27 19:42:40,781 pdfinterp exec: Tf [/'F15', 15.75]
DEBUG 2025-03-27 19:42:40,781 psparser nexttoken: (10864, 1)
DEBUG 2025-03-27 19:42:40,781 psparser add_results: ((10864, 1),)
DEBUG 2025-03-27 19:42:40,781 psparser nextobject: (10864, 1)
DEBUG 2025-03-27 19:42:40,781 psparser nexttoken: (10866, 0)
DEBUG 2025-03-27 19:42:40,781 psparser add_results: ((10866, 0),)
DEBUG 2025-03-27 19:42:40,781 psparser nextobject: (10866, 0)
DEBUG 2025-03-27 19:42:40,781 psparser nexttoken: (10868, 0)
DEBUG 2025-03-27 19:42:40,782 psparser add_results: ((10868, 0),)
DEBUG 2025-03-27 19:42:40,782 psparser nextobject: (10868, 0)
DEBUG 2025-03-27 19:42:40,782 psparser nexttoken: (10870, -1)
DEBUG 2025-03-27 19:42:40,782 psparser add_results: ((10870, -1),)
DEBUG 2025-03-27 19:42:40,782 psparser nextobject: (10870, -1)
DEBUG 2025-03-27 19:42:40,782 psparser nexttoken: (10873, 0)
DEBUG 2025-03-27 19:42:40,782 psparser add_results: ((10873, 0),)
DEBUG 2025-03-27 19:42:40,782 psparser nextobject: (10873, 0)
DEBUG 2025-03-27 19:42:40,782 psparser nexttoken: (10875, 704.56201172)
DEBUG 2025-03-27 19:42:40,782 psparser add_results: ((10875, 704.56201172),)
DEBUG 2025-03-27 19:42:40,782 psparser nextobject: (10875, 704.56201172)
DEBUG 2025-03-27 19:42:40,782 psparser nexttoken: (10888, /b'Tm')
DEBUG 2025-03-27 19:42:40,782 psparser do_keyword: pos=10888, token=/b'Tm', stack=[]
DEBUG 2025-03-27 19:42:40,782 psparser add_results: ((10888, /b'Tm'),)
DEBUG 2025-03-27 19:42:40,782 psparser nextobject: (10888, /b'Tm')
DEBUG 2025-03-27 19:42:40,782 pdfinterp exec: Tm [1, 0, 0, -1, 0, 704.56201172]
DEBUG 2025-03-27 19:42:40,782 psparser nexttoken: (10891, /b'[')
DEBUG 2025-03-27 19:42:40,782 psparser start_type: pos=10891, type='a'
DEBUG 2025-03-27 19:42:40,783 psparser nexttoken: (10892, b'\x00\t\x00"\x00\x16\x00\x08\x00\x07\x00\x06\x00$\x00\x04\x00\x05')
DEBUG 2025-03-27 19:42:40,783 psparser nexttoken: (10930, /b']')
DEBUG 2025-03-27 19:42:40,783 psparser end_type: pos=10891, type='a', objs=[b'\x00\t\x00"\x00\x16\x00\x08\x00\x07\x00\x06\x00$\x00\x04\x00\x05']
DEBUG 2025-03-27 19:42:40,783 psparser add_results: ((10891, [b'\x00\t\x00"\x00\x16\x00\x08\x00\x07\x00\x06\x00$\x00\x04\x00\x05']),)
DEBUG 2025-03-27 19:42:40,783 psparser nextobject: (10891, [b'\x00\t\x00"\x00\x16\x00\x08\x00\x07\x00\x06\x00$\x00\x04\x00\x05'])
DEBUG 2025-03-27 19:42:40,783 psparser nexttoken: (10932, /b'TJ')
DEBUG 2025-03-27 19:42:40,783 psparser do_keyword: pos=10932, token=/b'TJ', stack=[]
DEBUG 2025-03-27 19:42:40,783 psparser add_results: ((10932, /b'TJ'),)
DEBUG 2025-03-27 19:42:40,783 psparser nextobject: (10932, /b'TJ')
DEBUG 2025-03-27 19:42:40,783 pdfinterp exec: TJ [[b'\x00\t\x00"\x00\x16\x00\x08\x00\x07\x00\x06\x00$\x00\x04\x00\x05']]
DEBUG 2025-03-27 19:42:40,783 cmapdb get_unichr: <UnicodeMap: /'Adobe-Identity-UCS'>, 9
DEBUG 2025-03-27 19:42:40,783 cmapdb get_unichr: <UnicodeMap: /'Adobe-Identity-UCS'>, 34
DEBUG 2025-03-27 19:42:40,783 cmapdb get_unichr: <UnicodeMap: /'Adobe-Identity-UCS'>, 22
DEBUG 2025-03-27 19:42:40,783 cmapdb get_unichr: <UnicodeMap: /'Adobe-Identity-UCS'>, 8
DEBUG 2025-03-27 19:42:40,783 cmapdb get_unichr: <UnicodeMap: /'Adobe-Identity-UCS'>, 7
DEBUG 2025-03-27 19:42:40,783 cmapdb get_unichr: <UnicodeMap: /'Adobe-Identity-UCS'>, 6
DEBUG 2025-03-27 19:42:40,784 cmapdb get_unichr: <UnicodeMap: /'Adobe-Identity-UCS'>, 36
DEBUG 2025-03-27 19:42:40,784 cmapdb get_unichr: <UnicodeMap: /'Adobe-Identity-UCS'>, 4
DEBUG 2025-03-27 19:42:40,784 cmapdb get_unichr: <UnicodeMap: /'Adobe-Identity-UCS'>, 5
DEBUG 2025-03-27 19:42:40,784 psparser nexttoken: (10935, /b'ET')
DEBUG 2025-03-27 19:42:40,784 psparser do_keyword: pos=10935, token=/b'ET', stack=[]
DEBUG 2025-03-27 19:42:40,784 psparser add_results: ((10935, /b'ET'),)
DEBUG 2025-03-27 19:42:40,784 psparser nextobject: (10935, /b'ET')
DEBUG 2025-03-27 19:42:40,784 pdfinterp exec: ET
DEBUG 2025-03-27 19:42:40,784 psparser nexttoken: (10938, /b'EMC')
DEBUG 2025-03-27 19:42:40,784 psparser do_keyword: pos=10938, token=/b'EMC', stack=[]
DEBUG 2025-03-27 19:42:40,784 psparser add_results: ((10938, /b'EMC'),)
DEBUG 2025-03-27 19:42:40,784 psparser nextobject: (10938, /b'EMC')
DEBUG 2025-03-27 19:42:40,784 pdfinterp exec: EMC
DEBUG 2025-03-27 19:42:40,784 psparser nexttoken: (10942, /b'Q')
DEBUG 2025-03-27 19:42:40,784 psparser do_keyword: pos=10942, token=/b'Q', stack=[]
DEBUG 2025-03-27 19:42:40,784 psparser add_results: ((10942, /b'Q'),)
DEBUG 2025-03-27 19:42:40,784 psparser nextobject: (10942, /b'Q')
DEBUG 2025-03-27 19:42:40,784 pdfinterp exec: Q
DEBUG 2025-03-27 19:42:40,785 psparser nexttoken: (10944, /b'Q')
DEBUG 2025-03-27 19:42:40,785 psparser do_keyword: pos=10944, token=/b'Q', stack=[]
DEBUG 2025-03-27 19:42:40,785 psparser add_results: ((10944, /b'Q'),)
DEBUG 2025-03-27 19:42:40,786 psparser nextobject: (10944, /b'Q')
DEBUG 2025-03-27 19:42:40,786 pdfinterp exec: Q
DEBUG 2025-03-27 19:42:40,786 psparser nexttoken: (10946, /b'Q')
DEBUG 2025-03-27 19:42:40,786 psparser do_keyword: pos=10946, token=/b'Q', stack=[]
DEBUG 2025-03-27 19:42:40,786 psparser add_results: ((10946, /b'Q'),)
DEBUG 2025-03-27 19:42:40,786 psparser nextobject: (10946, /b'Q')
DEBUG 2025-03-27 19:42:40,786 pdfinterp exec: Q
DEBUG 2025-03-27 19:42:40,786 psparser nexttoken: (10948, /b'q')
DEBUG 2025-03-27 19:42:40,786 psparser do_keyword: pos=10948, token=/b'q', stack=[]
DEBUG 2025-03-27 19:42:40,786 psparser add_results: ((10948, /b'q'),)
DEBUG 2025-03-27 19:42:40,786 psparser nextobject: (10948, /b'q')
DEBUG 2025-03-27 19:42:40,786 pdfinterp exec: q
DEBUG 2025-03-27 19:42:40,786 psparser nexttoken: (10950, 1)
DEBUG 2025-03-27 19:42:40,786 psparser add_results: ((10950, 1),)
DEBUG 2025-03-27 19:42:40,786 psparser nextobject: (10950, 1)
DEBUG 2025-03-27 19:42:40,786 psparser nexttoken: (10952, 0)
DEBUG 2025-03-27 19:42:40,786 psparser add_results: ((10952, 0),)
DEBUG 2025-03-27 19:42:40,786 psparser nextobject: (10952, 0)
DEBUG 2025-03-27 19:42:40,786 psparser nexttoken: (10954, 0)
DEBUG 2025-03-27 19:42:40,786 psparser add_results: ((10954, 0),)
DEBUG 2025-03-27 19:42:40,786 psparser nextobject: (10954, 0)
DEBUG 2025-03-27 19:42:40,786 psparser nexttoken: (10956, 1)
DEBUG 2025-03-27 19:42:40,786 psparser add_results: ((10956, 1),)
DEBUG 2025-03-27 19:42:40,786 psparser nextobject: (10956, 1)
DEBUG 2025-03-27 19:42:40,786 psparser nexttoken: (10958, 0)
DEBUG 2025-03-27 19:42:40,786 psparser add_results: ((10958, 0),)
DEBUG 2025-03-27 19:42:40,786 psparser nextobject: (10958, 0)
DEBUG 2025-03-27 19:42:40,787 psparser nexttoken: (10960, 770.4)
DEBUG 2025-03-27 19:42:40,787 psparser add_results: ((10960, 770.4),)
DEBUG 2025-03-27 19:42:40,787 psparser nextobject: (10960, 770.4)
DEBUG 2025-03-27 19:42:40,787 psparser nexttoken: (10966, /b'cm')
DEBUG 2025-03-27 19:42:40,787 psparser do_keyword: pos=10966, token=/b'cm', stack=[]
DEBUG 2025-03-27 19:42:40,787 psparser add_results: ((10966, /b'cm'),)
DEBUG 2025-03-27 19:42:40,787 psparser nextobject: (10966, /b'cm')
DEBUG 2025-03-27 19:42:40,787 pdfinterp exec: cm [1, 0, 0, 1, 0, 770.4]
DEBUG 2025-03-27 19:42:40,787 psparser nexttoken: (10969, /b'q')
DEBUG 2025-03-27 19:42:40,788 psparser do_keyword: pos=10969, token=/b'q', stack=[]
DEBUG 2025-03-27 19:42:40,788 psparser add_results: ((10969, /b'q'),)
DEBUG 2025-03-27 19:42:40,788 psparser nextobject: (10969, /b'q')
DEBUG 2025-03-27 19:42:40,788 pdfinterp exec: q
DEBUG 2025-03-27 19:42:40,788 psparser nexttoken: (10971, 0)
DEBUG 2025-03-27 19:42:40,788 psparser add_results: ((10971, 0),)
DEBUG 2025-03-27 19:42:40,788 psparser nextobject: (10971, 0)
DEBUG 2025-03-27 19:42:40,788 psparser nexttoken: (10973, 0)
DEBUG 2025-03-27 19:42:40,788 psparser add_results: ((10973, 0),)
DEBUG 2025-03-27 19:42:40,788 psparser nextobject: (10973, 0)
DEBUG 2025-03-27 19:42:40,788 psparser nexttoken: (10975, /b'm')
DEBUG 2025-03-27 19:42:40,788 psparser do_keyword: pos=10975, token=/b'm', stack=[]
DEBUG 2025-03-27 19:42:40,788 psparser add_results: ((10975, /b'm'),)
DEBUG 2025-03-27 19:42:40,788 psparser nextobject: (10975, /b'm')
DEBUG 2025-03-27 19:42:40,789 pdfinterp exec: m [0, 0]
DEBUG 2025-03-27 19:42:40,790 psparser nexttoken: (10977, 201.960007)
DEBUG 2025-03-27 19:42:40,791 psparser add_results: ((10977, 201.960007),)
DEBUG 2025-03-27 19:42:40,791 psparser nextobject: (10977, 201.960007)
DEBUG 2025-03-27 19:42:40,791 psparser nexttoken: (10988, 0)
DEBUG 2025-03-27 19:42:40,791 psparser add_results: ((10988, 0),)
DEBUG 2025-03-27 19:42:40,791 psparser nextobject: (10988, 0)
DEBUG 2025-03-27 19:42:40,791 psparser nexttoken: (10990, /b'l')
DEBUG 2025-03-27 19:42:40,791 psparser do_keyword: pos=10990, token=/b'l', stack=[]
DEBUG 2025-03-27 19:42:40,791 psparser add_results: ((10990, /b'l'),)
DEBUG 2025-03-27 19:42:40,791 psparser nextobject: (10990, /b'l')
DEBUG 2025-03-27 19:42:40,793 pdfinterp exec: l [201.960007, 0]
DEBUG 2025-03-27 19:42:40,793 psparser nexttoken: (10992, 201.960007)
DEBUG 2025-03-27 19:42:40,793 psparser add_results: ((10992, 201.960007),)
DEBUG 2025-03-27 19:42:40,793 psparser nextobject: (10992, 201.960007)
DEBUG 2025-03-27 19:42:40,793 psparser nexttoken: (11003, 14.4)
DEBUG 2025-03-27 19:42:40,793 psparser add_results: ((11003, 14.4),)
DEBUG 2025-03-27 19:42:40,794 psparser nextobject: (11003, 14.4)
DEBUG 2025-03-27 19:42:40,794 psparser nexttoken: (11008, /b'l')
DEBUG 2025-03-27 19:42:40,794 psparser do_keyword: pos=11008, token=/b'l', stack=[]
DEBUG 2025-03-27 19:42:40,794 psparser add_results: ((11008, /b'l'),)
DEBUG 2025-03-27 19:42:40,794 psparser nextobject: (11008, /b'l')
DEBUG 2025-03-27 19:42:40,794 pdfinterp exec: l [201.960007, 14.4]
DEBUG 2025-03-27 19:42:40,794 psparser nexttoken: (11010, 0)
DEBUG 2025-03-27 19:42:40,794 psparser add_results: ((11010, 0),)
DEBUG 2025-03-27 19:42:40,794 psparser nextobject: (11010, 0)
DEBUG 2025-03-27 19:42:40,794 psparser nexttoken: (11012, 14.4)
DEBUG 2025-03-27 19:42:40,794 psparser add_results: ((11012, 14.4),)
DEBUG 2025-03-27 19:42:40,795 psparser nextobject: (11012, 14.4)
DEBUG 2025-03-27 19:42:40,795 psparser nexttoken: (11017, /b'l')
DEBUG 2025-03-27 19:42:40,795 psparser do_keyword: pos=11017, token=/b'l', stack=[]
DEBUG 2025-03-27 19:42:40,795 psparser add_results: ((11017, /b'l'),)
DEBUG 2025-03-27 19:42:40,795 psparser nextobject: (11017, /b'l')
DEBUG 2025-03-27 19:42:40,795 pdfinterp exec: l [0, 14.4]
DEBUG 2025-03-27 19:42:40,795 psparser nexttoken: (11019, 0)
DEBUG 2025-03-27 19:42:40,795 psparser add_results: ((11019, 0),)
DEBUG 2025-03-27 19:42:40,795 psparser nextobject: (11019, 0)
DEBUG 2025-03-27 19:42:40,795 psparser nexttoken: (11021, 0)
DEBUG 2025-03-27 19:42:40,795 psparser add_results: ((11021, 0),)
DEBUG 2025-03-27 19:42:40,795 psparser nextobject: (11021, 0)
DEBUG 2025-03-27 19:42:40,795 psparser nexttoken: (11023, /b'l')
DEBUG 2025-03-27 19:42:40,795 psparser do_keyword: pos=11023, token=/b'l', stack=[]
DEBUG 2025-03-27 19:42:40,795 psparser add_results: ((11023, /b'l'),)
DEBUG 2025-03-27 19:42:40,795 psparser nextobject: (11023, /b'l')
DEBUG 2025-03-27 19:42:40,796 pdfinterp exec: l [0, 0]
DEBUG 2025-03-27 19:42:40,796 psparser nexttoken: (11025, /b'W')
DEBUG 2025-03-27 19:42:40,796 psparser do_keyword: pos=11025, token=/b'W', stack=[]
DEBUG 2025-03-27 19:42:40,796 psparser add_results: ((11025, /b'W'),)
DEBUG 2025-03-27 19:42:40,796 psparser nextobject: (11025, /b'W')
DEBUG 2025-03-27 19:42:40,796 pdfinterp exec: W
DEBUG 2025-03-27 19:42:40,796 psparser nexttoken: (11027, /b'n')
DEBUG 2025-03-27 19:42:40,796 psparser do_keyword: pos=11027, token=/b'n', stack=[]
DEBUG 2025-03-27 19:42:40,796 psparser add_results: ((11027, /b'n'),)
DEBUG 2025-03-27 19:42:40,796 psparser nextobject: (11027, /b'n')
DEBUG 2025-03-27 19:42:40,796 pdfinterp exec: n
DEBUG 2025-03-27 19:42:40,796 psparser nexttoken: (11029, /'Artifact')
DEBUG 2025-03-27 19:42:40,796 psparser add_results: ((11029, /'Artifact'),)
DEBUG 2025-03-27 19:42:40,796 psparser nextobject: (11029, /'Artifact')
DEBUG 2025-03-27 19:42:40,796 psparser nexttoken: (11039, /b'BMC')
DEBUG 2025-03-27 19:42:40,797 psparser do_keyword: pos=11039, token=/b'BMC', stack=[]
DEBUG 2025-03-27 19:42:40,797 psparser add_results: ((11039, /b'BMC'),)
DEBUG 2025-03-27 19:42:40,797 psparser nextobject: (11039, /b'BMC')
DEBUG 2025-03-27 19:42:40,797 pdfinterp exec: BMC [/'Artifact']
DEBUG 2025-03-27 19:42:40,797 psparser nexttoken: (11043, 0.1608)
DEBUG 2025-03-27 19:42:40,797 psparser add_results: ((11043, 0.1608),)
DEBUG 2025-03-27 19:42:40,797 psparser nextobject: (11043, 0.1608)
DEBUG 2025-03-27 19:42:40,797 psparser nexttoken: (11050, 0.2431)
DEBUG 2025-03-27 19:42:40,797 psparser add_results: ((11050, 0.2431),)
DEBUG 2025-03-27 19:42:40,797 psparser nextobject: (11050, 0.2431)
DEBUG 2025-03-27 19:42:40,797 psparser nexttoken: (11057, 0.2863)
DEBUG 2025-03-27 19:42:40,797 psparser add_results: ((11057, 0.2863),)
DEBUG 2025-03-27 19:42:40,797 psparser nextobject: (11057, 0.2863)
DEBUG 2025-03-27 19:42:40,797 psparser nexttoken: (11064, /b'rg')
DEBUG 2025-03-27 19:42:40,797 psparser do_keyword: pos=11064, token=/b'rg', stack=[]
DEBUG 2025-03-27 19:42:40,798 psparser add_results: ((11064, /b'rg'),)
DEBUG 2025-03-27 19:42:40,798 psparser nextobject: (11064, /b'rg')
DEBUG 2025-03-27 19:42:40,798 pdfinterp exec: rg [0.1608, 0.2431, 0.2863]
DEBUG 2025-03-27 19:42:40,798 psparser nexttoken: (11067, 0)
DEBUG 2025-03-27 19:42:40,798 psparser add_results: ((11067, 0),)
DEBUG 2025-03-27 19:42:40,798 psparser nextobject: (11067, 0)
DEBUG 2025-03-27 19:42:40,798 psparser nexttoken: (11069, 0)
DEBUG 2025-03-27 19:42:40,798 psparser add_results: ((11069, 0),)
DEBUG 2025-03-27 19:42:40,798 psparser nextobject: (11069, 0)
DEBUG 2025-03-27 19:42:40,798 psparser nexttoken: (11071, 201.960007)
DEBUG 2025-03-27 19:42:40,798 psparser add_results: ((11071, 201.960007),)
DEBUG 2025-03-27 19:42:40,798 psparser nextobject: (11071, 201.960007)
DEBUG 2025-03-27 19:42:40,798 psparser nexttoken: (11082, 14.4)
DEBUG 2025-03-27 19:42:40,798 psparser add_results: ((11082, 14.4),)
DEBUG 2025-03-27 19:42:40,798 psparser nextobject: (11082, 14.4)
DEBUG 2025-03-27 19:42:40,799 psparser nexttoken: (11087, /b're')
DEBUG 2025-03-27 19:42:40,799 psparser do_keyword: pos=11087, token=/b're', stack=[]
DEBUG 2025-03-27 19:42:40,799 psparser add_results: ((11087, /b're'),)
DEBUG 2025-03-27 19:42:40,799 psparser nextobject: (11087, /b're')
DEBUG 2025-03-27 19:42:40,799 pdfinterp exec: re [0, 0, 201.960007, 14.4]
DEBUG 2025-03-27 19:42:40,799 psparser nexttoken: (11090, /b'f')
DEBUG 2025-03-27 19:42:40,799 psparser do_keyword: pos=11090, token=/b'f', stack=[]
DEBUG 2025-03-27 19:42:40,799 psparser add_results: ((11090, /b'f'),)
DEBUG 2025-03-27 19:42:40,799 psparser nextobject: (11090, /b'f')
DEBUG 2025-03-27 19:42:40,799 pdfinterp exec: f
DEBUG 2025-03-27 19:42:40,799 psparser nexttoken: (11092, /b'EMC')
DEBUG 2025-03-27 19:42:40,799 psparser do_keyword: pos=11092, token=/b'EMC', stack=[]
DEBUG 2025-03-27 19:42:40,799 psparser add_results: ((11092, /b'EMC'),)
DEBUG 2025-03-27 19:42:40,800 psparser nextobject: (11092, /b'EMC')
DEBUG 2025-03-27 19:42:40,800 pdfinterp exec: EMC
DEBUG 2025-03-27 19:42:40,800 psparser nexttoken: (11096, /b'Q')
DEBUG 2025-03-27 19:42:40,800 psparser do_keyword: pos=11096, token=/b'Q', stack=[]
DEBUG 2025-03-27 19:42:40,800 psparser add_results: ((11096, /b'Q'),)
DEBUG 2025-03-27 19:42:40,800 psparser nextobject: (11096, /b'Q')
DEBUG 2025-03-27 19:42:40,800 pdfinterp exec: Q
DEBUG 2025-03-27 19:42:40,800 psparser nexttoken: (11098, 0)
DEBUG 2025-03-27 19:42:40,800 psparser add_results: ((11098, 0),)
DEBUG 2025-03-27 19:42:40,800 psparser nextobject: (11098, 0)
DEBUG 2025-03-27 19:42:40,800 psparser nexttoken: (11100, /b'g')
DEBUG 2025-03-27 19:42:40,800 psparser do_keyword: pos=11100, token=/b'g', stack=[]
DEBUG 2025-03-27 19:42:40,801 psparser add_results: ((11100, /b'g'),)
DEBUG 2025-03-27 19:42:40,801 psparser nextobject: (11100, /b'g')
DEBUG 2025-03-27 19:42:40,801 pdfinterp exec: g [0]
DEBUG 2025-03-27 19:42:40,801 psparser nexttoken: (11102, /'Artifact')
DEBUG 2025-03-27 19:42:40,801 psparser add_results: ((11102, /'Artifact'),)
DEBUG 2025-03-27 19:42:40,801 psparser nextobject: (11102, /'Artifact')
DEBUG 2025-03-27 19:42:40,801 psparser nexttoken: (11112, /b'BMC')
DEBUG 2025-03-27 19:42:40,801 psparser do_keyword: pos=11112, token=/b'BMC', stack=[]
DEBUG 2025-03-27 19:42:40,801 psparser add_results: ((11112, /b'BMC'),)
DEBUG 2025-03-27 19:42:40,801 psparser nextobject: (11112, /b'BMC')
DEBUG 2025-03-27 19:42:40,801 pdfinterp exec: BMC [/'Artifact']
DEBUG 2025-03-27 19:42:40,802 psparser nexttoken: (11116, /b'BT')
DEBUG 2025-03-27 19:42:40,802 psparser do_keyword: pos=11116, token=/b'BT', stack=[]
DEBUG 2025-03-27 19:42:40,802 psparser add_results: ((11116, /b'BT'),)
DEBUG 2025-03-27 19:42:40,802 psparser nextobject: (11116, /b'BT')
DEBUG 2025-03-27 19:42:40,802 pdfinterp exec: BT
DEBUG 2025-03-27 19:42:40,802 psparser nexttoken: (11119, /'F15')
DEBUG 2025-03-27 19:42:40,802 psparser add_results: ((11119, /'F15'),)
DEBUG 2025-03-27 19:42:40,802 psparser nextobject: (11119, /'F15')
DEBUG 2025-03-27 19:42:40,802 psparser nexttoken: (11124, 12)
DEBUG 2025-03-27 19:42:40,802 psparser add_results: ((11124, 12),)
DEBUG 2025-03-27 19:42:40,802 psparser nextobject: (11124, 12)
DEBUG 2025-03-27 19:42:40,802 psparser nexttoken: (11127, /b'Tf')
DEBUG 2025-03-27 19:42:40,802 psparser do_keyword: pos=11127, token=/b'Tf', stack=[]
DEBUG 2025-03-27 19:42:40,802 psparser add_results: ((11127, /b'Tf'),)
DEBUG 2025-03-27 19:42:40,802 psparser nextobject: (11127, /b'Tf')
DEBUG 2025-03-27 19:42:40,802 pdfinterp exec: Tf [/'F15', 12]
DEBUG 2025-03-27 19:42:40,802 psparser nexttoken: (11130, 1)
DEBUG 2025-03-27 19:42:40,802 psparser add_results: ((11130, 1),)
DEBUG 2025-03-27 19:42:40,802 psparser nextobject: (11130, 1)
DEBUG 2025-03-27 19:42:40,802 psparser nexttoken: (11132, 0)
DEBUG 2025-03-27 19:42:40,802 psparser add_results: ((11132, 0),)
DEBUG 2025-03-27 19:42:40,802 psparser nextobject: (11132, 0)
DEBUG 2025-03-27 19:42:40,802 psparser nexttoken: (11134, 0)
DEBUG 2025-03-27 19:42:40,802 psparser add_results: ((11134, 0),)
DEBUG 2025-03-27 19:42:40,802 psparser nextobject: (11134, 0)
DEBUG 2025-03-27 19:42:40,803 psparser nexttoken: (11136, -1)
DEBUG 2025-03-27 19:42:40,803 psparser add_results: ((11136, -1),)
DEBUG 2025-03-27 19:42:40,803 psparser nextobject: (11136, -1)
DEBUG 2025-03-27 19:42:40,803 psparser nexttoken: (11139, 0)
DEBUG 2025-03-27 19:42:40,803 psparser add_results: ((11139, 0),)
DEBUG 2025-03-27 19:42:40,803 psparser nextobject: (11139, 0)
DEBUG 2025-03-27 19:42:40,803 psparser nexttoken: (11141, 10.31400013)
DEBUG 2025-03-27 19:42:40,803 psparser add_results: ((11141, 10.31400013),)
DEBUG 2025-03-27 19:42:40,803 psparser nextobject: (11141, 10.31400013)
DEBUG 2025-03-27 19:42:40,803 psparser nexttoken: (11153, /b'Tm')
DEBUG 2025-03-27 19:42:40,803 psparser do_keyword: pos=11153, token=/b'Tm', stack=[]
DEBUG 2025-03-27 19:42:40,803 psparser add_results: ((11153, /b'Tm'),)
DEBUG 2025-03-27 19:42:40,803 psparser nextobject: (11153, /b'Tm')
DEBUG 2025-03-27 19:42:40,804 pdfinterp exec: Tm [1, 0, 0, -1, 0, 10.31400013]
DEBUG 2025-03-27 19:42:40,804 psparser nexttoken: (11156, /b'[')
DEBUG 2025-03-27 19:42:40,804 psparser start_type: pos=11156, type='a'
DEBUG 2025-03-27 19:42:40,804 psparser nexttoken: (11157, b'\x00B')
DEBUG 2025-03-27 19:42:40,804 psparser nexttoken: (11163, /b']')
DEBUG 2025-03-27 19:42:40,804 psparser end_type: pos=11156, type='a', objs=[b'\x00B']
DEBUG 2025-03-27 19:42:40,804 psparser add_results: ((11156, [b'\x00B']),)
DEBUG 2025-03-27 19:42:40,804 psparser nextobject: (11156, [b'\x00B'])
DEBUG 2025-03-27 19:42:40,805 psparser nexttoken: (11165, /b'TJ')
DEBUG 2025-03-27 19:42:40,805 psparser do_keyword: pos=11165, token=/b'TJ', stack=[]
DEBUG 2025-03-27 19:42:40,805 psparser add_results: ((11165, /b'TJ'),)
DEBUG 2025-03-27 19:42:40,805 psparser nextobject: (11165, /b'TJ')
DEBUG 2025-03-27 19:42:40,805 pdfinterp exec: TJ [[b'\x00B']]
DEBUG 2025-03-27 19:42:40,805 cmapdb get_unichr: <UnicodeMap: /'Adobe-Identity-UCS'>, 66
DEBUG 2025-03-27 19:42:40,806 psparser nexttoken: (11168, /b'ET')
DEBUG 2025-03-27 19:42:40,806 psparser do_keyword: pos=11168, token=/b'ET', stack=[]
DEBUG 2025-03-27 19:42:40,806 psparser add_results: ((11168, /b'ET'),)
DEBUG 2025-03-27 19:42:40,806 psparser nextobject: (11168, /b'ET')
DEBUG 2025-03-27 19:42:40,806 pdfinterp exec: ET
DEBUG 2025-03-27 19:42:40,806 psparser nexttoken: (11171, /b'EMC')
DEBUG 2025-03-27 19:42:40,806 psparser do_keyword: pos=11171, token=/b'EMC', stack=[]
DEBUG 2025-03-27 19:42:40,806 psparser add_results: ((11171, /b'EMC'),)
DEBUG 2025-03-27 19:42:40,806 psparser nextobject: (11171, /b'EMC')
DEBUG 2025-03-27 19:42:40,806 pdfinterp exec: EMC
DEBUG 2025-03-27 19:42:40,807 psparser nexttoken: (11175, /b'q')
DEBUG 2025-03-27 19:42:40,807 psparser do_keyword: pos=11175, token=/b'q', stack=[]
DEBUG 2025-03-27 19:42:40,807 psparser add_results: ((11175, /b'q'),)
DEBUG 2025-03-27 19:42:40,807 psparser nextobject: (11175, /b'q')
DEBUG 2025-03-27 19:42:40,808 pdfinterp exec: q
DEBUG 2025-03-27 19:42:40,808 psparser nexttoken: (11177, 1)
DEBUG 2025-03-27 19:42:40,808 psparser add_results: ((11177, 1),)
DEBUG 2025-03-27 19:42:40,808 psparser nextobject: (11177, 1)
DEBUG 2025-03-27 19:42:40,808 psparser nexttoken: (11179, 0)
DEBUG 2025-03-27 19:42:40,808 psparser add_results: ((11179, 0),)
DEBUG 2025-03-27 19:42:40,808 psparser nextobject: (11179, 0)
DEBUG 2025-03-27 19:42:40,808 psparser nexttoken: (11181, 0)
DEBUG 2025-03-27 19:42:40,808 psparser add_results: ((11181, 0),)
DEBUG 2025-03-27 19:42:40,808 psparser nextobject: (11181, 0)
DEBUG 2025-03-27 19:42:40,809 psparser nexttoken: (11183, 1)
DEBUG 2025-03-27 19:42:40,809 psparser add_results: ((11183, 1),)
DEBUG 2025-03-27 19:42:40,809 psparser nextobject: (11183, 1)
DEBUG 2025-03-27 19:42:40,809 psparser nexttoken: (11185, 201.96)
DEBUG 2025-03-27 19:42:40,809 psparser add_results: ((11185, 201.96),)
DEBUG 2025-03-27 19:42:40,809 psparser nextobject: (11185, 201.96)
DEBUG 2025-03-27 19:42:40,809 psparser nexttoken: (11192, 0)
DEBUG 2025-03-27 19:42:40,809 psparser add_results: ((11192, 0),)
DEBUG 2025-03-27 19:42:40,810 psparser nextobject: (11192, 0)
DEBUG 2025-03-27 19:42:40,810 psparser nexttoken: (11194, /b'cm')
DEBUG 2025-03-27 19:42:40,810 psparser do_keyword: pos=11194, token=/b'cm', stack=[]
DEBUG 2025-03-27 19:42:40,810 psparser add_results: ((11194, /b'cm'),)
DEBUG 2025-03-27 19:42:40,810 psparser nextobject: (11194, /b'cm')
DEBUG 2025-03-27 19:42:40,810 pdfinterp exec: cm [1, 0, 0, 1, 201.96, 0]
DEBUG 2025-03-27 19:42:40,810 psparser nexttoken: (11197, /'Artifact')
DEBUG 2025-03-27 19:42:40,810 psparser add_results: ((11197, /'Artifact'),)
DEBUG 2025-03-27 19:42:40,810 psparser nextobject: (11197, /'Artifact')
DEBUG 2025-03-27 19:42:40,812 psparser nexttoken: (11207, /b'BMC')
DEBUG 2025-03-27 19:42:40,812 psparser do_keyword: pos=11207, token=/b'BMC', stack=[]
DEBUG 2025-03-27 19:42:40,812 psparser add_results: ((11207, /b'BMC'),)
DEBUG 2025-03-27 19:42:40,812 psparser nextobject: (11207, /b'BMC')
DEBUG 2025-03-27 19:42:40,812 pdfinterp exec: BMC [/'Artifact']
DEBUG 2025-03-27 19:42:40,812 psparser nexttoken: (11211, /b'BT')
DEBUG 2025-03-27 19:42:40,812 psparser do_keyword: pos=11211, token=/b'BT', stack=[]
DEBUG 2025-03-27 19:42:40,812 psparser add_results: ((11211, /b'BT'),)
DEBUG 2025-03-27 19:42:40,812 psparser nextobject: (11211, /b'BT')
DEBUG 2025-03-27 19:42:40,812 pdfinterp exec: BT
DEBUG 2025-03-27 19:42:40,813 psparser nexttoken: (11214, /'F15')
DEBUG 2025-03-27 19:42:40,813 psparser add_results: ((11214, /'F15'),)
DEBUG 2025-03-27 19:42:40,813 psparser nextobject: (11214, /'F15')
DEBUG 2025-03-27 19:42:40,813 psparser nexttoken: (11219, 9)
DEBUG 2025-03-27 19:42:40,813 psparser add_results: ((11219, 9),)
DEBUG 2025-03-27 19:42:40,813 psparser nextobject: (11219, 9)
DEBUG 2025-03-27 19:42:40,813 psparser nexttoken: (11221, /b'Tf')
DEBUG 2025-03-27 19:42:40,813 psparser do_keyword: pos=11221, token=/b'Tf', stack=[]
DEBUG 2025-03-27 19:42:40,813 psparser add_results: ((11221, /b'Tf'),)
DEBUG 2025-03-27 19:42:40,814 psparser nextobject: (11221, /b'Tf')
DEBUG 2025-03-27 19:42:40,814 pdfinterp exec: Tf [/'F15', 9]
DEBUG 2025-03-27 19:42:40,814 psparser nexttoken: (11224, 1)
DEBUG 2025-03-27 19:42:40,814 psparser add_results: ((11224, 1),)
DEBUG 2025-03-27 19:42:40,814 psparser nextobject: (11224, 1)
DEBUG 2025-03-27 19:42:40,814 psparser nexttoken: (11226, 0)
DEBUG 2025-03-27 19:42:40,814 psparser add_results: ((11226, 0),)
DEBUG 2025-03-27 19:42:40,814 psparser nextobject: (11226, 0)
DEBUG 2025-03-27 19:42:40,814 psparser nexttoken: (11228, 0)
DEBUG 2025-03-27 19:42:40,814 psparser add_results: ((11228, 0),)
DEBUG 2025-03-27 19:42:40,815 psparser nextobject: (11228, 0)
DEBUG 2025-03-27 19:42:40,815 psparser nexttoken: (11230, -1)
DEBUG 2025-03-27 19:42:40,815 psparser add_results: ((11230, -1),)
DEBUG 2025-03-27 19:42:40,815 psparser nextobject: (11230, -1)
DEBUG 2025-03-27 19:42:40,815 psparser nexttoken: (11233, 182.02400208)
DEBUG 2025-03-27 19:42:40,815 psparser add_results: ((11233, 182.02400208),)
DEBUG 2025-03-27 19:42:40,815 psparser nextobject: (11233, 182.02400208)
DEBUG 2025-03-27 19:42:40,815 psparser nexttoken: (11246, 7.73500013)
DEBUG 2025-03-27 19:42:40,815 psparser add_results: ((11246, 7.73500013),)
DEBUG 2025-03-27 19:42:40,815 psparser nextobject: (11246, 7.73500013)
DEBUG 2025-03-27 19:42:40,816 psparser nexttoken: (11257, /b'Tm')
DEBUG 2025-03-27 19:42:40,816 psparser do_keyword: pos=11257, token=/b'Tm', stack=[]
DEBUG 2025-03-27 19:42:40,816 psparser add_results: ((11257, /b'Tm'),)
DEBUG 2025-03-27 19:42:40,816 psparser nextobject: (11257, /b'Tm')
DEBUG 2025-03-27 19:42:40,816 pdfinterp exec: Tm [1, 0, 0, -1, 182.02400208, 7.73500013]
DEBUG 2025-03-27 19:42:40,816 psparser nexttoken: (11260, /b'[')
DEBUG 2025-03-27 19:42:40,816 psparser start_type: pos=11260, type='a'
DEBUG 2025-03-27 19:42:40,816 psparser nexttoken: (11261, b'\x001\x00\x07\x00&\x00\x0e\x00\x01')
DEBUG 2025-03-27 19:42:40,816 psparser nexttoken: (11283, /b']')
DEBUG 2025-03-27 19:42:40,816 psparser end_type: pos=11260, type='a', objs=[b'\x001\x00\x07\x00&\x00\x0e\x00\x01']
DEBUG 2025-03-27 19:42:40,816 psparser add_results: ((11260, [b'\x001\x00\x07\x00&\x00\x0e\x00\x01']),)
DEBUG 2025-03-27 19:42:40,816 psparser nextobject: (11260, [b'\x001\x00\x07\x00&\x00\x0e\x00\x01'])
DEBUG 2025-03-27 19:42:40,816 psparser nexttoken: (11285, /b'TJ')
DEBUG 2025-03-27 19:42:40,816 psparser do_keyword: pos=11285, token=/b'TJ', stack=[]
DEBUG 2025-03-27 19:42:40,816 psparser add_results: ((11285, /b'TJ'),)
DEBUG 2025-03-27 19:42:40,816 psparser nextobject: (11285, /b'TJ')
DEBUG 2025-03-27 19:42:40,816 pdfinterp exec: TJ [[b'\x001\x00\x07\x00&\x00\x0e\x00\x01']]
DEBUG 2025-03-27 19:42:40,816 cmapdb get_unichr: <UnicodeMap: /'Adobe-Identity-UCS'>, 49
DEBUG 2025-03-27 19:42:40,816 cmapdb get_unichr: <UnicodeMap: /'Adobe-Identity-UCS'>, 7
DEBUG 2025-03-27 19:42:40,816 cmapdb get_unichr: <UnicodeMap: /'Adobe-Identity-UCS'>, 38
DEBUG 2025-03-27 19:42:40,817 cmapdb get_unichr: <UnicodeMap: /'Adobe-Identity-UCS'>, 14
DEBUG 2025-03-27 19:42:40,817 cmapdb get_unichr: <UnicodeMap: /'Adobe-Identity-UCS'>, 1
DEBUG 2025-03-27 19:42:40,817 psparser nexttoken: (11288, /b'ET')
DEBUG 2025-03-27 19:42:40,817 psparser do_keyword: pos=11288, token=/b'ET', stack=[]
DEBUG 2025-03-27 19:42:40,817 psparser add_results: ((11288, /b'ET'),)
DEBUG 2025-03-27 19:42:40,817 psparser nextobject: (11288, /b'ET')
DEBUG 2025-03-27 19:42:40,817 pdfinterp exec: ET
DEBUG 2025-03-27 19:42:40,818 psparser nexttoken: (11291, /b'EMC')
DEBUG 2025-03-27 19:42:40,818 psparser do_keyword: pos=11291, token=/b'EMC', stack=[]
DEBUG 2025-03-27 19:42:40,818 psparser add_results: ((11291, /b'EMC'),)
DEBUG 2025-03-27 19:42:40,818 psparser nextobject: (11291, /b'EMC')
DEBUG 2025-03-27 19:42:40,818 pdfinterp exec: EMC
DEBUG 2025-03-27 19:42:40,818 psparser nexttoken: (11295, /'Artifact')
DEBUG 2025-03-27 19:42:40,818 psparser add_results: ((11295, /'Artifact'),)
DEBUG 2025-03-27 19:42:40,818 psparser nextobject: (11295, /'Artifact')
DEBUG 2025-03-27 19:42:40,818 psparser nexttoken: (11305, /b'BMC')
DEBUG 2025-03-27 19:42:40,818 psparser do_keyword: pos=11305, token=/b'BMC', stack=[]
DEBUG 2025-03-27 19:42:40,818 psparser add_results: ((11305, /b'BMC'),)
DEBUG 2025-03-27 19:42:40,818 psparser nextobject: (11305, /b'BMC')
DEBUG 2025-03-27 19:42:40,818 pdfinterp exec: BMC [/'Artifact']
DEBUG 2025-03-27 19:42:40,818 psparser nexttoken: (11309, /b'BT')
DEBUG 2025-03-27 19:42:40,818 psparser do_keyword: pos=11309, token=/b'BT', stack=[]
DEBUG 2025-03-27 19:42:40,819 psparser add_results: ((11309, /b'BT'),)
DEBUG 2025-03-27 19:42:40,819 psparser nextobject: (11309, /b'BT')
DEBUG 2025-03-27 19:42:40,819 pdfinterp exec: BT
DEBUG 2025-03-27 19:42:40,819 psparser nexttoken: (11312, /'F15')
DEBUG 2025-03-27 19:42:40,819 psparser add_results: ((11312, /'F15'),)
DEBUG 2025-03-27 19:42:40,819 psparser nextobject: (11312, /'F15')
DEBUG 2025-03-27 19:42:40,819 psparser nexttoken: (11317, 9)
DEBUG 2025-03-27 19:42:40,819 psparser add_results: ((11317, 9),)
DEBUG 2025-03-27 19:42:40,819 psparser nextobject: (11317, 9)
DEBUG 2025-03-27 19:42:40,819 psparser nexttoken: (11319, /b'Tf')
DEBUG 2025-03-27 19:42:40,819 psparser do_keyword: pos=11319, token=/b'Tf', stack=[]
DEBUG 2025-03-27 19:42:40,820 psparser add_results: ((11319, /b'Tf'),)
DEBUG 2025-03-27 19:42:40,820 psparser nextobject: (11319, /b'Tf')
DEBUG 2025-03-27 19:42:40,820 pdfinterp exec: Tf [/'F15', 9]
DEBUG 2025-03-27 19:42:40,820 psparser nexttoken: (11322, 1)
DEBUG 2025-03-27 19:42:40,820 psparser add_results: ((11322, 1),)
DEBUG 2025-03-27 19:42:40,821 psparser nextobject: (11322, 1)
DEBUG 2025-03-27 19:42:40,821 psparser nexttoken: (11324, 0)
DEBUG 2025-03-27 19:42:40,821 psparser add_results: ((11324, 0),)
DEBUG 2025-03-27 19:42:40,821 psparser nextobject: (11324, 0)
DEBUG 2025-03-27 19:42:40,821 psparser nexttoken: (11326, 0)
DEBUG 2025-03-27 19:42:40,821 psparser add_results: ((11326, 0),)
DEBUG 2025-03-27 19:42:40,821 psparser nextobject: (11326, 0)
DEBUG 2025-03-27 19:42:40,821 psparser nexttoken: (11328, -1)
DEBUG 2025-03-27 19:42:40,821 psparser add_results: ((11328, -1),)
DEBUG 2025-03-27 19:42:40,822 psparser nextobject: (11328, -1)
DEBUG 2025-03-27 19:42:40,822 psparser nexttoken: (11331, 205.522995)
DEBUG 2025-03-27 19:42:40,822 psparser add_results: ((11331, 205.522995),)
DEBUG 2025-03-27 19:42:40,822 psparser nextobject: (11331, 205.522995)
DEBUG 2025-03-27 19:42:40,822 psparser nexttoken: (11342, 7.73500013)
DEBUG 2025-03-27 19:42:40,822 psparser add_results: ((11342, 7.73500013),)
DEBUG 2025-03-27 19:42:40,822 psparser nextobject: (11342, 7.73500013)
DEBUG 2025-03-27 19:42:40,822 psparser nexttoken: (11353, /b'Tm')
DEBUG 2025-03-27 19:42:40,822 psparser do_keyword: pos=11353, token=/b'Tm', stack=[]
DEBUG 2025-03-27 19:42:40,823 psparser add_results: ((11353, /b'Tm'),)
DEBUG 2025-03-27 19:42:40,823 psparser nextobject: (11353, /b'Tm')
DEBUG 2025-03-27 19:42:40,823 pdfinterp exec: Tm [1, 0, 0, -1, 205.522995, 7.73500013]
DEBUG 2025-03-27 19:42:40,823 psparser nexttoken: (11356, /b'[')
DEBUG 2025-03-27 19:42:40,823 psparser start_type: pos=11356, type='a'
DEBUG 2025-03-27 19:42:40,823 psparser nexttoken: (11357, b'\x00\x10')
DEBUG 2025-03-27 19:42:40,823 psparser nexttoken: (11363, /b']')
DEBUG 2025-03-27 19:42:40,824 psparser end_type: pos=11356, type='a', objs=[b'\x00\x10']
DEBUG 2025-03-27 19:42:40,824 psparser add_results: ((11356, [b'\x00\x10']),)
DEBUG 2025-03-27 19:42:40,824 psparser nextobject: (11356, [b'\x00\x10'])
DEBUG 2025-03-27 19:42:40,824 psparser nexttoken: (11365, /b'TJ')
DEBUG 2025-03-27 19:42:40,824 psparser do_keyword: pos=11365, token=/b'TJ', stack=[]
DEBUG 2025-03-27 19:42:40,824 psparser add_results: ((11365, /b'TJ'),)
DEBUG 2025-03-27 19:42:40,824 psparser nextobject: (11365, /b'TJ')
DEBUG 2025-03-27 19:42:40,824 pdfinterp exec: TJ [[b'\x00\x10']]
DEBUG 2025-03-27 19:42:40,824 cmapdb get_unichr: <UnicodeMap: /'Adobe-Identity-UCS'>, 16
DEBUG 2025-03-27 19:42:40,825 psparser nexttoken: (11368, /b'ET')
DEBUG 2025-03-27 19:42:40,825 psparser do_keyword: pos=11368, token=/b'ET', stack=[]
DEBUG 2025-03-27 19:42:40,825 psparser add_results: ((11368, /b'ET'),)
DEBUG 2025-03-27 19:42:40,825 psparser nextobject: (11368, /b'ET')
DEBUG 2025-03-27 19:42:40,825 pdfinterp exec: ET
DEBUG 2025-03-27 19:42:40,825 psparser nexttoken: (11371, /b'EMC')
DEBUG 2025-03-27 19:42:40,825 psparser do_keyword: pos=11371, token=/b'EMC', stack=[]
DEBUG 2025-03-27 19:42:40,825 psparser add_results: ((11371, /b'EMC'),)
DEBUG 2025-03-27 19:42:40,825 psparser nextobject: (11371, /b'EMC')
DEBUG 2025-03-27 19:42:40,825 pdfinterp exec: EMC
DEBUG 2025-03-27 19:42:40,825 psparser nexttoken: (11375, /'Artifact')
DEBUG 2025-03-27 19:42:40,825 psparser add_results: ((11375, /'Artifact'),)
DEBUG 2025-03-27 19:42:40,825 psparser nextobject: (11375, /'Artifact')
DEBUG 2025-03-27 19:42:40,825 psparser nexttoken: (11385, /b'BMC')
DEBUG 2025-03-27 19:42:40,825 psparser do_keyword: pos=11385, token=/b'BMC', stack=[]
DEBUG 2025-03-27 19:42:40,825 psparser add_results: ((11385, /b'BMC'),)
DEBUG 2025-03-27 19:42:40,826 psparser nextobject: (11385, /b'BMC')
DEBUG 2025-03-27 19:42:40,826 pdfinterp exec: BMC [/'Artifact']
DEBUG 2025-03-27 19:42:40,826 psparser nexttoken: (11389, /b'BT')
DEBUG 2025-03-27 19:42:40,826 psparser do_keyword: pos=11389, token=/b'BT', stack=[]
DEBUG 2025-03-27 19:42:40,826 psparser add_results: ((11389, /b'BT'),)
DEBUG 2025-03-27 19:42:40,826 psparser nextobject: (11389, /b'BT')
DEBUG 2025-03-27 19:42:40,826 pdfinterp exec: BT
DEBUG 2025-03-27 19:42:40,826 psparser nexttoken: (11392, /'F15')
DEBUG 2025-03-27 19:42:40,826 psparser add_results: ((11392, /'F15'),)
DEBUG 2025-03-27 19:42:40,826 psparser nextobject: (11392, /'F15')
DEBUG 2025-03-27 19:42:40,827 psparser nexttoken: (11397, 9)
DEBUG 2025-03-27 19:42:40,827 psparser add_results: ((11397, 9),)
DEBUG 2025-03-27 19:42:40,827 psparser nextobject: (11397, 9)
DEBUG 2025-03-27 19:42:40,827 psparser nexttoken: (11399, /b'Tf')
DEBUG 2025-03-27 19:42:40,827 psparser do_keyword: pos=11399, token=/b'Tf', stack=[]
DEBUG 2025-03-27 19:42:40,827 psparser add_results: ((11399, /b'Tf'),)
DEBUG 2025-03-27 19:42:40,827 psparser nextobject: (11399, /b'Tf')
DEBUG 2025-03-27 19:42:40,827 pdfinterp exec: Tf [/'F15', 9]
DEBUG 2025-03-27 19:42:40,827 psparser nexttoken: (11402, 1)
DEBUG 2025-03-27 19:42:40,827 psparser add_results: ((11402, 1),)
DEBUG 2025-03-27 19:42:40,827 psparser nextobject: (11402, 1)
DEBUG 2025-03-27 19:42:40,828 psparser nexttoken: (11404, 0)
DEBUG 2025-03-27 19:42:40,828 psparser add_results: ((11404, 0),)
DEBUG 2025-03-27 19:42:40,828 psparser nextobject: (11404, 0)
DEBUG 2025-03-27 19:42:40,828 psparser nexttoken: (11406, 0)
DEBUG 2025-03-27 19:42:40,828 psparser add_results: ((11406, 0),)
DEBUG 2025-03-27 19:42:40,828 psparser nextobject: (11406, 0)
DEBUG 2025-03-27 19:42:40,828 psparser nexttoken: (11408, -1)
DEBUG 2025-03-27 19:42:40,828 psparser add_results: ((11408, -1),)
DEBUG 2025-03-27 19:42:40,829 psparser nextobject: (11408, -1)
DEBUG 2025-03-27 19:42:40,829 psparser nexttoken: (11411, 210.5269928)
DEBUG 2025-03-27 19:42:40,829 psparser add_results: ((11411, 210.5269928),)
DEBUG 2025-03-27 19:42:40,829 psparser nextobject: (11411, 210.5269928)
DEBUG 2025-03-27 19:42:40,829 psparser nexttoken: (11423, 7.73500013)
DEBUG 2025-03-27 19:42:40,829 psparser add_results: ((11423, 7.73500013),)
DEBUG 2025-03-27 19:42:40,829 psparser nextobject: (11423, 7.73500013)
DEBUG 2025-03-27 19:42:40,829 psparser nexttoken: (11434, /b'Tm')
DEBUG 2025-03-27 19:42:40,829 psparser do_keyword: pos=11434, token=/b'Tm', stack=[]
DEBUG 2025-03-27 19:42:40,829 psparser add_results: ((11434, /b'Tm'),)
DEBUG 2025-03-27 19:42:40,829 psparser nextobject: (11434, /b'Tm')
DEBUG 2025-03-27 19:42:40,829 pdfinterp exec: Tm [1, 0, 0, -1, 210.5269928, 7.73500013]
DEBUG 2025-03-27 19:42:40,830 psparser nexttoken: (11437, /b'[')
DEBUG 2025-03-27 19:42:40,830 psparser start_type: pos=11437, type='a'
DEBUG 2025-03-27 19:42:40,830 psparser nexttoken: (11438, b'\x00\x01\x00\x04\x000\x00\x01')
DEBUG 2025-03-27 19:42:40,830 psparser nexttoken: (11456, /b']')
DEBUG 2025-03-27 19:42:40,830 psparser end_type: pos=11437, type='a', objs=[b'\x00\x01\x00\x04\x000\x00\x01']
DEBUG 2025-03-27 19:42:40,830 psparser add_results: ((11437, [b'\x00\x01\x00\x04\x000\x00\x01']),)
DEBUG 2025-03-27 19:42:40,830 psparser nextobject: (11437, [b'\x00\x01\x00\x04\x000\x00\x01'])
DEBUG 2025-03-27 19:42:40,830 psparser nexttoken: (11458, /b'TJ')
DEBUG 2025-03-27 19:42:40,830 psparser do_keyword: pos=11458, token=/b'TJ', stack=[]
DEBUG 2025-03-27 19:42:40,830 psparser add_results: ((11458, /b'TJ'),)
DEBUG 2025-03-27 19:42:40,830 psparser nextobject: (11458, /b'TJ')
DEBUG 2025-03-27 19:42:40,830 pdfinterp exec: TJ [[b'\x00\x01\x00\x04\x000\x00\x01']]
DEBUG 2025-03-27 19:42:40,830 cmapdb get_unichr: <UnicodeMap: /'Adobe-Identity-UCS'>, 1
DEBUG 2025-03-27 19:42:40,831 cmapdb get_unichr: <UnicodeMap: /'Adobe-Identity-UCS'>, 4
DEBUG 2025-03-27 19:42:40,831 cmapdb get_unichr: <UnicodeMap: /'Adobe-Identity-UCS'>, 48
DEBUG 2025-03-27 19:42:40,831 cmapdb get_unichr: <UnicodeMap: /'Adobe-Identity-UCS'>, 1
DEBUG 2025-03-27 19:42:40,831 psparser nexttoken: (11461, /b'ET')
DEBUG 2025-03-27 19:42:40,831 psparser do_keyword: pos=11461, token=/b'ET', stack=[]
DEBUG 2025-03-27 19:42:40,831 psparser add_results: ((11461, /b'ET'),)
DEBUG 2025-03-27 19:42:40,831 psparser nextobject: (11461, /b'ET')
DEBUG 2025-03-27 19:42:40,831 pdfinterp exec: ET
DEBUG 2025-03-27 19:42:40,832 psparser nexttoken: (11464, /b'EMC')
DEBUG 2025-03-27 19:42:40,832 psparser do_keyword: pos=11464, token=/b'EMC', stack=[]
DEBUG 2025-03-27 19:42:40,832 psparser add_results: ((11464, /b'EMC'),)
DEBUG 2025-03-27 19:42:40,832 psparser nextobject: (11464, /b'EMC')
DEBUG 2025-03-27 19:42:40,832 pdfinterp exec: EMC
DEBUG 2025-03-27 19:42:40,832 psparser nexttoken: (11468, /'Artifact')
DEBUG 2025-03-27 19:42:40,832 psparser add_results: ((11468, /'Artifact'),)
DEBUG 2025-03-27 19:42:40,832 psparser nextobject: (11468, /'Artifact')
DEBUG 2025-03-27 19:42:40,833 psparser nexttoken: (11478, /b'BMC')
DEBUG 2025-03-27 19:42:40,833 psparser do_keyword: pos=11478, token=/b'BMC', stack=[]
DEBUG 2025-03-27 19:42:40,833 psparser add_results: ((11478, /b'BMC'),)
DEBUG 2025-03-27 19:42:40,833 psparser nextobject: (11478, /b'BMC')
DEBUG 2025-03-27 19:42:40,833 pdfinterp exec: BMC [/'Artifact']
DEBUG 2025-03-27 19:42:40,833 psparser nexttoken: (11482, /b'BT')
DEBUG 2025-03-27 19:42:40,833 psparser do_keyword: pos=11482, token=/b'BT', stack=[]
DEBUG 2025-03-27 19:42:40,833 psparser add_results: ((11482, /b'BT'),)
DEBUG 2025-03-27 19:42:40,834 psparser nextobject: (11482, /b'BT')
DEBUG 2025-03-27 19:42:40,834 pdfinterp exec: BT
DEBUG 2025-03-27 19:42:40,834 psparser nexttoken: (11485, /'F15')
DEBUG 2025-03-27 19:42:40,834 psparser add_results: ((11485, /'F15'),)
DEBUG 2025-03-27 19:42:40,834 psparser nextobject: (11485, /'F15')
DEBUG 2025-03-27 19:42:40,834 psparser nexttoken: (11490, 9)
DEBUG 2025-03-27 19:42:40,834 psparser add_results: ((11490, 9),)
DEBUG 2025-03-27 19:42:40,835 psparser nextobject: (11490, 9)
DEBUG 2025-03-27 19:42:40,835 psparser nexttoken: (11492, /b'Tf')
DEBUG 2025-03-27 19:42:40,835 psparser do_keyword: pos=11492, token=/b'Tf', stack=[]
DEBUG 2025-03-27 19:42:40,835 psparser add_results: ((11492, /b'Tf'),)
DEBUG 2025-03-27 19:42:40,835 psparser nextobject: (11492, /b'Tf')
DEBUG 2025-03-27 19:42:40,835 pdfinterp exec: Tf [/'F15', 9]
DEBUG 2025-03-27 19:42:40,835 psparser nexttoken: (11495, 1)
DEBUG 2025-03-27 19:42:40,836 psparser add_results: ((11495, 1),)
DEBUG 2025-03-27 19:42:40,836 psparser nextobject: (11495, 1)
DEBUG 2025-03-27 19:42:40,836 psparser nexttoken: (11497, 0)
DEBUG 2025-03-27 19:42:40,836 psparser add_results: ((11497, 0),)
DEBUG 2025-03-27 19:42:40,836 psparser nextobject: (11497, 0)
DEBUG 2025-03-27 19:42:40,836 psparser nexttoken: (11499, 0)
DEBUG 2025-03-27 19:42:40,836 psparser add_results: ((11499, 0),)
DEBUG 2025-03-27 19:42:40,836 psparser nextobject: (11499, 0)
DEBUG 2025-03-27 19:42:40,837 psparser nexttoken: (11501, -1)
DEBUG 2025-03-27 19:42:40,837 psparser add_results: ((11501, -1),)
DEBUG 2025-03-27 19:42:40,837 psparser nextobject: (11501, -1)
DEBUG 2025-03-27 19:42:40,837 psparser nexttoken: (11504, 223.00999451)
DEBUG 2025-03-27 19:42:40,837 psparser add_results: ((11504, 223.00999451),)
DEBUG 2025-03-27 19:42:40,837 psparser nextobject: (11504, 223.00999451)
DEBUG 2025-03-27 19:42:40,837 psparser nexttoken: (11517, 7.73500013)
DEBUG 2025-03-27 19:42:40,837 psparser add_results: ((11517, 7.73500013),)
DEBUG 2025-03-27 19:42:40,837 psparser nextobject: (11517, 7.73500013)
DEBUG 2025-03-27 19:42:40,838 psparser nexttoken: (11528, /b'Tm')
DEBUG 2025-03-27 19:42:40,838 psparser do_keyword: pos=11528, token=/b'Tm', stack=[]
DEBUG 2025-03-27 19:42:40,838 psparser add_results: ((11528, /b'Tm'),)
DEBUG 2025-03-27 19:42:40,838 psparser nextobject: (11528, /b'Tm')
DEBUG 2025-03-27 19:42:40,838 pdfinterp exec: Tm [1, 0, 0, -1, 223.00999451, 7.73500013]
DEBUG 2025-03-27 19:42:40,838 psparser nexttoken: (11531, /b'[')
DEBUG 2025-03-27 19:42:40,838 psparser start_type: pos=11531, type='a'
DEBUG 2025-03-27 19:42:40,839 psparser nexttoken: (11532, b'\x00\x1d')
DEBUG 2025-03-27 19:42:40,839 psparser nexttoken: (11538, /b']')
DEBUG 2025-03-27 19:42:40,839 psparser end_type: pos=11531, type='a', objs=[b'\x00\x1d']
DEBUG 2025-03-27 19:42:40,839 psparser add_results: ((11531, [b'\x00\x1d']),)
DEBUG 2025-03-27 19:42:40,839 psparser nextobject: (11531, [b'\x00\x1d'])
DEBUG 2025-03-27 19:42:40,839 psparser nexttoken: (11540, /b'TJ')
DEBUG 2025-03-27 19:42:40,839 psparser do_keyword: pos=11540, token=/b'TJ', stack=[]
DEBUG 2025-03-27 19:42:40,839 psparser add_results: ((11540, /b'TJ'),)
DEBUG 2025-03-27 19:42:40,840 psparser nextobject: (11540, /b'TJ')
DEBUG 2025-03-27 19:42:40,840 pdfinterp exec: TJ [[b'\x00\x1d']]
DEBUG 2025-03-27 19:42:40,841 cmapdb get_unichr: <UnicodeMap: /'Adobe-Identity-UCS'>, 29
DEBUG 2025-03-27 19:42:40,841 psparser nexttoken: (11543, /b'ET')
DEBUG 2025-03-27 19:42:40,841 psparser do_keyword: pos=11543, token=/b'ET', stack=[]
DEBUG 2025-03-27 19:42:40,841 psparser add_results: ((11543, /b'ET'),)
DEBUG 2025-03-27 19:42:40,841 psparser nextobject: (11543, /b'ET')
DEBUG 2025-03-27 19:42:40,842 pdfinterp exec: ET
DEBUG 2025-03-27 19:42:40,842 psparser nexttoken: (11546, /b'EMC')
DEBUG 2025-03-27 19:42:40,842 psparser do_keyword: pos=11546, token=/b'EMC', stack=[]
DEBUG 2025-03-27 19:42:40,842 psparser add_results: ((11546, /b'EMC'),)
DEBUG 2025-03-27 19:42:40,842 psparser nextobject: (11546, /b'EMC')
DEBUG 2025-03-27 19:42:40,842 pdfinterp exec: EMC
DEBUG 2025-03-27 19:42:40,842 psparser nexttoken: (11550, /b'Q')
DEBUG 2025-03-27 19:42:40,842 psparser do_keyword: pos=11550, token=/b'Q', stack=[]
DEBUG 2025-03-27 19:42:40,842 psparser add_results: ((11550, /b'Q'),)
DEBUG 2025-03-27 19:42:40,842 psparser nextobject: (11550, /b'Q')
DEBUG 2025-03-27 19:42:40,843 pdfinterp exec: Q
DEBUG 2025-03-27 19:42:40,843 psparser nexttoken: (11552, /b'Q')
DEBUG 2025-03-27 19:42:40,843 psparser do_keyword: pos=11552, token=/b'Q', stack=[]
DEBUG 2025-03-27 19:42:40,843 psparser add_results: ((11552, /b'Q'),)
DEBUG 2025-03-27 19:42:40,843 psparser nextobject: (11552, /b'Q')
DEBUG 2025-03-27 19:42:40,844 pdfinterp exec: Q
DEBUG 2025-03-27 19:42:40,844 psparser nexttoken: (11554, /b'Q')
DEBUG 2025-03-27 19:42:40,844 psparser do_keyword: pos=11554, token=/b'Q', stack=[]
DEBUG 2025-03-27 19:42:40,844 psparser add_results: ((11554, /b'Q'),)
DEBUG 2025-03-27 19:42:40,844 psparser nextobject: (11554, /b'Q')
DEBUG 2025-03-27 19:42:40,844 pdfinterp exec: Q
DEBUG 2025-03-27 19:42:40,874 pdfdocument getobj: objid=54
DEBUG 2025-03-27 19:42:40,875 psparser seek: 8776
DEBUG 2025-03-27 19:42:40,875 psparser nexttoken: (8776, 54)
DEBUG 2025-03-27 19:42:40,875 psparser nexttoken: (8779, 0)
DEBUG 2025-03-27 19:42:40,875 psparser nexttoken: (8781, /b'obj')
DEBUG 2025-03-27 19:42:40,875 psparser nexttoken: (8785, /b'<<')
DEBUG 2025-03-27 19:42:40,876 psparser start_type: pos=8785, type='d'
DEBUG 2025-03-27 19:42:40,876 psparser nexttoken: (8790, /'Resources')
DEBUG 2025-03-27 19:42:40,876 psparser nexttoken: (8801, 44)
DEBUG 2025-03-27 19:42:40,876 psparser nexttoken: (8804, 0)
DEBUG 2025-03-27 19:42:40,876 psparser nexttoken: (8806, /b'R')
DEBUG 2025-03-27 19:42:40,876 psparser do_keyword: pos=8806, token=/b'R', stack=[(8790, /'Resources'), (8801, 44), (8804, 0)]
DEBUG 2025-03-27 19:42:40,877 psparser nexttoken: (8810, /'Type')
DEBUG 2025-03-27 19:42:40,877 psparser nexttoken: (8816, /'Page')
DEBUG 2025-03-27 19:42:40,877 psparser nexttoken: (8824, /'MediaBox')
DEBUG 2025-03-27 19:42:40,877 psparser nexttoken: (8834, /b'[')
DEBUG 2025-03-27 19:42:40,878 psparser start_type: pos=8834, type='a'
DEBUG 2025-03-27 19:42:40,878 psparser nexttoken: (8835, 0)
DEBUG 2025-03-27 19:42:40,878 psparser nexttoken: (8837, 0)
DEBUG 2025-03-27 19:42:40,878 psparser nexttoken: (8839, 612)
DEBUG 2025-03-27 19:42:40,878 psparser nexttoken: (8843, 792)
DEBUG 2025-03-27 19:42:40,878 psparser nexttoken: (8846, /b']')
DEBUG 2025-03-27 19:42:40,878 psparser end_type: pos=8834, type='a', objs=[0, 0, 612, 792]
DEBUG 2025-03-27 19:42:40,878 psparser nexttoken: (8850, /'CropBox')
DEBUG 2025-03-27 19:42:40,878 psparser nexttoken: (8859, /b'[')
DEBUG 2025-03-27 19:42:40,878 psparser start_type: pos=8859, type='a'
DEBUG 2025-03-27 19:42:40,880 psparser nexttoken: (8860, 0)
DEBUG 2025-03-27 19:42:40,880 psparser nexttoken: (8862, 0)
DEBUG 2025-03-27 19:42:40,880 psparser nexttoken: (8864, 612)
DEBUG 2025-03-27 19:42:40,880 psparser nexttoken: (8868, 792)
DEBUG 2025-03-27 19:42:40,880 psparser nexttoken: (8871, /b']')
DEBUG 2025-03-27 19:42:40,880 psparser end_type: pos=8859, type='a', objs=[0, 0, 612, 792]
DEBUG 2025-03-27 19:42:40,880 psparser nexttoken: (8875, /'BleedBox')
DEBUG 2025-03-27 19:42:40,881 psparser nexttoken: (8885, /b'[')
DEBUG 2025-03-27 19:42:40,881 psparser start_type: pos=8885, type='a'
DEBUG 2025-03-27 19:42:40,881 psparser nexttoken: (8886, 0)
DEBUG 2025-03-27 19:42:40,881 psparser nexttoken: (8888, 0)
DEBUG 2025-03-27 19:42:40,881 psparser nexttoken: (8890, 612)
DEBUG 2025-03-27 19:42:40,881 psparser nexttoken: (8894, 792)
DEBUG 2025-03-27 19:42:40,881 psparser nexttoken: (8897, /b']')
DEBUG 2025-03-27 19:42:40,881 psparser end_type: pos=8885, type='a', objs=[0, 0, 612, 792]
DEBUG 2025-03-27 19:42:40,881 psparser nexttoken: (8901, /'TrimBox')
DEBUG 2025-03-27 19:42:40,881 psparser nexttoken: (8910, /b'[')
DEBUG 2025-03-27 19:42:40,881 psparser start_type: pos=8910, type='a'
DEBUG 2025-03-27 19:42:40,881 psparser nexttoken: (8911, 0)
DEBUG 2025-03-27 19:42:40,881 psparser nexttoken: (8913, 0)
DEBUG 2025-03-27 19:42:40,881 psparser nexttoken: (8915, 612)
DEBUG 2025-03-27 19:42:40,881 psparser nexttoken: (8919, 792)
DEBUG 2025-03-27 19:42:40,881 psparser nexttoken: (8922, /b']')
DEBUG 2025-03-27 19:42:40,881 psparser end_type: pos=8910, type='a', objs=[0, 0, 612, 792]
DEBUG 2025-03-27 19:42:40,882 psparser nexttoken: (8926, /'Parent')
DEBUG 2025-03-27 19:42:40,882 psparser nexttoken: (8934, 45)
DEBUG 2025-03-27 19:42:40,882 psparser nexttoken: (8937, 0)
DEBUG 2025-03-27 19:42:40,882 psparser nexttoken: (8939, /b'R')
DEBUG 2025-03-27 19:42:40,882 psparser do_keyword: pos=8939, token=/b'R', stack=[(8790, /'Resources'), (8806, <PDFObjRef:44>), (8810, /'Type'), (8816, /'Page'), (8824, /'MediaBox'), (8834, [0, 0, 612, 792]), (8850, /'CropBox'), (8859, [0, 0, 612, 792]), (8875, /'BleedBox'), (8885, [0, 0, 612, 792]), (8901, /'TrimBox'), (8910, [0, 0, 612, 792]), (8926, /'Parent'), (8934, 45), (8937, 0)]
DEBUG 2025-03-27 19:42:40,882 psparser nexttoken: (8943, /'StructParents')
DEBUG 2025-03-27 19:42:40,882 psparser nexttoken: (8958, 5)
DEBUG 2025-03-27 19:42:40,882 psparser nexttoken: (8962, /'Tabs')
DEBUG 2025-03-27 19:42:40,882 psparser nexttoken: (8968, /'S')
DEBUG 2025-03-27 19:42:40,882 psparser nexttoken: (8973, /'Contents')
DEBUG 2025-03-27 19:42:40,882 psparser nexttoken: (8983, 52)
DEBUG 2025-03-27 19:42:40,882 psparser nexttoken: (8986, 0)
DEBUG 2025-03-27 19:42:40,883 psparser nexttoken: (8988, /b'R')
DEBUG 2025-03-27 19:42:40,883 psparser do_keyword: pos=8988, token=/b'R', stack=[(8790, /'Resources'), (8806, <PDFObjRef:44>), (8810, /'Type'), (8816, /'Page'), (8824, /'MediaBox'), (8834, [0, 0, 612, 792]), (8850, /'CropBox'), (8859, [0, 0, 612, 792]), (8875, /'BleedBox'), (8885, [0, 0, 612, 792]), (8901, /'TrimBox'), (8910, [0, 0, 612, 792]), (8926, /'Parent'), (8939, <PDFObjRef:45>), (8943, /'StructParents'), (8958, 5), (8962, /'Tabs'), (8968, /'S'), (8973, /'Contents'), (8983, 52), (8986, 0)]
DEBUG 2025-03-27 19:42:40,883 psparser nexttoken: (8990, /b'>>')
DEBUG 2025-03-27 19:42:40,883 psparser end_type: pos=8785, type='d', objs=[/'Resources', <PDFObjRef:44>, /'Type', /'Page', /'MediaBox', [0, 0, 612, 792], /'CropBox', [0, 0, 612, 792], /'BleedBox', [0, 0, 612, 792], /'TrimBox', [0, 0, 612, 792], /'Parent', <PDFObjRef:45>, /'StructParents', 5, /'Tabs', /'S', /'Contents', <PDFObjRef:52>]
DEBUG 2025-03-27 19:42:40,883 psparser nexttoken: (8993, /b'endobj')
DEBUG 2025-03-27 19:42:40,883 psparser do_keyword: pos=8993, token=/b'endobj', stack=[(8785, {'Resources': <PDFObjRef:44>, 'Type': /'Page', 'MediaBox': [0, 0, 612, 792], 'CropBox': [0, 0, 612, 792], 'BleedBox': [0, 0, 612, 792], 'TrimBox': [0, 0, 612, 792], 'Parent': <PDFObjRef:45>, 'StructParents': 5, 'Tabs': /'S', 'Contents': <PDFObjRef:52>})]
DEBUG 2025-03-27 19:42:40,883 psparser add_results: ((8785, {'Resources': <PDFObjRef:44>, 'Type': /'Page', 'MediaBox': [0, 0, 612, 792], 'CropBox': [0, 0, 612, 792], 'BleedBox': [0, 0, 612, 792], 'TrimBox': [0, 0, 612, 792], 'Parent': <PDFObjRef:45>, 'StructParents': 5, 'Tabs': /'S', 'Contents': <PDFObjRef:52>}),)
DEBUG 2025-03-27 19:42:40,883 psparser nextobject: (8785, {'Resources': <PDFObjRef:44>, 'Type': /'Page', 'MediaBox': [0, 0, 612, 792], 'CropBox': [0, 0, 612, 792], 'BleedBox': [0, 0, 612, 792], 'TrimBox': [0, 0, 612, 792], 'Parent': <PDFObjRef:45>, 'StructParents': 5, 'Tabs': /'S', 'Contents': <PDFObjRef:52>})
DEBUG 2025-03-27 19:42:40,883 pdfdocument register: objid=54: {'Resources': <PDFObjRef:44>, 'Type': /'Page', 'MediaBox': [0, 0, 612, 792], 'CropBox': [0, 0, 612, 792], 'BleedBox': [0, 0, 612, 792], 'TrimBox': [0, 0, 612, 792], 'Parent': <PDFObjRef:45>, 'StructParents': 5, 'Tabs': /'S', 'Contents': <PDFObjRef:52>}
DEBUG 2025-03-27 19:42:40,883 pdfpage Page: {'Resources': <PDFObjRef:44>, 'Type': /'Page', 'MediaBox': [0, 0, 612, 792], 'CropBox': [0, 0, 612, 792], 'BleedBox': [0, 0, 612, 792], 'TrimBox': [0, 0, 612, 792], 'Parent': <PDFObjRef:45>, 'StructParents': 5, 'Tabs': /'S', 'Contents': <PDFObjRef:52>}
DEBUG 2025-03-27 19:42:40,884 pdfdocument getobj: objid=44
DEBUG 2025-03-27 19:42:40,884 pdfdocument getobj: objid=52
DEBUG 2025-03-27 19:42:40,884 psparser seek: 8033
DEBUG 2025-03-27 19:42:40,884 psparser nexttoken: (8033, 52)
DEBUG 2025-03-27 19:42:40,884 psparser nexttoken: (8036, 0)
DEBUG 2025-03-27 19:42:40,884 psparser nexttoken: (8038, /b'obj')
DEBUG 2025-03-27 19:42:40,884 psparser nexttoken: (8042, /b'<<')
DEBUG 2025-03-27 19:42:40,884 psparser start_type: pos=8042, type='d'
DEBUG 2025-03-27 19:42:40,884 psparser nexttoken: (8045, /'Length')
DEBUG 2025-03-27 19:42:40,884 psparser nexttoken: (8053, 53)
DEBUG 2025-03-27 19:42:40,885 psparser nexttoken: (8056, 0)
DEBUG 2025-03-27 19:42:40,885 psparser nexttoken: (8058, /b'R')
DEBUG 2025-03-27 19:42:40,885 psparser do_keyword: pos=8058, token=/b'R', stack=[(8045, /'Length'), (8053, 53), (8056, 0)]
DEBUG 2025-03-27 19:42:40,885 psparser nexttoken: (8060, /'Filter')
DEBUG 2025-03-27 19:42:40,885 psparser nexttoken: (8068, /'FlateDecode')
DEBUG 2025-03-27 19:42:40,885 psparser nexttoken: (8081, /b'>>')
DEBUG 2025-03-27 19:42:40,885 psparser end_type: pos=8042, type='d', objs=[/'Length', <PDFObjRef:53>, /'Filter', /'FlateDecode']
DEBUG 2025-03-27 19:42:40,886 psparser nexttoken: (8084, /b'stream')
DEBUG 2025-03-27 19:42:40,886 psparser do_keyword: pos=8084, token=/b'stream', stack=[(8042, {'Length': <PDFObjRef:53>, 'Filter': /'FlateDecode'})]
DEBUG 2025-03-27 19:42:40,886 pdfdocument getobj: objid=53
DEBUG 2025-03-27 19:42:40,886 psparser seek: 8756
DEBUG 2025-03-27 19:42:40,886 psparser nexttoken: (8756, 53)
DEBUG 2025-03-27 19:42:40,886 psparser nexttoken: (8759, 0)
DEBUG 2025-03-27 19:42:40,886 psparser nexttoken: (8761, /b'obj')
DEBUG 2025-03-27 19:42:40,886 psparser nexttoken: (8765, 647)
DEBUG 2025-03-27 19:42:40,887 psparser nexttoken: (8769, /b'endobj')
DEBUG 2025-03-27 19:42:40,887 psparser do_keyword: pos=8769, token=/b'endobj', stack=[(8765, 647)]
DEBUG 2025-03-27 19:42:40,887 psparser add_results: ((8765, 647),)
DEBUG 2025-03-27 19:42:40,887 psparser nextobject: (8765, 647)
DEBUG 2025-03-27 19:42:40,887 pdfdocument register: objid=53: 647
DEBUG 2025-03-27 19:42:40,887 psparser seek: 8084
DEBUG 2025-03-27 19:42:40,888 psparser nextline: 8084, b'stream\n'
DEBUG 2025-03-27 19:42:40,888 psparser seek: 8738
DEBUG 2025-03-27 19:42:40,888 psparser nextline: 8738, b'\n'
DEBUG 2025-03-27 19:42:40,889 psparser nextline: 8739, b'endstream\n'
DEBUG 2025-03-27 19:42:40,889 psparser seek: 8739
DEBUG 2025-03-27 19:42:40,889 pdfparser Stream: pos=8091, objlen=648, dic={'Length': <PDFObjRef:53>, 'Filter': /'FlateDecode'}, data=bytearray(b'x\x9c\xcdU\xdbj\x9b1\x0c\xbe')...
DEBUG 2025-03-27 19:42:40,889 psparser nexttoken: (8739, /b'endstream')
DEBUG 2025-03-27 19:42:40,889 psparser do_keyword: pos=8739, token=/b'endstream', stack=[(8091, <PDFStream(None): raw=647, {'Length': <PDFObjRef:53>, 'Filter': /'FlateDecode'}>)]
DEBUG 2025-03-27 19:42:40,889 psparser nexttoken: (8749, /b'endobj')
DEBUG 2025-03-27 19:42:40,889 psparser do_keyword: pos=8749, token=/b'endobj', stack=[(8091, <PDFStream(None): raw=647, {'Length': <PDFObjRef:53>, 'Filter': /'FlateDecode'}>), (8739, /b'endstream')]
DEBUG 2025-03-27 19:42:40,889 psparser add_results: ((8091, <PDFStream(None): raw=647, {'Length': <PDFObjRef:53>, 'Filter': /'FlateDecode'}>), (8739, /b'endstream'))
DEBUG 2025-03-27 19:42:40,889 psparser nextobject: (8091, <PDFStream(None): raw=647, {'Length': <PDFObjRef:53>, 'Filter': /'FlateDecode'}>)
DEBUG 2025-03-27 19:42:40,890 pdfdocument register: objid=52: <PDFStream(52): raw=647, {'Length': <PDFObjRef:53>, 'Filter': /'FlateDecode'}>
DEBUG 2025-03-27 19:42:40,890 pdfinterp Processing page: <PDFPage: Resources={'Font': {'F15': <PDFObjRef:60>}, 'ProcSet': [/'PDF', /'ImageB', /'ImageC', /'Text'], 'ColorSpace': {'DefaultRGB': <PDFObjRef:4>}}, MediaBox=[0, 0, 612, 792]>
DEBUG 2025-03-27 19:42:40,891 pdfinterp render_contents: resources={'Font': {'F15': <PDFObjRef:60>}, 'ProcSet': [/'PDF', /'ImageB', /'ImageC', /'Text'], 'ColorSpace': {'DefaultRGB': <PDFObjRef:4>}}, streams=[<PDFStream(52): raw=647, {'Length': <PDFObjRef:53>, 'Filter': /'FlateDecode'}>], ctm=(1, 0, 0, 1, 0, 0)
DEBUG 2025-03-27 19:42:40,892 pdfinterp Resource: 'Font': {'F15': <PDFObjRef:60>}
DEBUG 2025-03-27 19:42:40,893 pdfdocument getobj: objid=60
DEBUG 2025-03-27 19:42:40,893 pdfinterp Resource: 'ProcSet': [/'PDF', /'ImageB', /'ImageC', /'Text']
DEBUG 2025-03-27 19:42:40,893 pdfinterp Resource: 'ColorSpace': {'DefaultRGB': <PDFObjRef:4>}
DEBUG 2025-03-27 19:42:40,894 pdfdocument getobj: objid=4
DEBUG 2025-03-27 19:42:40,894 pdfdocument getobj: objid=2
DEBUG 2025-03-27 19:42:40,894 psparser seek: 0
DEBUG 2025-03-27 19:42:40,894 psparser nexttoken: (0, /b'q')
DEBUG 2025-03-27 19:42:40,894 psparser do_keyword: pos=0, token=/b'q', stack=[]
DEBUG 2025-03-27 19:42:40,894 psparser add_results: ((0, /b'q'),)
DEBUG 2025-03-27 19:42:40,895 psparser nextobject: (0, /b'q')
DEBUG 2025-03-27 19:42:40,895 pdfinterp exec: q
DEBUG 2025-03-27 19:42:40,895 psparser nexttoken: (2, 1)
DEBUG 2025-03-27 19:42:40,895 psparser add_results: ((2, 1),)
DEBUG 2025-03-27 19:42:40,895 psparser nextobject: (2, 1)
DEBUG 2025-03-27 19:42:40,895 psparser nexttoken: (4, 0)
DEBUG 2025-03-27 19:42:40,895 psparser add_results: ((4, 0),)
DEBUG 2025-03-27 19:42:40,895 psparser nextobject: (4, 0)
DEBUG 2025-03-27 19:42:40,895 psparser nexttoken: (6, 0)
DEBUG 2025-03-27 19:42:40,895 psparser add_results: ((6, 0),)
DEBUG 2025-03-27 19:42:40,895 psparser nextobject: (6, 0)
DEBUG 2025-03-27 19:42:40,896 psparser nexttoken: (8, -1)
DEBUG 2025-03-27 19:42:40,896 psparser add_results: ((8, -1),)
DEBUG 2025-03-27 19:42:40,896 psparser nextobject: (8, -1)
DEBUG 2025-03-27 19:42:40,896 psparser nexttoken: (11, 0)
DEBUG 2025-03-27 19:42:40,896 psparser add_results: ((11, 0),)
DEBUG 2025-03-27 19:42:40,896 psparser nextobject: (11, 0)
DEBUG 2025-03-27 19:42:40,896 psparser nexttoken: (13, 792)
DEBUG 2025-03-27 19:42:40,896 psparser add_results: ((13, 792),)
DEBUG 2025-03-27 19:42:40,896 psparser nextobject: (13, 792)
DEBUG 2025-03-27 19:42:40,896 psparser nexttoken: (17, /b'cm')
DEBUG 2025-03-27 19:42:40,896 psparser do_keyword: pos=17, token=/b'cm', stack=[]
DEBUG 2025-03-27 19:42:40,896 psparser add_results: ((17, /b'cm'),)
DEBUG 2025-03-27 19:42:40,896 psparser nextobject: (17, /b'cm')
DEBUG 2025-03-27 19:42:40,896 pdfinterp exec: cm [1, 0, 0, -1, 0, 792]
DEBUG 2025-03-27 19:42:40,896 psparser nexttoken: (20, /b'q')
DEBUG 2025-03-27 19:42:40,896 psparser do_keyword: pos=20, token=/b'q', stack=[]
DEBUG 2025-03-27 19:42:40,896 psparser add_results: ((20, /b'q'),)
DEBUG 2025-03-27 19:42:40,896 psparser nextobject: (20, /b'q')
DEBUG 2025-03-27 19:42:40,896 pdfinterp exec: q
DEBUG 2025-03-27 19:42:40,897 psparser nexttoken: (22, /b'q')
DEBUG 2025-03-27 19:42:40,897 psparser do_keyword: pos=22, token=/b'q', stack=[]
DEBUG 2025-03-27 19:42:40,897 psparser add_results: ((22, /b'q'),)
DEBUG 2025-03-27 19:42:40,897 psparser nextobject: (22, /b'q')
DEBUG 2025-03-27 19:42:40,897 pdfinterp exec: q
DEBUG 2025-03-27 19:42:40,897 psparser nexttoken: (24, 0)
DEBUG 2025-03-27 19:42:40,897 psparser add_results: ((24, 0),)
DEBUG 2025-03-27 19:42:40,898 psparser nextobject: (24, 0)
DEBUG 2025-03-27 19:42:40,898 psparser nexttoken: (26, 0)
DEBUG 2025-03-27 19:42:40,898 psparser add_results: ((26, 0),)
DEBUG 2025-03-27 19:42:40,898 psparser nextobject: (26, 0)
DEBUG 2025-03-27 19:42:40,898 psparser nexttoken: (28, /b'm')
DEBUG 2025-03-27 19:42:40,898 psparser do_keyword: pos=28, token=/b'm', stack=[]
DEBUG 2025-03-27 19:42:40,898 psparser add_results: ((28, /b'm'),)
DEBUG 2025-03-27 19:42:40,898 psparser nextobject: (28, /b'm')
DEBUG 2025-03-27 19:42:40,898 pdfinterp exec: m [0, 0]
DEBUG 2025-03-27 19:42:40,898 psparser nexttoken: (30, 201.960007)
DEBUG 2025-03-27 19:42:40,898 psparser add_results: ((30, 201.960007),)
DEBUG 2025-03-27 19:42:40,898 psparser nextobject: (30, 201.960007)
DEBUG 2025-03-27 19:42:40,898 psparser nexttoken: (41, 0)
DEBUG 2025-03-27 19:42:40,898 psparser add_results: ((41, 0),)
DEBUG 2025-03-27 19:42:40,898 psparser nextobject: (41, 0)
DEBUG 2025-03-27 19:42:40,898 psparser nexttoken: (43, /b'l')
DEBUG 2025-03-27 19:42:40,898 psparser do_keyword: pos=43, token=/b'l', stack=[]
DEBUG 2025-03-27 19:42:40,898 psparser add_results: ((43, /b'l'),)
DEBUG 2025-03-27 19:42:40,898 psparser nextobject: (43, /b'l')
DEBUG 2025-03-27 19:42:40,898 pdfinterp exec: l [201.960007, 0]
DEBUG 2025-03-27 19:42:40,898 psparser nexttoken: (45, 201.960007)
DEBUG 2025-03-27 19:42:40,899 psparser add_results: ((45, 201.960007),)
DEBUG 2025-03-27 19:42:40,899 psparser nextobject: (45, 201.960007)
DEBUG 2025-03-27 19:42:40,899 psparser nexttoken: (56, 792)
DEBUG 2025-03-27 19:42:40,899 psparser add_results: ((56, 792),)
DEBUG 2025-03-27 19:42:40,899 psparser nextobject: (56, 792)
DEBUG 2025-03-27 19:42:40,899 psparser nexttoken: (60, /b'l')
DEBUG 2025-03-27 19:42:40,899 psparser do_keyword: pos=60, token=/b'l', stack=[]
DEBUG 2025-03-27 19:42:40,899 psparser add_results: ((60, /b'l'),)
DEBUG 2025-03-27 19:42:40,900 psparser nextobject: (60, /b'l')
DEBUG 2025-03-27 19:42:40,900 pdfinterp exec: l [201.960007, 792]
DEBUG 2025-03-27 19:42:40,900 psparser nexttoken: (62, 0)
DEBUG 2025-03-27 19:42:40,900 psparser add_results: ((62, 0),)
DEBUG 2025-03-27 19:42:40,900 psparser nextobject: (62, 0)
DEBUG 2025-03-27 19:42:40,900 psparser nexttoken: (64, 792)
DEBUG 2025-03-27 19:42:40,900 psparser add_results: ((64, 792),)
DEBUG 2025-03-27 19:42:40,900 psparser nextobject: (64, 792)
DEBUG 2025-03-27 19:42:40,901 psparser nexttoken: (68, /b'l')
DEBUG 2025-03-27 19:42:40,901 psparser do_keyword: pos=68, token=/b'l', stack=[]
DEBUG 2025-03-27 19:42:40,901 psparser add_results: ((68, /b'l'),)
DEBUG 2025-03-27 19:42:40,901 psparser nextobject: (68, /b'l')
DEBUG 2025-03-27 19:42:40,901 pdfinterp exec: l [0, 792]
DEBUG 2025-03-27 19:42:40,901 psparser nexttoken: (70, 0)
DEBUG 2025-03-27 19:42:40,901 psparser add_results: ((70, 0),)
DEBUG 2025-03-27 19:42:40,901 psparser nextobject: (70, 0)
DEBUG 2025-03-27 19:42:40,901 psparser nexttoken: (72, 0)
DEBUG 2025-03-27 19:42:40,901 psparser add_results: ((72, 0),)
DEBUG 2025-03-27 19:42:40,901 psparser nextobject: (72, 0)
DEBUG 2025-03-27 19:42:40,901 psparser nexttoken: (74, /b'l')
DEBUG 2025-03-27 19:42:40,902 psparser do_keyword: pos=74, token=/b'l', stack=[]
DEBUG 2025-03-27 19:42:40,902 psparser add_results: ((74, /b'l'),)
DEBUG 2025-03-27 19:42:40,902 psparser nextobject: (74, /b'l')
DEBUG 2025-03-27 19:42:40,902 pdfinterp exec: l [0, 0]
DEBUG 2025-03-27 19:42:40,902 psparser nexttoken: (76, /b'W')
DEBUG 2025-03-27 19:42:40,902 psparser do_keyword: pos=76, token=/b'W', stack=[]
DEBUG 2025-03-27 19:42:40,902 psparser add_results: ((76, /b'W'),)
DEBUG 2025-03-27 19:42:40,902 psparser nextobject: (76, /b'W')
DEBUG 2025-03-27 19:42:40,902 pdfinterp exec: W
DEBUG 2025-03-27 19:42:40,903 psparser nexttoken: (78, /b'n')
DEBUG 2025-03-27 19:42:40,903 psparser do_keyword: pos=78, token=/b'n', stack=[]
DEBUG 2025-03-27 19:42:40,903 psparser add_results: ((78, /b'n'),)
DEBUG 2025-03-27 19:42:40,903 psparser nextobject: (78, /b'n')
DEBUG 2025-03-27 19:42:40,903 pdfinterp exec: n
DEBUG 2025-03-27 19:42:40,903 psparser nexttoken: (80, /'Artifact')
DEBUG 2025-03-27 19:42:40,903 psparser add_results: ((80, /'Artifact'),)
DEBUG 2025-03-27 19:42:40,903 psparser nextobject: (80, /'Artifact')
DEBUG 2025-03-27 19:42:40,903 psparser nexttoken: (90, /b'BMC')
DEBUG 2025-03-27 19:42:40,903 psparser do_keyword: pos=90, token=/b'BMC', stack=[]
DEBUG 2025-03-27 19:42:40,904 psparser add_results: ((90, /b'BMC'),)
DEBUG 2025-03-27 19:42:40,904 psparser nextobject: (90, /b'BMC')
DEBUG 2025-03-27 19:42:40,904 pdfinterp exec: BMC [/'Artifact']
DEBUG 2025-03-27 19:42:40,904 psparser nexttoken: (94, 0.1608)
DEBUG 2025-03-27 19:42:40,904 psparser add_results: ((94, 0.1608),)
DEBUG 2025-03-27 19:42:40,904 psparser nextobject: (94, 0.1608)
DEBUG 2025-03-27 19:42:40,904 psparser nexttoken: (101, 0.2431)
DEBUG 2025-03-27 19:42:40,904 psparser add_results: ((101, 0.2431),)
DEBUG 2025-03-27 19:42:40,904 psparser nextobject: (101, 0.2431)
DEBUG 2025-03-27 19:42:40,905 psparser nexttoken: (108, 0.2863)
DEBUG 2025-03-27 19:42:40,905 psparser add_results: ((108, 0.2863),)
DEBUG 2025-03-27 19:42:40,905 psparser nextobject: (108, 0.2863)
DEBUG 2025-03-27 19:42:40,905 psparser nexttoken: (115, /b'rg')
DEBUG 2025-03-27 19:42:40,905 psparser do_keyword: pos=115, token=/b'rg', stack=[]
DEBUG 2025-03-27 19:42:40,905 psparser add_results: ((115, /b'rg'),)
DEBUG 2025-03-27 19:42:40,905 psparser nextobject: (115, /b'rg')
DEBUG 2025-03-27 19:42:40,905 pdfinterp exec: rg [0.1608, 0.2431, 0.2863]
DEBUG 2025-03-27 19:42:40,905 psparser nexttoken: (118, 0)
DEBUG 2025-03-27 19:42:40,905 psparser add_results: ((118, 0),)
DEBUG 2025-03-27 19:42:40,906 psparser nextobject: (118, 0)
DEBUG 2025-03-27 19:42:40,906 psparser nexttoken: (120, 0)
DEBUG 2025-03-27 19:42:40,906 psparser add_results: ((120, 0),)
DEBUG 2025-03-27 19:42:40,906 psparser nextobject: (120, 0)
DEBUG 2025-03-27 19:42:40,906 psparser nexttoken: (122, 201.960007)
DEBUG 2025-03-27 19:42:40,907 psparser add_results: ((122, 201.960007),)
DEBUG 2025-03-27 19:42:40,907 psparser nextobject: (122, 201.960007)
DEBUG 2025-03-27 19:42:40,907 psparser nexttoken: (133, 792)
DEBUG 2025-03-27 19:42:40,908 psparser add_results: ((133, 792),)
DEBUG 2025-03-27 19:42:40,908 psparser nextobject: (133, 792)
DEBUG 2025-03-27 19:42:40,908 psparser nexttoken: (137, /b're')
DEBUG 2025-03-27 19:42:40,908 psparser do_keyword: pos=137, token=/b're', stack=[]
DEBUG 2025-03-27 19:42:40,909 psparser add_results: ((137, /b're'),)
DEBUG 2025-03-27 19:42:40,909 psparser nextobject: (137, /b're')
DEBUG 2025-03-27 19:42:40,909 pdfinterp exec: re [0, 0, 201.960007, 792]
DEBUG 2025-03-27 19:42:40,909 psparser nexttoken: (140, /b'f')
DEBUG 2025-03-27 19:42:40,909 psparser do_keyword: pos=140, token=/b'f', stack=[]
DEBUG 2025-03-27 19:42:40,909 psparser add_results: ((140, /b'f'),)
DEBUG 2025-03-27 19:42:40,909 psparser nextobject: (140, /b'f')
DEBUG 2025-03-27 19:42:40,909 pdfinterp exec: f
DEBUG 2025-03-27 19:42:40,910 psparser nexttoken: (142, /b'EMC')
DEBUG 2025-03-27 19:42:40,911 psparser do_keyword: pos=142, token=/b'EMC', stack=[]
DEBUG 2025-03-27 19:42:40,911 psparser add_results: ((142, /b'EMC'),)
DEBUG 2025-03-27 19:42:40,911 psparser nextobject: (142, /b'EMC')
DEBUG 2025-03-27 19:42:40,911 pdfinterp exec: EMC
DEBUG 2025-03-27 19:42:40,911 psparser nexttoken: (146, /b'Q')
DEBUG 2025-03-27 19:42:40,911 psparser do_keyword: pos=146, token=/b'Q', stack=[]
DEBUG 2025-03-27 19:42:40,911 psparser add_results: ((146, /b'Q'),)
DEBUG 2025-03-27 19:42:40,911 psparser nextobject: (146, /b'Q')
DEBUG 2025-03-27 19:42:40,912 pdfinterp exec: Q
DEBUG 2025-03-27 19:42:40,912 psparser nexttoken: (148, 0)
DEBUG 2025-03-27 19:42:40,912 psparser add_results: ((148, 0),)
DEBUG 2025-03-27 19:42:40,912 psparser nextobject: (148, 0)
DEBUG 2025-03-27 19:42:40,912 psparser nexttoken: (150, /b'g')
DEBUG 2025-03-27 19:42:40,912 psparser do_keyword: pos=150, token=/b'g', stack=[]
DEBUG 2025-03-27 19:42:40,912 psparser add_results: ((150, /b'g'),)
DEBUG 2025-03-27 19:42:40,912 psparser nextobject: (150, /b'g')
DEBUG 2025-03-27 19:42:40,912 pdfinterp exec: g [0]
DEBUG 2025-03-27 19:42:40,912 psparser nexttoken: (152, /'Artifact')
DEBUG 2025-03-27 19:42:40,912 psparser add_results: ((152, /'Artifact'),)
DEBUG 2025-03-27 19:42:40,912 psparser nextobject: (152, /'Artifact')
DEBUG 2025-03-27 19:42:40,912 psparser nexttoken: (162, /b'BMC')
DEBUG 2025-03-27 19:42:40,912 psparser do_keyword: pos=162, token=/b'BMC', stack=[]
DEBUG 2025-03-27 19:42:40,912 psparser add_results: ((162, /b'BMC'),)
DEBUG 2025-03-27 19:42:40,912 psparser nextobject: (162, /b'BMC')
DEBUG 2025-03-27 19:42:40,912 pdfinterp exec: BMC [/'Artifact']
DEBUG 2025-03-27 19:42:40,913 psparser nexttoken: (166, /b'BT')
DEBUG 2025-03-27 19:42:40,913 psparser do_keyword: pos=166, token=/b'BT', stack=[]
DEBUG 2025-03-27 19:42:40,913 psparser add_results: ((166, /b'BT'),)
DEBUG 2025-03-27 19:42:40,913 psparser nextobject: (166, /b'BT')
DEBUG 2025-03-27 19:42:40,913 pdfinterp exec: BT
DEBUG 2025-03-27 19:42:40,913 psparser nexttoken: (169, /'F15')
DEBUG 2025-03-27 19:42:40,913 psparser add_results: ((169, /'F15'),)
DEBUG 2025-03-27 19:42:40,913 psparser nextobject: (169, /'F15')
DEBUG 2025-03-27 19:42:40,913 psparser nexttoken: (174, 12)
DEBUG 2025-03-27 19:42:40,913 psparser add_results: ((174, 12),)
DEBUG 2025-03-27 19:42:40,913 psparser nextobject: (174, 12)
DEBUG 2025-03-27 19:42:40,913 psparser nexttoken: (177, /b'Tf')
DEBUG 2025-03-27 19:42:40,913 psparser do_keyword: pos=177, token=/b'Tf', stack=[]
DEBUG 2025-03-27 19:42:40,913 psparser add_results: ((177, /b'Tf'),)
DEBUG 2025-03-27 19:42:40,913 psparser nextobject: (177, /b'Tf')
DEBUG 2025-03-27 19:42:40,914 pdfinterp exec: Tf [/'F15', 12]
DEBUG 2025-03-27 19:42:40,914 psparser nexttoken: (180, 1)
DEBUG 2025-03-27 19:42:40,914 psparser add_results: ((180, 1),)
DEBUG 2025-03-27 19:42:40,914 psparser nextobject: (180, 1)
DEBUG 2025-03-27 19:42:40,914 psparser nexttoken: (182, 0)
DEBUG 2025-03-27 19:42:40,914 psparser add_results: ((182, 0),)
DEBUG 2025-03-27 19:42:40,914 psparser nextobject: (182, 0)
DEBUG 2025-03-27 19:42:40,914 psparser nexttoken: (184, 0)
DEBUG 2025-03-27 19:42:40,914 psparser add_results: ((184, 0),)
DEBUG 2025-03-27 19:42:40,914 psparser nextobject: (184, 0)
DEBUG 2025-03-27 19:42:40,915 psparser nexttoken: (186, -1)
DEBUG 2025-03-27 19:42:40,915 psparser add_results: ((186, -1),)
DEBUG 2025-03-27 19:42:40,915 psparser nextobject: (186, -1)
DEBUG 2025-03-27 19:42:40,915 psparser nexttoken: (189, 0)
DEBUG 2025-03-27 19:42:40,915 psparser add_results: ((189, 0),)
DEBUG 2025-03-27 19:42:40,915 psparser nextobject: (189, 0)
DEBUG 2025-03-27 19:42:40,915 psparser nexttoken: (191, 10.31400013)
DEBUG 2025-03-27 19:42:40,915 psparser add_results: ((191, 10.31400013),)
DEBUG 2025-03-27 19:42:40,915 psparser nextobject: (191, 10.31400013)
DEBUG 2025-03-27 19:42:40,915 psparser nexttoken: (203, /b'Tm')
DEBUG 2025-03-27 19:42:40,916 psparser do_keyword: pos=203, token=/b'Tm', stack=[]
DEBUG 2025-03-27 19:42:40,916 psparser add_results: ((203, /b'Tm'),)
DEBUG 2025-03-27 19:42:40,916 psparser nextobject: (203, /b'Tm')
DEBUG 2025-03-27 19:42:40,916 pdfinterp exec: Tm [1, 0, 0, -1, 0, 10.31400013]
DEBUG 2025-03-27 19:42:40,916 psparser nexttoken: (206, /b'[')
DEBUG 2025-03-27 19:42:40,916 psparser start_type: pos=206, type='a'
DEBUG 2025-03-27 19:42:40,916 psparser nexttoken: (207, b'\x00B')
DEBUG 2025-03-27 19:42:40,916 psparser nexttoken: (213, /b']')
DEBUG 2025-03-27 19:42:40,916 psparser end_type: pos=206, type='a', objs=[b'\x00B']
DEBUG 2025-03-27 19:42:40,916 psparser add_results: ((206, [b'\x00B']),)
DEBUG 2025-03-27 19:42:40,916 psparser nextobject: (206, [b'\x00B'])
DEBUG 2025-03-27 19:42:40,916 psparser nexttoken: (215, /b'TJ')
DEBUG 2025-03-27 19:42:40,916 psparser do_keyword: pos=215, token=/b'TJ', stack=[]
DEBUG 2025-03-27 19:42:40,917 psparser add_results: ((215, /b'TJ'),)
DEBUG 2025-03-27 19:42:40,917 psparser nextobject: (215, /b'TJ')
DEBUG 2025-03-27 19:42:40,917 pdfinterp exec: TJ [[b'\x00B']]
DEBUG 2025-03-27 19:42:40,917 cmapdb get_unichr: <UnicodeMap: /'Adobe-Identity-UCS'>, 66
DEBUG 2025-03-27 19:42:40,917 psparser nexttoken: (218, /b'ET')
DEBUG 2025-03-27 19:42:40,917 psparser do_keyword: pos=218, token=/b'ET', stack=[]
DEBUG 2025-03-27 19:42:40,917 psparser add_results: ((218, /b'ET'),)
DEBUG 2025-03-27 19:42:40,918 psparser nextobject: (218, /b'ET')
DEBUG 2025-03-27 19:42:40,918 pdfinterp exec: ET
DEBUG 2025-03-27 19:42:40,918 psparser nexttoken: (221, /b'EMC')
DEBUG 2025-03-27 19:42:40,918 psparser do_keyword: pos=221, token=/b'EMC', stack=[]
DEBUG 2025-03-27 19:42:40,918 psparser add_results: ((221, /b'EMC'),)
DEBUG 2025-03-27 19:42:40,918 psparser nextobject: (221, /b'EMC')
DEBUG 2025-03-27 19:42:40,918 pdfinterp exec: EMC
DEBUG 2025-03-27 19:42:40,918 psparser nexttoken: (225, /b'q')
DEBUG 2025-03-27 19:42:40,918 psparser do_keyword: pos=225, token=/b'q', stack=[]
DEBUG 2025-03-27 19:42:40,919 psparser add_results: ((225, /b'q'),)
DEBUG 2025-03-27 19:42:40,919 psparser nextobject: (225, /b'q')
DEBUG 2025-03-27 19:42:40,919 pdfinterp exec: q
DEBUG 2025-03-27 19:42:40,919 psparser nexttoken: (227, 1)
DEBUG 2025-03-27 19:42:40,919 psparser add_results: ((227, 1),)
DEBUG 2025-03-27 19:42:40,919 psparser nextobject: (227, 1)
DEBUG 2025-03-27 19:42:40,919 psparser nexttoken: (229, 0)
DEBUG 2025-03-27 19:42:40,919 psparser add_results: ((229, 0),)
DEBUG 2025-03-27 19:42:40,919 psparser nextobject: (229, 0)
DEBUG 2025-03-27 19:42:40,920 psparser nexttoken: (231, 0)
DEBUG 2025-03-27 19:42:40,920 psparser add_results: ((231, 0),)
DEBUG 2025-03-27 19:42:40,920 psparser nextobject: (231, 0)
DEBUG 2025-03-27 19:42:40,920 psparser nexttoken: (233, 1)
DEBUG 2025-03-27 19:42:40,921 psparser add_results: ((233, 1),)
DEBUG 2025-03-27 19:42:40,921 psparser nextobject: (233, 1)
DEBUG 2025-03-27 19:42:40,921 psparser nexttoken: (235, 201.96)
DEBUG 2025-03-27 19:42:40,921 psparser add_results: ((235, 201.96),)
DEBUG 2025-03-27 19:42:40,921 psparser nextobject: (235, 201.96)
DEBUG 2025-03-27 19:42:40,921 psparser nexttoken: (242, 0)
DEBUG 2025-03-27 19:42:40,921 psparser add_results: ((242, 0),)
DEBUG 2025-03-27 19:42:40,921 psparser nextobject: (242, 0)
DEBUG 2025-03-27 19:42:40,921 psparser nexttoken: (244, /b'cm')
DEBUG 2025-03-27 19:42:40,922 psparser do_keyword: pos=244, token=/b'cm', stack=[]
DEBUG 2025-03-27 19:42:40,922 psparser add_results: ((244, /b'cm'),)
DEBUG 2025-03-27 19:42:40,922 psparser nextobject: (244, /b'cm')
DEBUG 2025-03-27 19:42:40,922 pdfinterp exec: cm [1, 0, 0, 1, 201.96, 0]
DEBUG 2025-03-27 19:42:40,922 psparser nexttoken: (247, /'Artifact')
DEBUG 2025-03-27 19:42:40,922 psparser add_results: ((247, /'Artifact'),)
DEBUG 2025-03-27 19:42:40,922 psparser nextobject: (247, /'Artifact')
DEBUG 2025-03-27 19:42:40,923 psparser nexttoken: (257, /b'BMC')
DEBUG 2025-03-27 19:42:40,923 psparser do_keyword: pos=257, token=/b'BMC', stack=[]
DEBUG 2025-03-27 19:42:40,923 psparser add_results: ((257, /b'BMC'),)
DEBUG 2025-03-27 19:42:40,923 psparser nextobject: (257, /b'BMC')
DEBUG 2025-03-27 19:42:40,923 pdfinterp exec: BMC [/'Artifact']
DEBUG 2025-03-27 19:42:40,923 psparser nexttoken: (261, /b'BT')
DEBUG 2025-03-27 19:42:40,923 psparser do_keyword: pos=261, token=/b'BT', stack=[]
DEBUG 2025-03-27 19:42:40,923 psparser add_results: ((261, /b'BT'),)
DEBUG 2025-03-27 19:42:40,923 psparser nextobject: (261, /b'BT')
DEBUG 2025-03-27 19:42:40,923 pdfinterp exec: BT
DEBUG 2025-03-27 19:42:40,923 psparser nexttoken: (264, /'F15')
DEBUG 2025-03-27 19:42:40,923 psparser add_results: ((264, /'F15'),)
DEBUG 2025-03-27 19:42:40,923 psparser nextobject: (264, /'F15')
DEBUG 2025-03-27 19:42:40,923 psparser nexttoken: (269, 12)
DEBUG 2025-03-27 19:42:40,924 psparser add_results: ((269, 12),)
DEBUG 2025-03-27 19:42:40,924 psparser nextobject: (269, 12)
DEBUG 2025-03-27 19:42:40,924 psparser nexttoken: (272, /b'Tf')
DEBUG 2025-03-27 19:42:40,924 psparser do_keyword: pos=272, token=/b'Tf', stack=[]
DEBUG 2025-03-27 19:42:40,924 psparser add_results: ((272, /b'Tf'),)
DEBUG 2025-03-27 19:42:40,924 psparser nextobject: (272, /b'Tf')
DEBUG 2025-03-27 19:42:40,924 pdfinterp exec: Tf [/'F15', 12]
DEBUG 2025-03-27 19:42:40,924 psparser nexttoken: (275, 1)
DEBUG 2025-03-27 19:42:40,924 psparser add_results: ((275, 1),)
DEBUG 2025-03-27 19:42:40,924 psparser nextobject: (275, 1)
DEBUG 2025-03-27 19:42:40,924 psparser nexttoken: (277, 0)
DEBUG 2025-03-27 19:42:40,924 psparser add_results: ((277, 0),)
DEBUG 2025-03-27 19:42:40,924 psparser nextobject: (277, 0)
DEBUG 2025-03-27 19:42:40,924 psparser nexttoken: (279, 0)
DEBUG 2025-03-27 19:42:40,925 psparser add_results: ((279, 0),)
DEBUG 2025-03-27 19:42:40,925 psparser nextobject: (279, 0)
DEBUG 2025-03-27 19:42:40,925 psparser nexttoken: (281, -1)
DEBUG 2025-03-27 19:42:40,925 psparser add_results: ((281, -1),)
DEBUG 2025-03-27 19:42:40,925 psparser nextobject: (281, -1)
DEBUG 2025-03-27 19:42:40,925 psparser nexttoken: (284, 203.35800171)
DEBUG 2025-03-27 19:42:40,925 psparser add_results: ((284, 203.35800171),)
DEBUG 2025-03-27 19:42:40,925 psparser nextobject: (284, 203.35800171)
DEBUG 2025-03-27 19:42:40,925 psparser nexttoken: (297, 10.31400013)
DEBUG 2025-03-27 19:42:40,925 psparser add_results: ((297, 10.31400013),)
DEBUG 2025-03-27 19:42:40,925 psparser nextobject: (297, 10.31400013)
DEBUG 2025-03-27 19:42:40,925 psparser nexttoken: (309, /b'Tm')
DEBUG 2025-03-27 19:42:40,925 psparser do_keyword: pos=309, token=/b'Tm', stack=[]
DEBUG 2025-03-27 19:42:40,926 psparser add_results: ((309, /b'Tm'),)
DEBUG 2025-03-27 19:42:40,926 psparser nextobject: (309, /b'Tm')
DEBUG 2025-03-27 19:42:40,926 pdfinterp exec: Tm [1, 0, 0, -1, 203.35800171, 10.31400013]
DEBUG 2025-03-27 19:42:40,926 psparser nexttoken: (312, /b'[')
DEBUG 2025-03-27 19:42:40,926 psparser start_type: pos=312, type='a'
DEBUG 2025-03-27 19:42:40,927 psparser nexttoken: (313, b'\x00B')
DEBUG 2025-03-27 19:42:40,927 psparser nexttoken: (319, /b']')
DEBUG 2025-03-27 19:42:40,927 psparser end_type: pos=312, type='a', objs=[b'\x00B']
DEBUG 2025-03-27 19:42:40,927 psparser add_results: ((312, [b'\x00B']),)
DEBUG 2025-03-27 19:42:40,928 psparser nextobject: (312, [b'\x00B'])
DEBUG 2025-03-27 19:42:40,928 psparser nexttoken: (321, /b'TJ')
DEBUG 2025-03-27 19:42:40,928 psparser do_keyword: pos=321, token=/b'TJ', stack=[]
DEBUG 2025-03-27 19:42:40,928 psparser add_results: ((321, /b'TJ'),)
DEBUG 2025-03-27 19:42:40,929 psparser nextobject: (321, /b'TJ')
DEBUG 2025-03-27 19:42:40,929 pdfinterp exec: TJ [[b'\x00B']]
DEBUG 2025-03-27 19:42:40,929 cmapdb get_unichr: <UnicodeMap: /'Adobe-Identity-UCS'>, 66
DEBUG 2025-03-27 19:42:40,929 psparser nexttoken: (324, /b'ET')
DEBUG 2025-03-27 19:42:40,929 psparser do_keyword: pos=324, token=/b'ET', stack=[]
DEBUG 2025-03-27 19:42:40,929 psparser add_results: ((324, /b'ET'),)
DEBUG 2025-03-27 19:42:40,929 psparser nextobject: (324, /b'ET')
DEBUG 2025-03-27 19:42:40,929 pdfinterp exec: ET
DEBUG 2025-03-27 19:42:40,929 psparser nexttoken: (327, /b'EMC')
DEBUG 2025-03-27 19:42:40,929 psparser do_keyword: pos=327, token=/b'EMC', stack=[]
DEBUG 2025-03-27 19:42:40,929 psparser add_results: ((327, /b'EMC'),)
DEBUG 2025-03-27 19:42:40,929 psparser nextobject: (327, /b'EMC')
DEBUG 2025-03-27 19:42:40,930 pdfinterp exec: EMC
DEBUG 2025-03-27 19:42:40,930 psparser nexttoken: (331, /b'Q')
DEBUG 2025-03-27 19:42:40,930 psparser do_keyword: pos=331, token=/b'Q', stack=[]
DEBUG 2025-03-27 19:42:40,930 psparser add_results: ((331, /b'Q'),)
DEBUG 2025-03-27 19:42:40,930 psparser nextobject: (331, /b'Q')
DEBUG 2025-03-27 19:42:40,930 pdfinterp exec: Q
DEBUG 2025-03-27 19:42:40,930 psparser nexttoken: (333, /b'Q')
DEBUG 2025-03-27 19:42:40,930 psparser do_keyword: pos=333, token=/b'Q', stack=[]
DEBUG 2025-03-27 19:42:40,931 psparser add_results: ((333, /b'Q'),)
DEBUG 2025-03-27 19:42:40,931 psparser nextobject: (333, /b'Q')
DEBUG 2025-03-27 19:42:40,931 pdfinterp exec: Q
DEBUG 2025-03-27 19:42:40,931 psparser nexttoken: (335, /b'q')
DEBUG 2025-03-27 19:42:40,931 psparser do_keyword: pos=335, token=/b'q', stack=[]
DEBUG 2025-03-27 19:42:40,931 psparser add_results: ((335, /b'q'),)
DEBUG 2025-03-27 19:42:40,931 psparser nextobject: (335, /b'q')
DEBUG 2025-03-27 19:42:40,931 pdfinterp exec: q
DEBUG 2025-03-27 19:42:40,932 psparser nexttoken: (337, 1)
DEBUG 2025-03-27 19:42:40,932 psparser add_results: ((337, 1),)
DEBUG 2025-03-27 19:42:40,932 psparser nextobject: (337, 1)
DEBUG 2025-03-27 19:42:40,932 psparser nexttoken: (339, 0)
DEBUG 2025-03-27 19:42:40,932 psparser add_results: ((339, 0),)
DEBUG 2025-03-27 19:42:40,932 psparser nextobject: (339, 0)
DEBUG 2025-03-27 19:42:40,932 psparser nexttoken: (341, 0)
DEBUG 2025-03-27 19:42:40,933 psparser add_results: ((341, 0),)
DEBUG 2025-03-27 19:42:40,933 psparser nextobject: (341, 0)
DEBUG 2025-03-27 19:42:40,933 psparser nexttoken: (343, 1)
DEBUG 2025-03-27 19:42:40,933 psparser add_results: ((343, 1),)
DEBUG 2025-03-27 19:42:40,933 psparser nextobject: (343, 1)
DEBUG 2025-03-27 19:42:40,933 psparser nexttoken: (345, 0)
DEBUG 2025-03-27 19:42:40,933 psparser add_results: ((345, 0),)
DEBUG 2025-03-27 19:42:40,933 psparser nextobject: (345, 0)
DEBUG 2025-03-27 19:42:40,934 psparser nexttoken: (347, 43.2)
DEBUG 2025-03-27 19:42:40,934 psparser add_results: ((347, 43.2),)
DEBUG 2025-03-27 19:42:40,934 psparser nextobject: (347, 43.2)
DEBUG 2025-03-27 19:42:40,934 psparser nexttoken: (352, /b'cm')
DEBUG 2025-03-27 19:42:40,934 psparser do_keyword: pos=352, token=/b'cm', stack=[]
DEBUG 2025-03-27 19:42:40,934 psparser add_results: ((352, /b'cm'),)
DEBUG 2025-03-27 19:42:40,934 psparser nextobject: (352, /b'cm')
DEBUG 2025-03-27 19:42:40,935 pdfinterp exec: cm [1, 0, 0, 1, 0, 43.2]
DEBUG 2025-03-27 19:42:40,935 psparser nexttoken: (355, /b'q')
DEBUG 2025-03-27 19:42:40,935 psparser do_keyword: pos=355, token=/b'q', stack=[]
DEBUG 2025-03-27 19:42:40,935 psparser add_results: ((355, /b'q'),)
DEBUG 2025-03-27 19:42:40,935 psparser nextobject: (355, /b'q')
DEBUG 2025-03-27 19:42:40,935 pdfinterp exec: q
DEBUG 2025-03-27 19:42:40,935 psparser nexttoken: (357, /b'q')
DEBUG 2025-03-27 19:42:40,935 psparser do_keyword: pos=357, token=/b'q', stack=[]
DEBUG 2025-03-27 19:42:40,936 psparser add_results: ((357, /b'q'),)
DEBUG 2025-03-27 19:42:40,936 psparser nextobject: (357, /b'q')
DEBUG 2025-03-27 19:42:40,936 pdfinterp exec: q
DEBUG 2025-03-27 19:42:40,936 psparser nexttoken: (359, 1)
DEBUG 2025-03-27 19:42:40,936 psparser add_results: ((359, 1),)
DEBUG 2025-03-27 19:42:40,936 psparser nextobject: (359, 1)
DEBUG 2025-03-27 19:42:40,936 psparser nexttoken: (361, 0)
DEBUG 2025-03-27 19:42:40,936 psparser add_results: ((361, 0),)
DEBUG 2025-03-27 19:42:40,937 psparser nextobject: (361, 0)
DEBUG 2025-03-27 19:42:40,937 psparser nexttoken: (363, 0)
DEBUG 2025-03-27 19:42:40,937 psparser add_results: ((363, 0),)
DEBUG 2025-03-27 19:42:40,937 psparser nextobject: (363, 0)
DEBUG 2025-03-27 19:42:40,937 psparser nexttoken: (365, 1)
DEBUG 2025-03-27 19:42:40,937 psparser add_results: ((365, 1),)
DEBUG 2025-03-27 19:42:40,937 psparser nextobject: (365, 1)
DEBUG 2025-03-27 19:42:40,937 psparser nexttoken: (367, 21.6)
DEBUG 2025-03-27 19:42:40,937 psparser add_results: ((367, 21.6),)
DEBUG 2025-03-27 19:42:40,937 psparser nextobject: (367, 21.6)
DEBUG 2025-03-27 19:42:40,937 psparser nexttoken: (372, 0)
DEBUG 2025-03-27 19:42:40,938 psparser add_results: ((372, 0),)
DEBUG 2025-03-27 19:42:40,938 psparser nextobject: (372, 0)
DEBUG 2025-03-27 19:42:40,938 psparser nexttoken: (374, /b'cm')
DEBUG 2025-03-27 19:42:40,938 psparser do_keyword: pos=374, token=/b'cm', stack=[]
DEBUG 2025-03-27 19:42:40,938 psparser add_results: ((374, /b'cm'),)
DEBUG 2025-03-27 19:42:40,938 psparser nextobject: (374, /b'cm')
DEBUG 2025-03-27 19:42:40,938 pdfinterp exec: cm [1, 0, 0, 1, 21.6, 0]
DEBUG 2025-03-27 19:42:40,939 psparser nexttoken: (377, /b'q')
DEBUG 2025-03-27 19:42:40,939 psparser do_keyword: pos=377, token=/b'q', stack=[]
DEBUG 2025-03-27 19:42:40,939 psparser add_results: ((377, /b'q'),)
DEBUG 2025-03-27 19:42:40,939 psparser nextobject: (377, /b'q')
DEBUG 2025-03-27 19:42:40,939 pdfinterp exec: q
DEBUG 2025-03-27 19:42:40,939 psparser nexttoken: (379, -21.6)
DEBUG 2025-03-27 19:42:40,939 psparser add_results: ((379, -21.6),)
DEBUG 2025-03-27 19:42:40,940 psparser nextobject: (379, -21.6)
DEBUG 2025-03-27 19:42:40,940 psparser nexttoken: (385, 0)
DEBUG 2025-03-27 19:42:40,941 psparser add_results: ((385, 0),)
DEBUG 2025-03-27 19:42:40,943 psparser nextobject: (385, 0)
DEBUG 2025-03-27 19:42:40,943 psparser nexttoken: (387, /b'm')
DEBUG 2025-03-27 19:42:40,943 psparser do_keyword: pos=387, token=/b'm', stack=[]
DEBUG 2025-03-27 19:42:40,944 psparser add_results: ((387, /b'm'),)
DEBUG 2025-03-27 19:42:40,944 psparser nextobject: (387, /b'm')
DEBUG 2025-03-27 19:42:40,944 pdfinterp exec: m [-21.6, 0]
DEBUG 2025-03-27 19:42:40,944 psparser nexttoken: (389, 180.360001)
DEBUG 2025-03-27 19:42:40,944 psparser add_results: ((389, 180.360001),)
DEBUG 2025-03-27 19:42:40,944 psparser nextobject: (389, 180.360001)
DEBUG 2025-03-27 19:42:40,944 psparser nexttoken: (400, 0)
DEBUG 2025-03-27 19:42:40,944 psparser add_results: ((400, 0),)
DEBUG 2025-03-27 19:42:40,944 psparser nextobject: (400, 0)
DEBUG 2025-03-27 19:42:40,944 psparser nexttoken: (402, /b'l')
DEBUG 2025-03-27 19:42:40,945 psparser do_keyword: pos=402, token=/b'l', stack=[]
DEBUG 2025-03-27 19:42:40,945 psparser add_results: ((402, /b'l'),)
DEBUG 2025-03-27 19:42:40,945 psparser nextobject: (402, /b'l')
DEBUG 2025-03-27 19:42:40,945 pdfinterp exec: l [180.360001, 0]
DEBUG 2025-03-27 19:42:40,945 psparser nexttoken: (404, 180.360001)
DEBUG 2025-03-27 19:42:40,945 psparser add_results: ((404, 180.360001),)
DEBUG 2025-03-27 19:42:40,945 psparser nextobject: (404, 180.360001)
DEBUG 2025-03-27 19:42:40,945 psparser nexttoken: (415, 120)
DEBUG 2025-03-27 19:42:40,945 psparser add_results: ((415, 120),)
DEBUG 2025-03-27 19:42:40,945 psparser nextobject: (415, 120)
DEBUG 2025-03-27 19:42:40,945 psparser nexttoken: (419, /b'l')
DEBUG 2025-03-27 19:42:40,945 psparser do_keyword: pos=419, token=/b'l', stack=[]
DEBUG 2025-03-27 19:42:40,945 psparser add_results: ((419, /b'l'),)
DEBUG 2025-03-27 19:42:40,945 psparser nextobject: (419, /b'l')
DEBUG 2025-03-27 19:42:40,945 pdfinterp exec: l [180.360001, 120]
DEBUG 2025-03-27 19:42:40,945 psparser nexttoken: (421, -21.6)
DEBUG 2025-03-27 19:42:40,946 psparser add_results: ((421, -21.6),)
DEBUG 2025-03-27 19:42:40,946 psparser nextobject: (421, -21.6)
DEBUG 2025-03-27 19:42:40,946 psparser nexttoken: (427, 120)
DEBUG 2025-03-27 19:42:40,946 psparser add_results: ((427, 120),)
DEBUG 2025-03-27 19:42:40,946 psparser nextobject: (427, 120)
DEBUG 2025-03-27 19:42:40,946 psparser nexttoken: (431, /b'l')
DEBUG 2025-03-27 19:42:40,946 psparser do_keyword: pos=431, token=/b'l', stack=[]
DEBUG 2025-03-27 19:42:40,946 psparser add_results: ((431, /b'l'),)
DEBUG 2025-03-27 19:42:40,946 psparser nextobject: (431, /b'l')
DEBUG 2025-03-27 19:42:40,946 pdfinterp exec: l [-21.6, 120]
DEBUG 2025-03-27 19:42:40,947 psparser nexttoken: (433, -21.6)
DEBUG 2025-03-27 19:42:40,947 psparser add_results: ((433, -21.6),)
DEBUG 2025-03-27 19:42:40,947 psparser nextobject: (433, -21.6)
DEBUG 2025-03-27 19:42:40,947 psparser nexttoken: (439, 0)
DEBUG 2025-03-27 19:42:40,947 psparser add_results: ((439, 0),)
DEBUG 2025-03-27 19:42:40,947 psparser nextobject: (439, 0)
DEBUG 2025-03-27 19:42:40,947 psparser nexttoken: (441, /b'l')
DEBUG 2025-03-27 19:42:40,948 psparser do_keyword: pos=441, token=/b'l', stack=[]
DEBUG 2025-03-27 19:42:40,948 psparser add_results: ((441, /b'l'),)
DEBUG 2025-03-27 19:42:40,948 psparser nextobject: (441, /b'l')
DEBUG 2025-03-27 19:42:40,948 pdfinterp exec: l [-21.6, 0]
DEBUG 2025-03-27 19:42:40,948 psparser nexttoken: (443, /b'W')
DEBUG 2025-03-27 19:42:40,948 psparser do_keyword: pos=443, token=/b'W', stack=[]
DEBUG 2025-03-27 19:42:40,948 psparser add_results: ((443, /b'W'),)
DEBUG 2025-03-27 19:42:40,948 psparser nextobject: (443, /b'W')
DEBUG 2025-03-27 19:42:40,948 pdfinterp exec: W
DEBUG 2025-03-27 19:42:40,948 psparser nexttoken: (445, /b'n')
DEBUG 2025-03-27 19:42:40,948 psparser do_keyword: pos=445, token=/b'n', stack=[]
DEBUG 2025-03-27 19:42:40,948 psparser add_results: ((445, /b'n'),)
DEBUG 2025-03-27 19:42:40,948 psparser nextobject: (445, /b'n')
DEBUG 2025-03-27 19:42:40,948 pdfinterp exec: n
DEBUG 2025-03-27 19:42:40,948 psparser nexttoken: (447, /'Artifact')
DEBUG 2025-03-27 19:42:40,949 psparser add_results: ((447, /'Artifact'),)
DEBUG 2025-03-27 19:42:40,949 psparser nextobject: (447, /'Artifact')
DEBUG 2025-03-27 19:42:40,949 psparser nexttoken: (457, /b'BMC')
DEBUG 2025-03-27 19:42:40,949 psparser do_keyword: pos=457, token=/b'BMC', stack=[]
DEBUG 2025-03-27 19:42:40,949 psparser add_results: ((457, /b'BMC'),)
DEBUG 2025-03-27 19:42:40,949 psparser nextobject: (457, /b'BMC')
DEBUG 2025-03-27 19:42:40,949 pdfinterp exec: BMC [/'Artifact']
DEBUG 2025-03-27 19:42:40,949 psparser nexttoken: (461, 0.1608)
DEBUG 2025-03-27 19:42:40,950 psparser add_results: ((461, 0.1608),)
DEBUG 2025-03-27 19:42:40,950 psparser nextobject: (461, 0.1608)
DEBUG 2025-03-27 19:42:40,950 psparser nexttoken: (468, 0.2431)
DEBUG 2025-03-27 19:42:40,950 psparser add_results: ((468, 0.2431),)
DEBUG 2025-03-27 19:42:40,951 psparser nextobject: (468, 0.2431)
DEBUG 2025-03-27 19:42:40,951 psparser nexttoken: (475, 0.2863)
DEBUG 2025-03-27 19:42:40,951 psparser add_results: ((475, 0.2863),)
DEBUG 2025-03-27 19:42:40,951 psparser nextobject: (475, 0.2863)
DEBUG 2025-03-27 19:42:40,951 psparser nexttoken: (482, /b'rg')
DEBUG 2025-03-27 19:42:40,951 psparser do_keyword: pos=482, token=/b'rg', stack=[]
DEBUG 2025-03-27 19:42:40,951 psparser add_results: ((482, /b'rg'),)
DEBUG 2025-03-27 19:42:40,951 psparser nextobject: (482, /b'rg')
DEBUG 2025-03-27 19:42:40,951 pdfinterp exec: rg [0.1608, 0.2431, 0.2863]
DEBUG 2025-03-27 19:42:40,951 psparser nexttoken: (485, -21.6)
DEBUG 2025-03-27 19:42:40,951 psparser add_results: ((485, -21.6),)
DEBUG 2025-03-27 19:42:40,951 psparser nextobject: (485, -21.6)
DEBUG 2025-03-27 19:42:40,951 psparser nexttoken: (491, 0)
DEBUG 2025-03-27 19:42:40,951 psparser add_results: ((491, 0),)
DEBUG 2025-03-27 19:42:40,952 psparser nextobject: (491, 0)
DEBUG 2025-03-27 19:42:40,952 psparser nexttoken: (493, 201.960007)
DEBUG 2025-03-27 19:42:40,952 psparser add_results: ((493, 201.960007),)
DEBUG 2025-03-27 19:42:40,952 psparser nextobject: (493, 201.960007)
DEBUG 2025-03-27 19:42:40,952 psparser nexttoken: (504, 120)
DEBUG 2025-03-27 19:42:40,952 psparser add_results: ((504, 120),)
DEBUG 2025-03-27 19:42:40,952 psparser nextobject: (504, 120)
DEBUG 2025-03-27 19:42:40,952 psparser nexttoken: (508, /b're')
DEBUG 2025-03-27 19:42:40,952 psparser do_keyword: pos=508, token=/b're', stack=[]
DEBUG 2025-03-27 19:42:40,952 psparser add_results: ((508, /b're'),)
DEBUG 2025-03-27 19:42:40,952 psparser nextobject: (508, /b're')
DEBUG 2025-03-27 19:42:40,952 pdfinterp exec: re [-21.6, 0, 201.960007, 120]
DEBUG 2025-03-27 19:42:40,952 psparser nexttoken: (511, /b'f')
DEBUG 2025-03-27 19:42:40,952 psparser do_keyword: pos=511, token=/b'f', stack=[]
DEBUG 2025-03-27 19:42:40,952 psparser add_results: ((511, /b'f'),)
DEBUG 2025-03-27 19:42:40,952 psparser nextobject: (511, /b'f')
DEBUG 2025-03-27 19:42:40,952 pdfinterp exec: f
DEBUG 2025-03-27 19:42:40,952 psparser nexttoken: (513, /b'EMC')
DEBUG 2025-03-27 19:42:40,952 psparser do_keyword: pos=513, token=/b'EMC', stack=[]
DEBUG 2025-03-27 19:42:40,952 psparser add_results: ((513, /b'EMC'),)
DEBUG 2025-03-27 19:42:40,952 psparser nextobject: (513, /b'EMC')
DEBUG 2025-03-27 19:42:40,952 pdfinterp exec: EMC
DEBUG 2025-03-27 19:42:40,952 psparser nexttoken: (517, /b'Q')
DEBUG 2025-03-27 19:42:40,952 psparser do_keyword: pos=517, token=/b'Q', stack=[]
DEBUG 2025-03-27 19:42:40,952 psparser add_results: ((517, /b'Q'),)
DEBUG 2025-03-27 19:42:40,952 psparser nextobject: (517, /b'Q')
DEBUG 2025-03-27 19:42:40,952 pdfinterp exec: Q
DEBUG 2025-03-27 19:42:40,952 psparser nexttoken: (519, /b'Q')
DEBUG 2025-03-27 19:42:40,952 psparser do_keyword: pos=519, token=/b'Q', stack=[]
DEBUG 2025-03-27 19:42:40,952 psparser add_results: ((519, /b'Q'),)
DEBUG 2025-03-27 19:42:40,952 psparser nextobject: (519, /b'Q')
DEBUG 2025-03-27 19:42:40,952 pdfinterp exec: Q
DEBUG 2025-03-27 19:42:40,952 psparser nexttoken: (521, /b'q')
DEBUG 2025-03-27 19:42:40,953 psparser do_keyword: pos=521, token=/b'q', stack=[]
DEBUG 2025-03-27 19:42:40,953 psparser add_results: ((521, /b'q'),)
DEBUG 2025-03-27 19:42:40,953 psparser nextobject: (521, /b'q')
DEBUG 2025-03-27 19:42:40,953 pdfinterp exec: q
DEBUG 2025-03-27 19:42:40,953 psparser nexttoken: (523, 1)
DEBUG 2025-03-27 19:42:40,953 psparser add_results: ((523, 1),)
DEBUG 2025-03-27 19:42:40,953 psparser nextobject: (523, 1)
DEBUG 2025-03-27 19:42:40,953 psparser nexttoken: (525, 0)
DEBUG 2025-03-27 19:42:40,953 psparser add_results: ((525, 0),)
DEBUG 2025-03-27 19:42:40,953 psparser nextobject: (525, 0)
DEBUG 2025-03-27 19:42:40,953 psparser nexttoken: (527, 0)
DEBUG 2025-03-27 19:42:40,953 psparser add_results: ((527, 0),)
DEBUG 2025-03-27 19:42:40,953 psparser nextobject: (527, 0)
DEBUG 2025-03-27 19:42:40,953 psparser nexttoken: (529, 1)
DEBUG 2025-03-27 19:42:40,954 psparser add_results: ((529, 1),)
DEBUG 2025-03-27 19:42:40,954 psparser nextobject: (529, 1)
DEBUG 2025-03-27 19:42:40,954 psparser nexttoken: (531, 223.56)
DEBUG 2025-03-27 19:42:40,954 psparser add_results: ((531, 223.56),)
DEBUG 2025-03-27 19:42:40,954 psparser nextobject: (531, 223.56)
DEBUG 2025-03-27 19:42:40,954 psparser nexttoken: (538, 0)
DEBUG 2025-03-27 19:42:40,954 psparser add_results: ((538, 0),)
DEBUG 2025-03-27 19:42:40,954 psparser nextobject: (538, 0)
DEBUG 2025-03-27 19:42:40,954 psparser nexttoken: (540, /b'cm')
DEBUG 2025-03-27 19:42:40,954 psparser do_keyword: pos=540, token=/b'cm', stack=[]
DEBUG 2025-03-27 19:42:40,954 psparser add_results: ((540, /b'cm'),)
DEBUG 2025-03-27 19:42:40,954 psparser nextobject: (540, /b'cm')
DEBUG 2025-03-27 19:42:40,954 pdfinterp exec: cm [1, 0, 0, 1, 223.56, 0]
DEBUG 2025-03-27 19:42:40,956 psparser nexttoken: (543, 0.098)
DEBUG 2025-03-27 19:42:40,956 psparser add_results: ((543, 0.098),)
DEBUG 2025-03-27 19:42:40,956 psparser nextobject: (543, 0.098)
DEBUG 2025-03-27 19:42:40,956 psparser nexttoken: (549, /b'g')
DEBUG 2025-03-27 19:42:40,956 psparser do_keyword: pos=549, token=/b'g', stack=[]
DEBUG 2025-03-27 19:42:40,956 psparser add_results: ((549, /b'g'),)
DEBUG 2025-03-27 19:42:40,957 psparser nextobject: (549, /b'g')
DEBUG 2025-03-27 19:42:40,957 pdfinterp exec: g [0.098]
DEBUG 2025-03-27 19:42:40,957 psparser nexttoken: (551, /'P')
DEBUG 2025-03-27 19:42:40,957 psparser add_results: ((551, /'P'),)
DEBUG 2025-03-27 19:42:40,957 psparser nextobject: (551, /'P')
DEBUG 2025-03-27 19:42:40,957 psparser nexttoken: (554, /b'<<')
DEBUG 2025-03-27 19:42:40,957 psparser start_type: pos=554, type='d'
DEBUG 2025-03-27 19:42:40,958 psparser nexttoken: (556, /'MCID')
DEBUG 2025-03-27 19:42:40,958 psparser nexttoken: (562, 0)
DEBUG 2025-03-27 19:42:40,958 psparser nexttoken: (563, /b'>>')
DEBUG 2025-03-27 19:42:40,958 psparser end_type: pos=554, type='d', objs=[/'MCID', 0]
DEBUG 2025-03-27 19:42:40,958 psparser add_results: ((554, {'MCID': 0}),)
DEBUG 2025-03-27 19:42:40,958 psparser nextobject: (554, {'MCID': 0})
DEBUG 2025-03-27 19:42:40,958 psparser nexttoken: (566, /b'BDC')
DEBUG 2025-03-27 19:42:40,959 psparser do_keyword: pos=566, token=/b'BDC', stack=[]
DEBUG 2025-03-27 19:42:40,959 psparser add_results: ((566, /b'BDC'),)
DEBUG 2025-03-27 19:42:40,959 psparser nextobject: (566, /b'BDC')
DEBUG 2025-03-27 19:42:40,959 pdfinterp exec: BDC [/'P', {'MCID': 0}]
DEBUG 2025-03-27 19:42:40,959 psparser nexttoken: (570, /b'BT')
DEBUG 2025-03-27 19:42:40,959 psparser do_keyword: pos=570, token=/b'BT', stack=[]
DEBUG 2025-03-27 19:42:40,959 psparser add_results: ((570, /b'BT'),)
DEBUG 2025-03-27 19:42:40,959 psparser nextobject: (570, /b'BT')
DEBUG 2025-03-27 19:42:40,959 pdfinterp exec: BT
DEBUG 2025-03-27 19:42:40,959 psparser nexttoken: (573, /'F15')
DEBUG 2025-03-27 19:42:40,959 psparser add_results: ((573, /'F15'),)
DEBUG 2025-03-27 19:42:40,959 psparser nextobject: (573, /'F15')
DEBUG 2025-03-27 19:42:40,959 psparser nexttoken: (578, 12)
DEBUG 2025-03-27 19:42:40,959 psparser add_results: ((578, 12),)
DEBUG 2025-03-27 19:42:40,959 psparser nextobject: (578, 12)
DEBUG 2025-03-27 19:42:40,960 psparser nexttoken: (581, /b'Tf')
DEBUG 2025-03-27 19:42:40,960 psparser do_keyword: pos=581, token=/b'Tf', stack=[]
DEBUG 2025-03-27 19:42:40,960 psparser add_results: ((581, /b'Tf'),)
DEBUG 2025-03-27 19:42:40,960 psparser nextobject: (581, /b'Tf')
DEBUG 2025-03-27 19:42:40,961 pdfinterp exec: Tf [/'F15', 12]
DEBUG 2025-03-27 19:42:40,961 psparser nexttoken: (584, 1)
DEBUG 2025-03-27 19:42:40,962 psparser add_results: ((584, 1),)
DEBUG 2025-03-27 19:42:40,962 psparser nextobject: (584, 1)
DEBUG 2025-03-27 19:42:40,962 psparser nexttoken: (586, 0)
DEBUG 2025-03-27 19:42:40,962 psparser add_results: ((586, 0),)
DEBUG 2025-03-27 19:42:40,962 psparser nextobject: (586, 0)
DEBUG 2025-03-27 19:42:40,962 psparser nexttoken: (588, 0)
DEBUG 2025-03-27 19:42:40,962 psparser add_results: ((588, 0),)
DEBUG 2025-03-27 19:42:40,962 psparser nextobject: (588, 0)
DEBUG 2025-03-27 19:42:40,962 psparser nexttoken: (590, -1)
DEBUG 2025-03-27 19:42:40,962 psparser add_results: ((590, -1),)
DEBUG 2025-03-27 19:42:40,962 psparser nextobject: (590, -1)
DEBUG 2025-03-27 19:42:40,963 psparser nexttoken: (593, 0)
DEBUG 2025-03-27 19:42:40,963 psparser add_results: ((593, 0),)
DEBUG 2025-03-27 19:42:40,963 psparser nextobject: (593, 0)
DEBUG 2025-03-27 19:42:40,963 psparser nexttoken: (595, 12.11400032)
DEBUG 2025-03-27 19:42:40,963 psparser add_results: ((595, 12.11400032),)
DEBUG 2025-03-27 19:42:40,963 psparser nextobject: (595, 12.11400032)
DEBUG 2025-03-27 19:42:40,963 psparser nexttoken: (607, /b'Tm')
DEBUG 2025-03-27 19:42:40,963 psparser do_keyword: pos=607, token=/b'Tm', stack=[]
DEBUG 2025-03-27 19:42:40,963 psparser add_results: ((607, /b'Tm'),)
DEBUG 2025-03-27 19:42:40,963 psparser nextobject: (607, /b'Tm')
DEBUG 2025-03-27 19:42:40,963 pdfinterp exec: Tm [1, 0, 0, -1, 0, 12.11400032]
DEBUG 2025-03-27 19:42:40,963 psparser nexttoken: (610, /b'[')
DEBUG 2025-03-27 19:42:40,963 psparser start_type: pos=610, type='a'
DEBUG 2025-03-27 19:42:40,964 psparser nexttoken: (611, b'\x00\r\x00\x1f\x003\x00,\x00\x01\x003\x00\x13\x00/\x00\r\x00C\x00\x13\x003\x00D\x00D\x001\x00\x01\x00/\x00\t\x00/\x00D\x003\x00,\x00\x13\x00\x11\x00\x01\x00\x03\x00D\x00\x11\x00\x11\x00\t\x00>\x00\t\x00\x01\x00D\x00?\x00\x01\x00\t\x00A\x00>\x00,\x00A\x00\t\x00\t\x003\x00,\x00A\x00>')
DEBUG 2025-03-27 19:42:40,964 psparser nexttoken: (801, /b']')
DEBUG 2025-03-27 19:42:40,964 psparser end_type: pos=610, type='a', objs=[b'\x00\r\x00\x1f\x003\x00,\x00\x01\x003\x00\x13\x00/\x00\r\x00C\x00\x13\x003\x00D\x00D\x001\x00\x01\x00/\x00\t\x00/\x00D\x003\x00,\x00\x13\x00\x11\x00\x01\x00\x03\x00D\x00\x11\x00\x11\x00\t\x00>\x00\t\x00\x01\x00D\x00?\x00\x01\x00\t\x00A\x00>\x00,\x00A\x00\t\x00\t\x003\x00,\x00A\x00>']
DEBUG 2025-03-27 19:42:40,964 psparser add_results: ((610, [b'\x00\r\x00\x1f\x003\x00,\x00\x01\x003\x00\x13\x00/\x00\r\x00C\x00\x13\x003\x00D\x00D\x001\x00\x01\x00/\x00\t\x00/\x00D\x003\x00,\x00\x13\x00\x11\x00\x01\x00\x03\x00D\x00\x11\x00\x11\x00\t\x00>\x00\t\x00\x01\x00D\x00?\x00\x01\x00\t\x00A\x00>\x00,\x00A\x00\t\x00\t\x003\x00,\x00A\x00>']),)
DEBUG 2025-03-27 19:42:40,964 psparser nextobject: (610, [b'\x00\r\x00\x1f\x003\x00,\x00\x01\x003\x00\x13\x00/\x00\r\x00C\x00\x13\x003\x00D\x00D\x001\x00\x01\x00/\x00\t\x00/\x00D\x003\x00,\x00\x13\x00\x11\x00\x01\x00\x03\x00D\x00\x11\x00\x11\x00\t\x00>\x00\t\x00\x01\x00D\x00?\x00\x01\x00\t\x00A\x00>\x00,\x00A\x00\t\x00\t\x003\x00,\x00A\x00>'])
DEBUG 2025-03-27 19:42:40,964 psparser nexttoken: (803, /b'TJ')
DEBUG 2025-03-27 19:42:40,965 psparser do_keyword: pos=803, token=/b'TJ', stack=[]
DEBUG 2025-03-27 19:42:40,965 psparser add_results: ((803, /b'TJ'),)
DEBUG 2025-03-27 19:42:40,965 psparser nextobject: (803, /b'TJ')
DEBUG 2025-03-27 19:42:40,965 pdfinterp exec: TJ [[b'\x00\r\x00\x1f\x003\x00,\x00\x01\x003\x00\x13\x00/\x00\r\x00C\x00\x13\x003\x00D\x00D\x001\x00\x01\x00/\x00\t\x00/\x00D\x003\x00,\x00\x13\x00\x11\x00\x01\x00\x03\x00D\x00\x11\x00\x11\x00\t\x00>\x00\t\x00\x01\x00D\x00?\x00\x01\x00\t\x00A\x00>\x00,\x00A\x00\t\x00\t\x003\x00,\x00A\x00>']]
DEBUG 2025-03-27 19:42:40,965 cmapdb get_unichr: <UnicodeMap: /'Adobe-Identity-UCS'>, 13
DEBUG 2025-03-27 19:42:40,965 cmapdb get_unichr: <UnicodeMap: /'Adobe-Identity-UCS'>, 31
DEBUG 2025-03-27 19:42:40,965 cmapdb get_unichr: <UnicodeMap: /'Adobe-Identity-UCS'>, 51
DEBUG 2025-03-27 19:42:40,965 cmapdb get_unichr: <UnicodeMap: /'Adobe-Identity-UCS'>, 44
DEBUG 2025-03-27 19:42:40,965 cmapdb get_unichr: <UnicodeMap: /'Adobe-Identity-UCS'>, 1
DEBUG 2025-03-27 19:42:40,966 cmapdb get_unichr: <UnicodeMap: /'Adobe-Identity-UCS'>, 51
DEBUG 2025-03-27 19:42:40,966 cmapdb get_unichr: <UnicodeMap: /'Adobe-Identity-UCS'>, 19
DEBUG 2025-03-27 19:42:40,966 cmapdb get_unichr: <UnicodeMap: /'Adobe-Identity-UCS'>, 47
DEBUG 2025-03-27 19:42:40,966 cmapdb get_unichr: <UnicodeMap: /'Adobe-Identity-UCS'>, 13
DEBUG 2025-03-27 19:42:40,966 cmapdb get_unichr: <UnicodeMap: /'Adobe-Identity-UCS'>, 67
DEBUG 2025-03-27 19:42:40,966 cmapdb get_unichr: <UnicodeMap: /'Adobe-Identity-UCS'>, 19
DEBUG 2025-03-27 19:42:40,967 cmapdb get_unichr: <UnicodeMap: /'Adobe-Identity-UCS'>, 51
DEBUG 2025-03-27 19:42:40,967 cmapdb get_unichr: <UnicodeMap: /'Adobe-Identity-UCS'>, 68
DEBUG 2025-03-27 19:42:40,967 cmapdb get_unichr: <UnicodeMap: /'Adobe-Identity-UCS'>, 68
DEBUG 2025-03-27 19:42:40,967 cmapdb get_unichr: <UnicodeMap: /'Adobe-Identity-UCS'>, 49
DEBUG 2025-03-27 19:42:40,967 cmapdb get_unichr: <UnicodeMap: /'Adobe-Identity-UCS'>, 1
DEBUG 2025-03-27 19:42:40,967 cmapdb get_unichr: <UnicodeMap: /'Adobe-Identity-UCS'>, 47
DEBUG 2025-03-27 19:42:40,967 cmapdb get_unichr: <UnicodeMap: /'Adobe-Identity-UCS'>, 9
DEBUG 2025-03-27 19:42:40,967 cmapdb get_unichr: <UnicodeMap: /'Adobe-Identity-UCS'>, 47
DEBUG 2025-03-27 19:42:40,967 cmapdb get_unichr: <UnicodeMap: /'Adobe-Identity-UCS'>, 68
DEBUG 2025-03-27 19:42:40,968 cmapdb get_unichr: <UnicodeMap: /'Adobe-Identity-UCS'>, 51
DEBUG 2025-03-27 19:42:40,968 cmapdb get_unichr: <UnicodeMap: /'Adobe-Identity-UCS'>, 44
DEBUG 2025-03-27 19:42:40,968 cmapdb get_unichr: <UnicodeMap: /'Adobe-Identity-UCS'>, 19
DEBUG 2025-03-27 19:42:40,968 cmapdb get_unichr: <UnicodeMap: /'Adobe-Identity-UCS'>, 17
DEBUG 2025-03-27 19:42:40,968 cmapdb get_unichr: <UnicodeMap: /'Adobe-Identity-UCS'>, 1
DEBUG 2025-03-27 19:42:40,968 cmapdb get_unichr: <UnicodeMap: /'Adobe-Identity-UCS'>, 3
DEBUG 2025-03-27 19:42:40,968 cmapdb get_unichr: <UnicodeMap: /'Adobe-Identity-UCS'>, 68
DEBUG 2025-03-27 19:42:40,968 cmapdb get_unichr: <UnicodeMap: /'Adobe-Identity-UCS'>, 17
DEBUG 2025-03-27 19:42:40,968 cmapdb get_unichr: <UnicodeMap: /'Adobe-Identity-UCS'>, 17
DEBUG 2025-03-27 19:42:40,968 cmapdb get_unichr: <UnicodeMap: /'Adobe-Identity-UCS'>, 9
DEBUG 2025-03-27 19:42:40,969 cmapdb get_unichr: <UnicodeMap: /'Adobe-Identity-UCS'>, 62
DEBUG 2025-03-27 19:42:40,969 cmapdb get_unichr: <UnicodeMap: /'Adobe-Identity-UCS'>, 9
DEBUG 2025-03-27 19:42:40,969 cmapdb get_unichr: <UnicodeMap: /'Adobe-Identity-UCS'>, 1
DEBUG 2025-03-27 19:42:40,969 cmapdb get_unichr: <UnicodeMap: /'Adobe-Identity-UCS'>, 68
DEBUG 2025-03-27 19:42:40,969 cmapdb get_unichr: <UnicodeMap: /'Adobe-Identity-UCS'>, 63
DEBUG 2025-03-27 19:42:40,969 cmapdb get_unichr: <UnicodeMap: /'Adobe-Identity-UCS'>, 1
DEBUG 2025-03-27 19:42:40,969 cmapdb get_unichr: <UnicodeMap: /'Adobe-Identity-UCS'>, 9
DEBUG 2025-03-27 19:42:40,969 cmapdb get_unichr: <UnicodeMap: /'Adobe-Identity-UCS'>, 65
DEBUG 2025-03-27 19:42:40,969 cmapdb get_unichr: <UnicodeMap: /'Adobe-Identity-UCS'>, 62
DEBUG 2025-03-27 19:42:40,969 cmapdb get_unichr: <UnicodeMap: /'Adobe-Identity-UCS'>, 44
DEBUG 2025-03-27 19:42:40,969 cmapdb get_unichr: <UnicodeMap: /'Adobe-Identity-UCS'>, 65
DEBUG 2025-03-27 19:42:40,969 cmapdb get_unichr: <UnicodeMap: /'Adobe-Identity-UCS'>, 9
DEBUG 2025-03-27 19:42:40,969 cmapdb get_unichr: <UnicodeMap: /'Adobe-Identity-UCS'>, 9
DEBUG 2025-03-27 19:42:40,969 cmapdb get_unichr: <UnicodeMap: /'Adobe-Identity-UCS'>, 51
DEBUG 2025-03-27 19:42:40,970 cmapdb get_unichr: <UnicodeMap: /'Adobe-Identity-UCS'>, 44
DEBUG 2025-03-27 19:42:40,970 cmapdb get_unichr: <UnicodeMap: /'Adobe-Identity-UCS'>, 65
DEBUG 2025-03-27 19:42:40,970 cmapdb get_unichr: <UnicodeMap: /'Adobe-Identity-UCS'>, 62
DEBUG 2025-03-27 19:42:40,970 psparser nexttoken: (806, /b'ET')
DEBUG 2025-03-27 19:42:40,970 psparser do_keyword: pos=806, token=/b'ET', stack=[]
DEBUG 2025-03-27 19:42:40,970 psparser add_results: ((806, /b'ET'),)
DEBUG 2025-03-27 19:42:40,970 psparser nextobject: (806, /b'ET')
DEBUG 2025-03-27 19:42:40,970 pdfinterp exec: ET
DEBUG 2025-03-27 19:42:40,971 psparser nexttoken: (809, /b'EMC')
DEBUG 2025-03-27 19:42:40,971 psparser do_keyword: pos=809, token=/b'EMC', stack=[]
DEBUG 2025-03-27 19:42:40,971 psparser add_results: ((809, /b'EMC'),)
DEBUG 2025-03-27 19:42:40,971 psparser nextobject: (809, /b'EMC')
DEBUG 2025-03-27 19:42:40,971 pdfinterp exec: EMC
DEBUG 2025-03-27 19:42:40,971 psparser nexttoken: (813, /'P')
DEBUG 2025-03-27 19:42:40,971 psparser add_results: ((813, /'P'),)
DEBUG 2025-03-27 19:42:40,971 psparser nextobject: (813, /'P')
DEBUG 2025-03-27 19:42:40,971 psparser nexttoken: (816, /b'<<')
DEBUG 2025-03-27 19:42:40,971 psparser start_type: pos=816, type='d'
DEBUG 2025-03-27 19:42:40,971 psparser nexttoken: (818, /'MCID')
DEBUG 2025-03-27 19:42:40,971 psparser nexttoken: (824, 1)
DEBUG 2025-03-27 19:42:40,971 psparser nexttoken: (825, /b'>>')
DEBUG 2025-03-27 19:42:40,971 psparser end_type: pos=816, type='d', objs=[/'MCID', 1]
DEBUG 2025-03-27 19:42:40,971 psparser add_results: ((816, {'MCID': 1}),)
DEBUG 2025-03-27 19:42:40,971 psparser nextobject: (816, {'MCID': 1})
DEBUG 2025-03-27 19:42:40,971 psparser nexttoken: (828, /b'BDC')
DEBUG 2025-03-27 19:42:40,972 psparser do_keyword: pos=828, token=/b'BDC', stack=[]
DEBUG 2025-03-27 19:42:40,972 psparser add_results: ((828, /b'BDC'),)
DEBUG 2025-03-27 19:42:40,972 psparser nextobject: (828, /b'BDC')
DEBUG 2025-03-27 19:42:40,972 pdfinterp exec: BDC [/'P', {'MCID': 1}]
DEBUG 2025-03-27 19:42:40,973 psparser nexttoken: (832, /b'BT')
DEBUG 2025-03-27 19:42:40,973 psparser do_keyword: pos=832, token=/b'BT', stack=[]
DEBUG 2025-03-27 19:42:40,973 psparser add_results: ((832, /b'BT'),)
DEBUG 2025-03-27 19:42:40,973 psparser nextobject: (832, /b'BT')
DEBUG 2025-03-27 19:42:40,973 pdfinterp exec: BT
DEBUG 2025-03-27 19:42:40,973 psparser nexttoken: (835, /'F15')
DEBUG 2025-03-27 19:42:40,973 psparser add_results: ((835, /'F15'),)
DEBUG 2025-03-27 19:42:40,974 psparser nextobject: (835, /'F15')
DEBUG 2025-03-27 19:42:40,974 psparser nexttoken: (840, 12)
DEBUG 2025-03-27 19:42:40,975 psparser add_results: ((840, 12),)
DEBUG 2025-03-27 19:42:40,975 psparser nextobject: (840, 12)
DEBUG 2025-03-27 19:42:40,975 psparser nexttoken: (843, /b'Tf')
DEBUG 2025-03-27 19:42:40,975 psparser do_keyword: pos=843, token=/b'Tf', stack=[]
DEBUG 2025-03-27 19:42:40,975 psparser add_results: ((843, /b'Tf'),)
DEBUG 2025-03-27 19:42:40,975 psparser nextobject: (843, /b'Tf')
DEBUG 2025-03-27 19:42:40,975 pdfinterp exec: Tf [/'F15', 12]
DEBUG 2025-03-27 19:42:40,975 psparser nexttoken: (846, 1)
DEBUG 2025-03-27 19:42:40,975 psparser add_results: ((846, 1),)
DEBUG 2025-03-27 19:42:40,975 psparser nextobject: (846, 1)
DEBUG 2025-03-27 19:42:40,975 psparser nexttoken: (848, 0)
DEBUG 2025-03-27 19:42:40,975 psparser add_results: ((848, 0),)
DEBUG 2025-03-27 19:42:40,976 psparser nextobject: (848, 0)
DEBUG 2025-03-27 19:42:40,976 psparser nexttoken: (850, 0)
DEBUG 2025-03-27 19:42:40,976 psparser add_results: ((850, 0),)
DEBUG 2025-03-27 19:42:40,976 psparser nextobject: (850, 0)
DEBUG 2025-03-27 19:42:40,976 psparser nexttoken: (852, -1)
DEBUG 2025-03-27 19:42:40,976 psparser add_results: ((852, -1),)
DEBUG 2025-03-27 19:42:40,976 psparser nextobject: (852, -1)
DEBUG 2025-03-27 19:42:40,976 psparser nexttoken: (855, 0)
DEBUG 2025-03-27 19:42:40,976 psparser add_results: ((855, 0),)
DEBUG 2025-03-27 19:42:40,976 psparser nextobject: (855, 0)
DEBUG 2025-03-27 19:42:40,976 psparser nexttoken: (857, 30.11400032)
DEBUG 2025-03-27 19:42:40,977 psparser add_results: ((857, 30.11400032),)
DEBUG 2025-03-27 19:42:40,977 psparser nextobject: (857, 30.11400032)
DEBUG 2025-03-27 19:42:40,977 psparser nexttoken: (869, /b'Tm')
DEBUG 2025-03-27 19:42:40,978 psparser do_keyword: pos=869, token=/b'Tm', stack=[]
DEBUG 2025-03-27 19:42:40,978 psparser add_results: ((869, /b'Tm'),)
DEBUG 2025-03-27 19:42:40,978 psparser nextobject: (869, /b'Tm')
DEBUG 2025-03-27 19:42:40,979 pdfinterp exec: Tm [1, 0, 0, -1, 0, 30.11400032]
DEBUG 2025-03-27 19:42:40,979 psparser nexttoken: (872, /b'[')
DEBUG 2025-03-27 19:42:40,979 psparser start_type: pos=872, type='a'
DEBUG 2025-03-27 19:42:40,979 psparser nexttoken: (873, b'\x00\x13\x00A\x00\x12\x00\x01\x00/\x00\x13\x00A\x00\x13\x00>\x00\t\x00/\x00\t\x00A\x00-\x00\x0c\x00\x01\x00\x11\x004\x00\x03\x002\x00A\x00D\x00C')
DEBUG 2025-03-27 19:42:40,979 psparser nexttoken: (967, /b']')
DEBUG 2025-03-27 19:42:40,979 psparser end_type: pos=872, type='a', objs=[b'\x00\x13\x00A\x00\x12\x00\x01\x00/\x00\x13\x00A\x00\x13\x00>\x00\t\x00/\x00\t\x00A\x00-\x00\x0c\x00\x01\x00\x11\x004\x00\x03\x002\x00A\x00D\x00C']
DEBUG 2025-03-27 19:42:40,979 psparser add_results: ((872, [b'\x00\x13\x00A\x00\x12\x00\x01\x00/\x00\x13\x00A\x00\x13\x00>\x00\t\x00/\x00\t\x00A\x00-\x00\x0c\x00\x01\x00\x11\x004\x00\x03\x002\x00A\x00D\x00C']),)
DEBUG 2025-03-27 19:42:40,979 psparser nextobject: (872, [b'\x00\x13\x00A\x00\x12\x00\x01\x00/\x00\x13\x00A\x00\x13\x00>\x00\t\x00/\x00\t\x00A\x00-\x00\x0c\x00\x01\x00\x11\x004\x00\x03\x002\x00A\x00D\x00C'])
DEBUG 2025-03-27 19:42:40,979 psparser nexttoken: (969, /b'TJ')
DEBUG 2025-03-27 19:42:40,979 psparser do_keyword: pos=969, token=/b'TJ', stack=[]
DEBUG 2025-03-27 19:42:40,979 psparser add_results: ((969, /b'TJ'),)
DEBUG 2025-03-27 19:42:40,979 psparser nextobject: (969, /b'TJ')
DEBUG 2025-03-27 19:42:40,979 pdfinterp exec: TJ [[b'\x00\x13\x00A\x00\x12\x00\x01\x00/\x00\x13\x00A\x00\x13\x00>\x00\t\x00/\x00\t\x00A\x00-\x00\x0c\x00\x01\x00\x11\x004\x00\x03\x002\x00A\x00D\x00C']]
DEBUG 2025-03-27 19:42:40,980 cmapdb get_unichr: <UnicodeMap: /'Adobe-Identity-UCS'>, 19
DEBUG 2025-03-27 19:42:40,980 cmapdb get_unichr: <UnicodeMap: /'Adobe-Identity-UCS'>, 65
DEBUG 2025-03-27 19:42:40,980 cmapdb get_unichr: <UnicodeMap: /'Adobe-Identity-UCS'>, 18
DEBUG 2025-03-27 19:42:40,980 cmapdb get_unichr: <UnicodeMap: /'Adobe-Identity-UCS'>, 1
DEBUG 2025-03-27 19:42:40,980 cmapdb get_unichr: <UnicodeMap: /'Adobe-Identity-UCS'>, 47
DEBUG 2025-03-27 19:42:40,980 cmapdb get_unichr: <UnicodeMap: /'Adobe-Identity-UCS'>, 19
DEBUG 2025-03-27 19:42:40,980 cmapdb get_unichr: <UnicodeMap: /'Adobe-Identity-UCS'>, 65
DEBUG 2025-03-27 19:42:40,980 cmapdb get_unichr: <UnicodeMap: /'Adobe-Identity-UCS'>, 19
DEBUG 2025-03-27 19:42:40,980 cmapdb get_unichr: <UnicodeMap: /'Adobe-Identity-UCS'>, 62
DEBUG 2025-03-27 19:42:40,981 cmapdb get_unichr: <UnicodeMap: /'Adobe-Identity-UCS'>, 9
DEBUG 2025-03-27 19:42:40,981 cmapdb get_unichr: <UnicodeMap: /'Adobe-Identity-UCS'>, 47
DEBUG 2025-03-27 19:42:40,981 cmapdb get_unichr: <UnicodeMap: /'Adobe-Identity-UCS'>, 9
DEBUG 2025-03-27 19:42:40,981 cmapdb get_unichr: <UnicodeMap: /'Adobe-Identity-UCS'>, 65
DEBUG 2025-03-27 19:42:40,981 cmapdb get_unichr: <UnicodeMap: /'Adobe-Identity-UCS'>, 45
DEBUG 2025-03-27 19:42:40,981 cmapdb get_unichr: <UnicodeMap: /'Adobe-Identity-UCS'>, 12
DEBUG 2025-03-27 19:42:40,981 cmapdb get_unichr: <UnicodeMap: /'Adobe-Identity-UCS'>, 1
DEBUG 2025-03-27 19:42:40,981 cmapdb get_unichr: <UnicodeMap: /'Adobe-Identity-UCS'>, 17
DEBUG 2025-03-27 19:42:40,981 cmapdb get_unichr: <UnicodeMap: /'Adobe-Identity-UCS'>, 52
DEBUG 2025-03-27 19:42:40,981 cmapdb get_unichr: <UnicodeMap: /'Adobe-Identity-UCS'>, 3
DEBUG 2025-03-27 19:42:40,982 cmapdb get_unichr: <UnicodeMap: /'Adobe-Identity-UCS'>, 50
DEBUG 2025-03-27 19:42:40,982 cmapdb get_unichr: <UnicodeMap: /'Adobe-Identity-UCS'>, 65
DEBUG 2025-03-27 19:42:40,982 cmapdb get_unichr: <UnicodeMap: /'Adobe-Identity-UCS'>, 68
DEBUG 2025-03-27 19:42:40,982 cmapdb get_unichr: <UnicodeMap: /'Adobe-Identity-UCS'>, 67
DEBUG 2025-03-27 19:42:40,982 psparser nexttoken: (972, /b'ET')
DEBUG 2025-03-27 19:42:40,982 psparser do_keyword: pos=972, token=/b'ET', stack=[]
DEBUG 2025-03-27 19:42:40,982 psparser add_results: ((972, /b'ET'),)
DEBUG 2025-03-27 19:42:40,982 psparser nextobject: (972, /b'ET')
DEBUG 2025-03-27 19:42:40,982 pdfinterp exec: ET
DEBUG 2025-03-27 19:42:40,982 psparser nexttoken: (975, /b'EMC')
DEBUG 2025-03-27 19:42:40,982 psparser do_keyword: pos=975, token=/b'EMC', stack=[]
DEBUG 2025-03-27 19:42:40,982 psparser add_results: ((975, /b'EMC'),)
DEBUG 2025-03-27 19:42:40,982 psparser nextobject: (975, /b'EMC')
DEBUG 2025-03-27 19:42:40,982 pdfinterp exec: EMC
DEBUG 2025-03-27 19:42:40,982 psparser nexttoken: (979, /'P')
DEBUG 2025-03-27 19:42:40,982 psparser add_results: ((979, /'P'),)
DEBUG 2025-03-27 19:42:40,982 psparser nextobject: (979, /'P')
DEBUG 2025-03-27 19:42:40,982 psparser nexttoken: (982, /b'<<')
DEBUG 2025-03-27 19:42:40,982 psparser start_type: pos=982, type='d'
DEBUG 2025-03-27 19:42:40,982 psparser nexttoken: (984, /'MCID')
DEBUG 2025-03-27 19:42:40,982 psparser nexttoken: (990, 2)
DEBUG 2025-03-27 19:42:40,982 psparser nexttoken: (991, /b'>>')
DEBUG 2025-03-27 19:42:40,983 psparser end_type: pos=982, type='d', objs=[/'MCID', 2]
DEBUG 2025-03-27 19:42:40,983 psparser add_results: ((982, {'MCID': 2}),)
DEBUG 2025-03-27 19:42:40,983 psparser nextobject: (982, {'MCID': 2})
DEBUG 2025-03-27 19:42:40,983 psparser nexttoken: (994, /b'BDC')
DEBUG 2025-03-27 19:42:40,983 psparser do_keyword: pos=994, token=/b'BDC', stack=[]
DEBUG 2025-03-27 19:42:40,983 psparser add_results: ((994, /b'BDC'),)
DEBUG 2025-03-27 19:42:40,983 psparser nextobject: (994, /b'BDC')
DEBUG 2025-03-27 19:42:40,983 pdfinterp exec: BDC [/'P', {'MCID': 2}]
DEBUG 2025-03-27 19:42:40,983 psparser nexttoken: (998, /b'BT')
DEBUG 2025-03-27 19:42:40,983 psparser do_keyword: pos=998, token=/b'BT', stack=[]
DEBUG 2025-03-27 19:42:40,983 psparser add_results: ((998, /b'BT'),)
DEBUG 2025-03-27 19:42:40,983 psparser nextobject: (998, /b'BT')
DEBUG 2025-03-27 19:42:40,983 pdfinterp exec: BT
DEBUG 2025-03-27 19:42:40,983 psparser nexttoken: (1001, /'F15')
DEBUG 2025-03-27 19:42:40,983 psparser add_results: ((1001, /'F15'),)
DEBUG 2025-03-27 19:42:40,983 psparser nextobject: (1001, /'F15')
DEBUG 2025-03-27 19:42:40,983 psparser nexttoken: (1006, 10.5)
DEBUG 2025-03-27 19:42:40,983 psparser add_results: ((1006, 10.5),)
DEBUG 2025-03-27 19:42:40,983 psparser nextobject: (1006, 10.5)
DEBUG 2025-03-27 19:42:40,983 psparser nexttoken: (1011, /b'Tf')
DEBUG 2025-03-27 19:42:40,984 psparser do_keyword: pos=1011, token=/b'Tf', stack=[]
DEBUG 2025-03-27 19:42:40,984 psparser add_results: ((1011, /b'Tf'),)
DEBUG 2025-03-27 19:42:40,984 psparser nextobject: (1011, /b'Tf')
DEBUG 2025-03-27 19:42:40,984 pdfinterp exec: Tf [/'F15', 10.5]
DEBUG 2025-03-27 19:42:40,984 psparser nexttoken: (1014, 1)
DEBUG 2025-03-27 19:42:40,984 psparser add_results: ((1014, 1),)
DEBUG 2025-03-27 19:42:40,984 psparser nextobject: (1014, 1)
DEBUG 2025-03-27 19:42:40,984 psparser nexttoken: (1016, 0)
DEBUG 2025-03-27 19:42:40,984 psparser add_results: ((1016, 0),)
DEBUG 2025-03-27 19:42:40,984 psparser nextobject: (1016, 0)
DEBUG 2025-03-27 19:42:40,984 psparser nexttoken: (1018, 0)
DEBUG 2025-03-27 19:42:40,984 psparser add_results: ((1018, 0),)
DEBUG 2025-03-27 19:42:40,984 psparser nextobject: (1018, 0)
DEBUG 2025-03-27 19:42:40,984 psparser nexttoken: (1020, -1)
DEBUG 2025-03-27 19:42:40,984 psparser add_results: ((1020, -1),)
DEBUG 2025-03-27 19:42:40,984 psparser nextobject: (1020, -1)
DEBUG 2025-03-27 19:42:40,984 psparser nexttoken: (1023, 0)
DEBUG 2025-03-27 19:42:40,984 psparser add_results: ((1023, 0),)
DEBUG 2025-03-27 19:42:40,984 psparser nextobject: (1023, 0)
DEBUG 2025-03-27 19:42:40,984 psparser nexttoken: (1025, 47.72499847)
DEBUG 2025-03-27 19:42:40,984 psparser add_results: ((1025, 47.72499847),)
DEBUG 2025-03-27 19:42:40,984 psparser nextobject: (1025, 47.72499847)
DEBUG 2025-03-27 19:42:40,984 psparser nexttoken: (1037, /b'Tm')
DEBUG 2025-03-27 19:42:40,985 psparser do_keyword: pos=1037, token=/b'Tm', stack=[]
DEBUG 2025-03-27 19:42:40,985 psparser add_results: ((1037, /b'Tm'),)
DEBUG 2025-03-27 19:42:40,985 psparser nextobject: (1037, /b'Tm')
DEBUG 2025-03-27 19:42:40,985 pdfinterp exec: Tm [1, 0, 0, -1, 0, 47.72499847]
DEBUG 2025-03-27 19:42:40,985 psparser nexttoken: (1040, /b'[')
DEBUG 2025-03-27 19:42:40,985 psparser start_type: pos=1040, type='a'
DEBUG 2025-03-27 19:42:40,985 psparser nexttoken: (1041, b'\x008\x00\x07\x00\x08\x00%\x00\x0e\x00\x14\x00\x04\x00\x0f\x00E\x00#\x00\x01\x00"\x00\x0e\x00&\x00\x0f\x00\x0e\x00\x0e\x00\x0c\x00B\x00\x03\x00\x04\x00 \x00.\x00\x16\x00\x06\x00\x0e\x00\x0f\x00\x01\x00\r\x00\x08\x00$\x00\x0e\x00\x05\x00\x08\x00\x0e')
DEBUG 2025-03-27 19:42:40,986 psparser nexttoken: (1183, /b']')
DEBUG 2025-03-27 19:42:40,986 psparser end_type: pos=1040, type='a', objs=[b'\x008\x00\x07\x00\x08\x00%\x00\x0e\x00\x14\x00\x04\x00\x0f\x00E\x00#\x00\x01\x00"\x00\x0e\x00&\x00\x0f\x00\x0e\x00\x0e\x00\x0c\x00B\x00\x03\x00\x04\x00 \x00.\x00\x16\x00\x06\x00\x0e\x00\x0f\x00\x01\x00\r\x00\x08\x00$\x00\x0e\x00\x05\x00\x08\x00\x0e']
DEBUG 2025-03-27 19:42:40,986 psparser add_results: ((1040, [b'\x008\x00\x07\x00\x08\x00%\x00\x0e\x00\x14\x00\x04\x00\x0f\x00E\x00#\x00\x01\x00"\x00\x0e\x00&\x00\x0f\x00\x0e\x00\x0e\x00\x0c\x00B\x00\x03\x00\x04\x00 \x00.\x00\x16\x00\x06\x00\x0e\x00\x0f\x00\x01\x00\r\x00\x08\x00$\x00\x0e\x00\x05\x00\x08\x00\x0e']),)
DEBUG 2025-03-27 19:42:40,986 psparser nextobject: (1040, [b'\x008\x00\x07\x00\x08\x00%\x00\x0e\x00\x14\x00\x04\x00\x0f\x00E\x00#\x00\x01\x00"\x00\x0e\x00&\x00\x0f\x00\x0e\x00\x0e\x00\x0c\x00B\x00\x03\x00\x04\x00 \x00.\x00\x16\x00\x06\x00\x0e\x00\x0f\x00\x01\x00\r\x00\x08\x00$\x00\x0e\x00\x05\x00\x08\x00\x0e'])
DEBUG 2025-03-27 19:42:40,986 psparser nexttoken: (1185, /b'TJ')
DEBUG 2025-03-27 19:42:40,986 psparser do_keyword: pos=1185, token=/b'TJ', stack=[]
DEBUG 2025-03-27 19:42:40,986 psparser add_results: ((1185, /b'TJ'),)
DEBUG 2025-03-27 19:42:40,986 psparser nextobject: (1185, /b'TJ')
DEBUG 2025-03-27 19:42:40,987 pdfinterp exec: TJ [[b'\x008\x00\x07\x00\x08\x00%\x00\x0e\x00\x14\x00\x04\x00\x0f\x00E\x00#\x00\x01\x00"\x00\x0e\x00&\x00\x0f\x00\x0e\x00\x0e\x00\x0c\x00B\x00\x03\x00\x04\x00 \x00.\x00\x16\x00\x06\x00\x0e\x00\x0f\x00\x01\x00\r\x00\x08\x00$\x00\x0e\x00\x05\x00\x08\x00\x0e']]
DEBUG 2025-03-27 19:42:40,987 cmapdb get_unichr: <UnicodeMap: /'Adobe-Identity-UCS'>, 56
DEBUG 2025-03-27 19:42:40,987 cmapdb get_unichr: <UnicodeMap: /'Adobe-Identity-UCS'>, 7
DEBUG 2025-03-27 19:42:40,987 cmapdb get_unichr: <UnicodeMap: /'Adobe-Identity-UCS'>, 8
DEBUG 2025-03-27 19:42:40,987 cmapdb get_unichr: <UnicodeMap: /'Adobe-Identity-UCS'>, 37
DEBUG 2025-03-27 19:42:40,987 cmapdb get_unichr: <UnicodeMap: /'Adobe-Identity-UCS'>, 14
DEBUG 2025-03-27 19:42:40,987 cmapdb get_unichr: <UnicodeMap: /'Adobe-Identity-UCS'>, 20
DEBUG 2025-03-27 19:42:40,987 cmapdb get_unichr: <UnicodeMap: /'Adobe-Identity-UCS'>, 4
DEBUG 2025-03-27 19:42:40,988 cmapdb get_unichr: <UnicodeMap: /'Adobe-Identity-UCS'>, 15
DEBUG 2025-03-27 19:42:40,988 cmapdb get_unichr: <UnicodeMap: /'Adobe-Identity-UCS'>, 69
DEBUG 2025-03-27 19:42:40,988 cmapdb get_unichr: <UnicodeMap: /'Adobe-Identity-UCS'>, 35
DEBUG 2025-03-27 19:42:40,988 cmapdb get_unichr: <UnicodeMap: /'Adobe-Identity-UCS'>, 1
DEBUG 2025-03-27 19:42:40,988 cmapdb get_unichr: <UnicodeMap: /'Adobe-Identity-UCS'>, 34
DEBUG 2025-03-27 19:42:40,988 cmapdb get_unichr: <UnicodeMap: /'Adobe-Identity-UCS'>, 14
DEBUG 2025-03-27 19:42:40,989 cmapdb get_unichr: <UnicodeMap: /'Adobe-Identity-UCS'>, 38
DEBUG 2025-03-27 19:42:40,989 cmapdb get_unichr: <UnicodeMap: /'Adobe-Identity-UCS'>, 15
DEBUG 2025-03-27 19:42:40,989 cmapdb get_unichr: <UnicodeMap: /'Adobe-Identity-UCS'>, 14
DEBUG 2025-03-27 19:42:40,989 cmapdb get_unichr: <UnicodeMap: /'Adobe-Identity-UCS'>, 14
DEBUG 2025-03-27 19:42:40,989 cmapdb get_unichr: <UnicodeMap: /'Adobe-Identity-UCS'>, 12
DEBUG 2025-03-27 19:42:40,990 cmapdb get_unichr: <UnicodeMap: /'Adobe-Identity-UCS'>, 66
DEBUG 2025-03-27 19:42:40,990 cmapdb get_unichr: <UnicodeMap: /'Adobe-Identity-UCS'>, 3
DEBUG 2025-03-27 19:42:40,990 cmapdb get_unichr: <UnicodeMap: /'Adobe-Identity-UCS'>, 4
DEBUG 2025-03-27 19:42:40,991 cmapdb get_unichr: <UnicodeMap: /'Adobe-Identity-UCS'>, 32
DEBUG 2025-03-27 19:42:40,991 cmapdb get_unichr: <UnicodeMap: /'Adobe-Identity-UCS'>, 46
DEBUG 2025-03-27 19:42:40,991 cmapdb get_unichr: <UnicodeMap: /'Adobe-Identity-UCS'>, 22
DEBUG 2025-03-27 19:42:40,991 cmapdb get_unichr: <UnicodeMap: /'Adobe-Identity-UCS'>, 6
DEBUG 2025-03-27 19:42:40,991 cmapdb get_unichr: <UnicodeMap: /'Adobe-Identity-UCS'>, 14
DEBUG 2025-03-27 19:42:40,991 cmapdb get_unichr: <UnicodeMap: /'Adobe-Identity-UCS'>, 15
DEBUG 2025-03-27 19:42:40,991 cmapdb get_unichr: <UnicodeMap: /'Adobe-Identity-UCS'>, 1
DEBUG 2025-03-27 19:42:40,992 cmapdb get_unichr: <UnicodeMap: /'Adobe-Identity-UCS'>, 13
DEBUG 2025-03-27 19:42:40,992 cmapdb get_unichr: <UnicodeMap: /'Adobe-Identity-UCS'>, 8
DEBUG 2025-03-27 19:42:40,992 cmapdb get_unichr: <UnicodeMap: /'Adobe-Identity-UCS'>, 36
DEBUG 2025-03-27 19:42:40,992 cmapdb get_unichr: <UnicodeMap: /'Adobe-Identity-UCS'>, 14
DEBUG 2025-03-27 19:42:40,992 cmapdb get_unichr: <UnicodeMap: /'Adobe-Identity-UCS'>, 5
DEBUG 2025-03-27 19:42:40,993 cmapdb get_unichr: <UnicodeMap: /'Adobe-Identity-UCS'>, 8
DEBUG 2025-03-27 19:42:40,993 cmapdb get_unichr: <UnicodeMap: /'Adobe-Identity-UCS'>, 14
DEBUG 2025-03-27 19:42:40,993 psparser nexttoken: (1188, /b'ET')
DEBUG 2025-03-27 19:42:40,993 psparser do_keyword: pos=1188, token=/b'ET', stack=[]
DEBUG 2025-03-27 19:42:40,993 psparser add_results: ((1188, /b'ET'),)
DEBUG 2025-03-27 19:42:40,993 psparser nextobject: (1188, /b'ET')
DEBUG 2025-03-27 19:42:40,994 pdfinterp exec: ET
DEBUG 2025-03-27 19:42:40,994 psparser nexttoken: (1191, /b'EMC')
DEBUG 2025-03-27 19:42:40,994 psparser do_keyword: pos=1191, token=/b'EMC', stack=[]
DEBUG 2025-03-27 19:42:40,995 psparser add_results: ((1191, /b'EMC'),)
DEBUG 2025-03-27 19:42:40,995 psparser nextobject: (1191, /b'EMC')
DEBUG 2025-03-27 19:42:40,995 pdfinterp exec: EMC
DEBUG 2025-03-27 19:42:40,995 psparser nexttoken: (1195, /'Span')
DEBUG 2025-03-27 19:42:40,995 psparser add_results: ((1195, /'Span'),)
DEBUG 2025-03-27 19:42:40,996 psparser nextobject: (1195, /'Span')
DEBUG 2025-03-27 19:42:40,996 psparser nexttoken: (1201, /b'<<')
DEBUG 2025-03-27 19:42:40,996 psparser start_type: pos=1201, type='d'
DEBUG 2025-03-27 19:42:40,996 psparser nexttoken: (1203, /'MCID')
DEBUG 2025-03-27 19:42:40,996 psparser nexttoken: (1209, 3)
DEBUG 2025-03-27 19:42:40,996 psparser nexttoken: (1210, /b'>>')
DEBUG 2025-03-27 19:42:40,997 psparser end_type: pos=1201, type='d', objs=[/'MCID', 3]
DEBUG 2025-03-27 19:42:40,997 psparser add_results: ((1201, {'MCID': 3}),)
DEBUG 2025-03-27 19:42:40,997 psparser nextobject: (1201, {'MCID': 3})
DEBUG 2025-03-27 19:42:40,997 psparser nexttoken: (1213, /b'BDC')
DEBUG 2025-03-27 19:42:40,997 psparser do_keyword: pos=1213, token=/b'BDC', stack=[]
DEBUG 2025-03-27 19:42:40,997 psparser add_results: ((1213, /b'BDC'),)
DEBUG 2025-03-27 19:42:40,997 psparser nextobject: (1213, /b'BDC')
DEBUG 2025-03-27 19:42:40,997 pdfinterp exec: BDC [/'Span', {'MCID': 3}]
DEBUG 2025-03-27 19:42:40,998 psparser nexttoken: (1217, /b'BT')
DEBUG 2025-03-27 19:42:40,998 psparser do_keyword: pos=1217, token=/b'BT', stack=[]
DEBUG 2025-03-27 19:42:40,998 psparser add_results: ((1217, /b'BT'),)
DEBUG 2025-03-27 19:42:40,998 psparser nextobject: (1217, /b'BT')
DEBUG 2025-03-27 19:42:40,998 pdfinterp exec: BT
DEBUG 2025-03-27 19:42:40,998 psparser nexttoken: (1220, /'F15')
DEBUG 2025-03-27 19:42:40,998 psparser add_results: ((1220, /'F15'),)
DEBUG 2025-03-27 19:42:40,998 psparser nextobject: (1220, /'F15')
DEBUG 2025-03-27 19:42:40,998 psparser nexttoken: (1225, 10.5)
DEBUG 2025-03-27 19:42:40,998 psparser add_results: ((1225, 10.5),)
DEBUG 2025-03-27 19:42:40,998 psparser nextobject: (1225, 10.5)
DEBUG 2025-03-27 19:42:40,998 psparser nexttoken: (1230, /b'Tf')
DEBUG 2025-03-27 19:42:40,998 psparser do_keyword: pos=1230, token=/b'Tf', stack=[]
DEBUG 2025-03-27 19:42:40,998 psparser add_results: ((1230, /b'Tf'),)
DEBUG 2025-03-27 19:42:40,998 psparser nextobject: (1230, /b'Tf')
DEBUG 2025-03-27 19:42:40,998 pdfinterp exec: Tf [/'F15', 10.5]
DEBUG 2025-03-27 19:42:40,998 psparser nexttoken: (1233, 1)
DEBUG 2025-03-27 19:42:40,998 psparser add_results: ((1233, 1),)
DEBUG 2025-03-27 19:42:40,998 psparser nextobject: (1233, 1)
DEBUG 2025-03-27 19:42:40,999 psparser nexttoken: (1235, 0)
DEBUG 2025-03-27 19:42:40,999 psparser add_results: ((1235, 0),)
DEBUG 2025-03-27 19:42:40,999 psparser nextobject: (1235, 0)
DEBUG 2025-03-27 19:42:40,999 psparser nexttoken: (1237, 0)
DEBUG 2025-03-27 19:42:40,999 psparser add_results: ((1237, 0),)
DEBUG 2025-03-27 19:42:40,999 psparser nextobject: (1237, 0)
DEBUG 2025-03-27 19:42:40,999 psparser nexttoken: (1239, -1)
DEBUG 2025-03-27 19:42:40,999 psparser add_results: ((1239, -1),)
DEBUG 2025-03-27 19:42:41,000 psparser nextobject: (1239, -1)
DEBUG 2025-03-27 19:42:41,000 psparser nexttoken: (1242, 176.40600586)
DEBUG 2025-03-27 19:42:41,000 psparser add_results: ((1242, 176.40600586),)
DEBUG 2025-03-27 19:42:41,000 psparser nextobject: (1242, 176.40600586)
DEBUG 2025-03-27 19:42:41,000 psparser nexttoken: (1255, 47.72499847)
DEBUG 2025-03-27 19:42:41,000 psparser add_results: ((1255, 47.72499847),)
DEBUG 2025-03-27 19:42:41,001 psparser nextobject: (1255, 47.72499847)
DEBUG 2025-03-27 19:42:41,001 psparser nexttoken: (1267, /b'Tm')
DEBUG 2025-03-27 19:42:41,002 psparser do_keyword: pos=1267, token=/b'Tm', stack=[]
DEBUG 2025-03-27 19:42:41,002 psparser add_results: ((1267, /b'Tm'),)
DEBUG 2025-03-27 19:42:41,002 psparser nextobject: (1267, /b'Tm')
DEBUG 2025-03-27 19:42:41,002 pdfinterp exec: Tm [1, 0, 0, -1, 176.40600586, 47.72499847]
DEBUG 2025-03-27 19:42:41,002 psparser nexttoken: (1270, /b'[')
DEBUG 2025-03-27 19:42:41,002 psparser start_type: pos=1270, type='a'
DEBUG 2025-03-27 19:42:41,002 psparser nexttoken: (1271, b'\x00B\x00F\x00B\x00\x1e\x00\x1d\x00\x1b\x00\x1d\x00\x1d\x00B\x00\x02\x00B\x00\x1d\x00\x1b\x00\x1d\x00*\x00!')
DEBUG 2025-03-27 19:42:41,002 psparser nexttoken: (1337, /b']')
DEBUG 2025-03-27 19:42:41,002 psparser end_type: pos=1270, type='a', objs=[b'\x00B\x00F\x00B\x00\x1e\x00\x1d\x00\x1b\x00\x1d\x00\x1d\x00B\x00\x02\x00B\x00\x1d\x00\x1b\x00\x1d\x00*\x00!']
DEBUG 2025-03-27 19:42:41,002 psparser add_results: ((1270, [b'\x00B\x00F\x00B\x00\x1e\x00\x1d\x00\x1b\x00\x1d\x00\x1d\x00B\x00\x02\x00B\x00\x1d\x00\x1b\x00\x1d\x00*\x00!']),)
DEBUG 2025-03-27 19:42:41,002 psparser nextobject: (1270, [b'\x00B\x00F\x00B\x00\x1e\x00\x1d\x00\x1b\x00\x1d\x00\x1d\x00B\x00\x02\x00B\x00\x1d\x00\x1b\x00\x1d\x00*\x00!'])
DEBUG 2025-03-27 19:42:41,002 psparser nexttoken: (1339, /b'TJ')
DEBUG 2025-03-27 19:42:41,002 psparser do_keyword: pos=1339, token=/b'TJ', stack=[]
DEBUG 2025-03-27 19:42:41,002 psparser add_results: ((1339, /b'TJ'),)
DEBUG 2025-03-27 19:42:41,002 psparser nextobject: (1339, /b'TJ')
DEBUG 2025-03-27 19:42:41,002 pdfinterp exec: TJ [[b'\x00B\x00F\x00B\x00\x1e\x00\x1d\x00\x1b\x00\x1d\x00\x1d\x00B\x00\x02\x00B\x00\x1d\x00\x1b\x00\x1d\x00*\x00!']]
DEBUG 2025-03-27 19:42:41,002 cmapdb get_unichr: <UnicodeMap: /'Adobe-Identity-UCS'>, 66
DEBUG 2025-03-27 19:42:41,002 cmapdb get_unichr: <UnicodeMap: /'Adobe-Identity-UCS'>, 70
DEBUG 2025-03-27 19:42:41,002 cmapdb get_unichr: <UnicodeMap: /'Adobe-Identity-UCS'>, 66
DEBUG 2025-03-27 19:42:41,002 cmapdb get_unichr: <UnicodeMap: /'Adobe-Identity-UCS'>, 30
DEBUG 2025-03-27 19:42:41,002 cmapdb get_unichr: <UnicodeMap: /'Adobe-Identity-UCS'>, 29
DEBUG 2025-03-27 19:42:41,002 cmapdb get_unichr: <UnicodeMap: /'Adobe-Identity-UCS'>, 27
DEBUG 2025-03-27 19:42:41,002 cmapdb get_unichr: <UnicodeMap: /'Adobe-Identity-UCS'>, 29
DEBUG 2025-03-27 19:42:41,003 cmapdb get_unichr: <UnicodeMap: /'Adobe-Identity-UCS'>, 29
DEBUG 2025-03-27 19:42:41,003 cmapdb get_unichr: <UnicodeMap: /'Adobe-Identity-UCS'>, 66
DEBUG 2025-03-27 19:42:41,003 cmapdb get_unichr: <UnicodeMap: /'Adobe-Identity-UCS'>, 2
DEBUG 2025-03-27 19:42:41,003 cmapdb get_unichr: <UnicodeMap: /'Adobe-Identity-UCS'>, 66
DEBUG 2025-03-27 19:42:41,003 cmapdb get_unichr: <UnicodeMap: /'Adobe-Identity-UCS'>, 29
DEBUG 2025-03-27 19:42:41,003 cmapdb get_unichr: <UnicodeMap: /'Adobe-Identity-UCS'>, 27
DEBUG 2025-03-27 19:42:41,003 cmapdb get_unichr: <UnicodeMap: /'Adobe-Identity-UCS'>, 29
DEBUG 2025-03-27 19:42:41,003 cmapdb get_unichr: <UnicodeMap: /'Adobe-Identity-UCS'>, 42
DEBUG 2025-03-27 19:42:41,003 cmapdb get_unichr: <UnicodeMap: /'Adobe-Identity-UCS'>, 33
DEBUG 2025-03-27 19:42:41,003 psparser nexttoken: (1342, /b'ET')
DEBUG 2025-03-27 19:42:41,003 psparser do_keyword: pos=1342, token=/b'ET', stack=[]
DEBUG 2025-03-27 19:42:41,003 psparser add_results: ((1342, /b'ET'),)
DEBUG 2025-03-27 19:42:41,003 psparser nextobject: (1342, /b'ET')
DEBUG 2025-03-27 19:42:41,003 pdfinterp exec: ET
DEBUG 2025-03-27 19:42:41,003 psparser nexttoken: (1345, /b'EMC')
DEBUG 2025-03-27 19:42:41,003 psparser do_keyword: pos=1345, token=/b'EMC', stack=[]
DEBUG 2025-03-27 19:42:41,004 psparser add_results: ((1345, /b'EMC'),)
DEBUG 2025-03-27 19:42:41,004 psparser nextobject: (1345, /b'EMC')
DEBUG 2025-03-27 19:42:41,004 pdfinterp exec: EMC
DEBUG 2025-03-27 19:42:41,004 psparser nexttoken: (1349, /b'q')
DEBUG 2025-03-27 19:42:41,004 psparser do_keyword: pos=1349, token=/b'q', stack=[]
DEBUG 2025-03-27 19:42:41,004 psparser add_results: ((1349, /b'q'),)
DEBUG 2025-03-27 19:42:41,005 psparser nextobject: (1349, /b'q')
DEBUG 2025-03-27 19:42:41,005 pdfinterp exec: q
DEBUG 2025-03-27 19:42:41,005 psparser nexttoken: (1351, 1)
DEBUG 2025-03-27 19:42:41,005 psparser add_results: ((1351, 1),)
DEBUG 2025-03-27 19:42:41,005 psparser nextobject: (1351, 1)
DEBUG 2025-03-27 19:42:41,006 psparser nexttoken: (1353, 0)
DEBUG 2025-03-27 19:42:41,008 psparser add_results: ((1353, 0),)
DEBUG 2025-03-27 19:42:41,008 psparser nextobject: (1353, 0)
DEBUG 2025-03-27 19:42:41,008 psparser nexttoken: (1355, 0)
DEBUG 2025-03-27 19:42:41,010 psparser add_results: ((1355, 0),)
DEBUG 2025-03-27 19:42:41,010 psparser nextobject: (1355, 0)
DEBUG 2025-03-27 19:42:41,010 psparser nexttoken: (1357, 1)
DEBUG 2025-03-27 19:42:41,010 psparser add_results: ((1357, 1),)
DEBUG 2025-03-27 19:42:41,010 psparser nextobject: (1357, 1)
DEBUG 2025-03-27 19:42:41,011 psparser nexttoken: (1359, 0)
DEBUG 2025-03-27 19:42:41,012 psparser add_results: ((1359, 0),)
DEBUG 2025-03-27 19:42:41,013 psparser nextobject: (1359, 0)
DEBUG 2025-03-27 19:42:41,013 psparser nexttoken: (1361, 69)
DEBUG 2025-03-27 19:42:41,013 psparser add_results: ((1361, 69),)
DEBUG 2025-03-27 19:42:41,013 psparser nextobject: (1361, 69)
DEBUG 2025-03-27 19:42:41,013 psparser nexttoken: (1364, /b'cm')
DEBUG 2025-03-27 19:42:41,013 psparser do_keyword: pos=1364, token=/b'cm', stack=[]
DEBUG 2025-03-27 19:42:41,013 psparser add_results: ((1364, /b'cm'),)
DEBUG 2025-03-27 19:42:41,013 psparser nextobject: (1364, /b'cm')
DEBUG 2025-03-27 19:42:41,013 pdfinterp exec: cm [1, 0, 0, 1, 0, 69]
DEBUG 2025-03-27 19:42:41,013 psparser nexttoken: (1367, /'P')
DEBUG 2025-03-27 19:42:41,015 psparser add_results: ((1367, /'P'),)
DEBUG 2025-03-27 19:42:41,015 psparser nextobject: (1367, /'P')
DEBUG 2025-03-27 19:42:41,015 psparser nexttoken: (1370, /b'<<')
DEBUG 2025-03-27 19:42:41,015 psparser start_type: pos=1370, type='d'
DEBUG 2025-03-27 19:42:41,015 psparser nexttoken: (1372, /'MCID')
DEBUG 2025-03-27 19:42:41,015 psparser nexttoken: (1378, 4)
DEBUG 2025-03-27 19:42:41,015 psparser nexttoken: (1379, /b'>>')
DEBUG 2025-03-27 19:42:41,016 psparser end_type: pos=1370, type='d', objs=[/'MCID', 4]
DEBUG 2025-03-27 19:42:41,016 psparser add_results: ((1370, {'MCID': 4}),)
DEBUG 2025-03-27 19:42:41,016 psparser nextobject: (1370, {'MCID': 4})
DEBUG 2025-03-27 19:42:41,016 psparser nexttoken: (1382, /b'BDC')
DEBUG 2025-03-27 19:42:41,016 psparser do_keyword: pos=1382, token=/b'BDC', stack=[]
DEBUG 2025-03-27 19:42:41,017 psparser add_results: ((1382, /b'BDC'),)
DEBUG 2025-03-27 19:42:41,017 psparser nextobject: (1382, /b'BDC')
DEBUG 2025-03-27 19:42:41,017 pdfinterp exec: BDC [/'P', {'MCID': 4}]
DEBUG 2025-03-27 19:42:41,017 psparser nexttoken: (1386, /b'BT')
DEBUG 2025-03-27 19:42:41,017 psparser do_keyword: pos=1386, token=/b'BT', stack=[]
DEBUG 2025-03-27 19:42:41,017 psparser add_results: ((1386, /b'BT'),)
DEBUG 2025-03-27 19:42:41,017 psparser nextobject: (1386, /b'BT')
DEBUG 2025-03-27 19:42:41,017 pdfinterp exec: BT
DEBUG 2025-03-27 19:42:41,018 psparser nexttoken: (1389, /'F15')
DEBUG 2025-03-27 19:42:41,018 psparser add_results: ((1389, /'F15'),)
DEBUG 2025-03-27 19:42:41,018 psparser nextobject: (1389, /'F15')
DEBUG 2025-03-27 19:42:41,018 psparser nexttoken: (1394, 12)
DEBUG 2025-03-27 19:42:41,018 psparser add_results: ((1394, 12),)
DEBUG 2025-03-27 19:42:41,018 psparser nextobject: (1394, 12)
DEBUG 2025-03-27 19:42:41,018 psparser nexttoken: (1397, /b'Tf')
DEBUG 2025-03-27 19:42:41,018 psparser do_keyword: pos=1397, token=/b'Tf', stack=[]
DEBUG 2025-03-27 19:42:41,018 psparser add_results: ((1397, /b'Tf'),)
DEBUG 2025-03-27 19:42:41,018 psparser nextobject: (1397, /b'Tf')
DEBUG 2025-03-27 19:42:41,018 pdfinterp exec: Tf [/'F15', 12]
DEBUG 2025-03-27 19:42:41,018 psparser nexttoken: (1400, 1)
DEBUG 2025-03-27 19:42:41,018 psparser add_results: ((1400, 1),)
DEBUG 2025-03-27 19:42:41,018 psparser nextobject: (1400, 1)
DEBUG 2025-03-27 19:42:41,018 psparser nexttoken: (1402, 0)
DEBUG 2025-03-27 19:42:41,018 psparser add_results: ((1402, 0),)
DEBUG 2025-03-27 19:42:41,018 psparser nextobject: (1402, 0)
DEBUG 2025-03-27 19:42:41,018 psparser nexttoken: (1404, 0)
DEBUG 2025-03-27 19:42:41,018 psparser add_results: ((1404, 0),)
DEBUG 2025-03-27 19:42:41,018 psparser nextobject: (1404, 0)
DEBUG 2025-03-27 19:42:41,019 psparser nexttoken: (1406, -1)
DEBUG 2025-03-27 19:42:41,019 psparser add_results: ((1406, -1),)
DEBUG 2025-03-27 19:42:41,019 psparser nextobject: (1406, -1)
DEBUG 2025-03-27 19:42:41,019 psparser nexttoken: (1409, 0)
DEBUG 2025-03-27 19:42:41,019 psparser add_results: ((1409, 0),)
DEBUG 2025-03-27 19:42:41,019 psparser nextobject: (1409, 0)
DEBUG 2025-03-27 19:42:41,019 psparser nexttoken: (1411, 12.11400032)
DEBUG 2025-03-27 19:42:41,019 psparser add_results: ((1411, 12.11400032),)
DEBUG 2025-03-27 19:42:41,019 psparser nextobject: (1411, 12.11400032)
DEBUG 2025-03-27 19:42:41,019 psparser nexttoken: (1423, /b'Tm')
DEBUG 2025-03-27 19:42:41,020 psparser do_keyword: pos=1423, token=/b'Tm', stack=[]
DEBUG 2025-03-27 19:42:41,020 psparser add_results: ((1423, /b'Tm'),)
DEBUG 2025-03-27 19:42:41,020 psparser nextobject: (1423, /b'Tm')
DEBUG 2025-03-27 19:42:41,020 pdfinterp exec: Tm [1, 0, 0, -1, 0, 12.11400032]
DEBUG 2025-03-27 19:42:41,020 psparser nexttoken: (1426, /b'[')
DEBUG 2025-03-27 19:42:41,020 psparser start_type: pos=1426, type='a'
DEBUG 2025-03-27 19:42:41,020 psparser nexttoken: (1427, b'\x00\x03\x00$\x00\x06\x00\x15\x00\x01\x00/\x00\x04\x00\x05\x00\x06\x00\x0e\x00#\x00#\x00\x04\x00\x0f\x00$\x00\x01\x00\r\x00\x08\x00%\x00\x04\x00\x04\x00\x14')
DEBUG 2025-03-27 19:42:41,020 psparser nexttoken: (1517, /b']')
DEBUG 2025-03-27 19:42:41,020 psparser end_type: pos=1426, type='a', objs=[b'\x00\x03\x00$\x00\x06\x00\x15\x00\x01\x00/\x00\x04\x00\x05\x00\x06\x00\x0e\x00#\x00#\x00\x04\x00\x0f\x00$\x00\x01\x00\r\x00\x08\x00%\x00\x04\x00\x04\x00\x14']
DEBUG 2025-03-27 19:42:41,020 psparser add_results: ((1426, [b'\x00\x03\x00$\x00\x06\x00\x15\x00\x01\x00/\x00\x04\x00\x05\x00\x06\x00\x0e\x00#\x00#\x00\x04\x00\x0f\x00$\x00\x01\x00\r\x00\x08\x00%\x00\x04\x00\x04\x00\x14']),)
DEBUG 2025-03-27 19:42:41,021 psparser nextobject: (1426, [b'\x00\x03\x00$\x00\x06\x00\x15\x00\x01\x00/\x00\x04\x00\x05\x00\x06\x00\x0e\x00#\x00#\x00\x04\x00\x0f\x00$\x00\x01\x00\r\x00\x08\x00%\x00\x04\x00\x04\x00\x14'])
DEBUG 2025-03-27 19:42:41,021 psparser nexttoken: (1519, /b'TJ')
DEBUG 2025-03-27 19:42:41,021 psparser do_keyword: pos=1519, token=/b'TJ', stack=[]
DEBUG 2025-03-27 19:42:41,021 psparser add_results: ((1519, /b'TJ'),)
DEBUG 2025-03-27 19:42:41,021 psparser nextobject: (1519, /b'TJ')
DEBUG 2025-03-27 19:42:41,021 pdfinterp exec: TJ [[b'\x00\x03\x00$\x00\x06\x00\x15\x00\x01\x00/\x00\x04\x00\x05\x00\x06\x00\x0e\x00#\x00#\x00\x04\x00\x0f\x00$\x00\x01\x00\r\x00\x08\x00%\x00\x04\x00\x04\x00\x14']]
DEBUG 2025-03-27 19:42:41,022 cmapdb get_unichr: <UnicodeMap: /'Adobe-Identity-UCS'>, 3
DEBUG 2025-03-27 19:42:41,022 cmapdb get_unichr: <UnicodeMap: /'Adobe-Identity-UCS'>, 36
DEBUG 2025-03-27 19:42:41,022 cmapdb get_unichr: <UnicodeMap: /'Adobe-Identity-UCS'>, 6
DEBUG 2025-03-27 19:42:41,023 cmapdb get_unichr: <UnicodeMap: /'Adobe-Identity-UCS'>, 21
DEBUG 2025-03-27 19:42:41,023 cmapdb get_unichr: <UnicodeMap: /'Adobe-Identity-UCS'>, 1
DEBUG 2025-03-27 19:42:41,023 cmapdb get_unichr: <UnicodeMap: /'Adobe-Identity-UCS'>, 47
DEBUG 2025-03-27 19:42:41,023 cmapdb get_unichr: <UnicodeMap: /'Adobe-Identity-UCS'>, 4
DEBUG 2025-03-27 19:42:41,023 cmapdb get_unichr: <UnicodeMap: /'Adobe-Identity-UCS'>, 5
DEBUG 2025-03-27 19:42:41,024 cmapdb get_unichr: <UnicodeMap: /'Adobe-Identity-UCS'>, 6
DEBUG 2025-03-27 19:42:41,024 cmapdb get_unichr: <UnicodeMap: /'Adobe-Identity-UCS'>, 14
DEBUG 2025-03-27 19:42:41,024 cmapdb get_unichr: <UnicodeMap: /'Adobe-Identity-UCS'>, 35
DEBUG 2025-03-27 19:42:41,024 cmapdb get_unichr: <UnicodeMap: /'Adobe-Identity-UCS'>, 35
DEBUG 2025-03-27 19:42:41,024 cmapdb get_unichr: <UnicodeMap: /'Adobe-Identity-UCS'>, 4
DEBUG 2025-03-27 19:42:41,025 cmapdb get_unichr: <UnicodeMap: /'Adobe-Identity-UCS'>, 15
DEBUG 2025-03-27 19:42:41,025 cmapdb get_unichr: <UnicodeMap: /'Adobe-Identity-UCS'>, 36
DEBUG 2025-03-27 19:42:41,025 cmapdb get_unichr: <UnicodeMap: /'Adobe-Identity-UCS'>, 1
DEBUG 2025-03-27 19:42:41,025 cmapdb get_unichr: <UnicodeMap: /'Adobe-Identity-UCS'>, 13
DEBUG 2025-03-27 19:42:41,025 cmapdb get_unichr: <UnicodeMap: /'Adobe-Identity-UCS'>, 8
DEBUG 2025-03-27 19:42:41,026 cmapdb get_unichr: <UnicodeMap: /'Adobe-Identity-UCS'>, 37
DEBUG 2025-03-27 19:42:41,026 cmapdb get_unichr: <UnicodeMap: /'Adobe-Identity-UCS'>, 4
DEBUG 2025-03-27 19:42:41,026 cmapdb get_unichr: <UnicodeMap: /'Adobe-Identity-UCS'>, 4
DEBUG 2025-03-27 19:42:41,026 cmapdb get_unichr: <UnicodeMap: /'Adobe-Identity-UCS'>, 20
DEBUG 2025-03-27 19:42:41,026 psparser nexttoken: (1522, /b'ET')
DEBUG 2025-03-27 19:42:41,026 psparser do_keyword: pos=1522, token=/b'ET', stack=[]
DEBUG 2025-03-27 19:42:41,026 psparser add_results: ((1522, /b'ET'),)
DEBUG 2025-03-27 19:42:41,026 psparser nextobject: (1522, /b'ET')
DEBUG 2025-03-27 19:42:41,027 pdfinterp exec: ET
DEBUG 2025-03-27 19:42:41,027 psparser nexttoken: (1525, /b'EMC')
DEBUG 2025-03-27 19:42:41,027 psparser do_keyword: pos=1525, token=/b'EMC', stack=[]
DEBUG 2025-03-27 19:42:41,027 psparser add_results: ((1525, /b'EMC'),)
DEBUG 2025-03-27 19:42:41,027 psparser nextobject: (1525, /b'EMC')
DEBUG 2025-03-27 19:42:41,027 pdfinterp exec: EMC
DEBUG 2025-03-27 19:42:41,027 psparser nexttoken: (1529, /'P')
DEBUG 2025-03-27 19:42:41,028 psparser add_results: ((1529, /'P'),)
DEBUG 2025-03-27 19:42:41,028 psparser nextobject: (1529, /'P')
DEBUG 2025-03-27 19:42:41,028 psparser nexttoken: (1532, /b'<<')
DEBUG 2025-03-27 19:42:41,028 psparser start_type: pos=1532, type='d'
DEBUG 2025-03-27 19:42:41,028 psparser nexttoken: (1534, /'MCID')
DEBUG 2025-03-27 19:42:41,028 psparser nexttoken: (1540, 5)
DEBUG 2025-03-27 19:42:41,028 psparser nexttoken: (1541, /b'>>')
DEBUG 2025-03-27 19:42:41,028 psparser end_type: pos=1532, type='d', objs=[/'MCID', 5]
DEBUG 2025-03-27 19:42:41,028 psparser add_results: ((1532, {'MCID': 5}),)
DEBUG 2025-03-27 19:42:41,029 psparser nextobject: (1532, {'MCID': 5})
DEBUG 2025-03-27 19:42:41,029 psparser nexttoken: (1544, /b'BDC')
DEBUG 2025-03-27 19:42:41,029 psparser do_keyword: pos=1544, token=/b'BDC', stack=[]
DEBUG 2025-03-27 19:42:41,029 psparser add_results: ((1544, /b'BDC'),)
DEBUG 2025-03-27 19:42:41,029 psparser nextobject: (1544, /b'BDC')
DEBUG 2025-03-27 19:42:41,029 pdfinterp exec: BDC [/'P', {'MCID': 5}]
DEBUG 2025-03-27 19:42:41,029 psparser nexttoken: (1548, /b'BT')
DEBUG 2025-03-27 19:42:41,029 psparser do_keyword: pos=1548, token=/b'BT', stack=[]
DEBUG 2025-03-27 19:42:41,029 psparser add_results: ((1548, /b'BT'),)
DEBUG 2025-03-27 19:42:41,029 psparser nextobject: (1548, /b'BT')
DEBUG 2025-03-27 19:42:41,029 pdfinterp exec: BT
DEBUG 2025-03-27 19:42:41,030 psparser nexttoken: (1551, /'F15')
DEBUG 2025-03-27 19:42:41,030 psparser add_results: ((1551, /'F15'),)
DEBUG 2025-03-27 19:42:41,030 psparser nextobject: (1551, /'F15')
DEBUG 2025-03-27 19:42:41,030 psparser nexttoken: (1556, 10.5)
DEBUG 2025-03-27 19:42:41,030 psparser add_results: ((1556, 10.5),)
DEBUG 2025-03-27 19:42:41,030 psparser nextobject: (1556, 10.5)
DEBUG 2025-03-27 19:42:41,031 psparser nexttoken: (1561, /b'Tf')
DEBUG 2025-03-27 19:42:41,031 psparser do_keyword: pos=1561, token=/b'Tf', stack=[]
DEBUG 2025-03-27 19:42:41,031 psparser add_results: ((1561, /b'Tf'),)
DEBUG 2025-03-27 19:42:41,031 psparser nextobject: (1561, /b'Tf')
DEBUG 2025-03-27 19:42:41,031 pdfinterp exec: Tf [/'F15', 10.5]
DEBUG 2025-03-27 19:42:41,031 psparser nexttoken: (1564, 1)
DEBUG 2025-03-27 19:42:41,031 psparser add_results: ((1564, 1),)
DEBUG 2025-03-27 19:42:41,031 psparser nextobject: (1564, 1)
DEBUG 2025-03-27 19:42:41,031 psparser nexttoken: (1566, 0)
DEBUG 2025-03-27 19:42:41,032 psparser add_results: ((1566, 0),)
DEBUG 2025-03-27 19:42:41,032 psparser nextobject: (1566, 0)
DEBUG 2025-03-27 19:42:41,032 psparser nexttoken: (1568, 0)
DEBUG 2025-03-27 19:42:41,032 psparser add_results: ((1568, 0),)
DEBUG 2025-03-27 19:42:41,032 psparser nextobject: (1568, 0)
DEBUG 2025-03-27 19:42:41,032 psparser nexttoken: (1570, -1)
DEBUG 2025-03-27 19:42:41,032 psparser add_results: ((1570, -1),)
DEBUG 2025-03-27 19:42:41,032 psparser nextobject: (1570, -1)
DEBUG 2025-03-27 19:42:41,032 psparser nexttoken: (1573, 0)
DEBUG 2025-03-27 19:42:41,032 psparser add_results: ((1573, 0),)
DEBUG 2025-03-27 19:42:41,032 psparser nextobject: (1573, 0)
DEBUG 2025-03-27 19:42:41,033 psparser nexttoken: (1575, 29.72500038)
DEBUG 2025-03-27 19:42:41,033 psparser add_results: ((1575, 29.72500038),)
DEBUG 2025-03-27 19:42:41,033 psparser nextobject: (1575, 29.72500038)
DEBUG 2025-03-27 19:42:41,033 psparser nexttoken: (1587, /b'Tm')
DEBUG 2025-03-27 19:42:41,033 psparser do_keyword: pos=1587, token=/b'Tm', stack=[]
DEBUG 2025-03-27 19:42:41,033 psparser add_results: ((1587, /b'Tm'),)
DEBUG 2025-03-27 19:42:41,033 psparser nextobject: (1587, /b'Tm')
DEBUG 2025-03-27 19:42:41,033 pdfinterp exec: Tm [1, 0, 0, -1, 0, 29.72500038]
DEBUG 2025-03-27 19:42:41,033 psparser nexttoken: (1590, /b'[')
DEBUG 2025-03-27 19:42:41,033 psparser start_type: pos=1590, type='a'
DEBUG 2025-03-27 19:42:41,034 psparser nexttoken: (1591, b'\x00,\x00\x05\x00\x06\x00\x0e\x00\x0f\x00 \x00\x0e\x00"\x00$\x00\x07\x00\x06\x00\x0e\x00\x0c\x00B\x00\x03\x00\x04\x00 \x00.\x00\x16\x00\x06\x00\x0e\x00\x0f\x00\x01\x00\r\x00\x08\x00$\x00\x0e\x00\x05\x00\x08\x00\x0e')
DEBUG 2025-03-27 19:42:41,034 psparser nexttoken: (1713, /b']')
DEBUG 2025-03-27 19:42:41,034 psparser end_type: pos=1590, type='a', objs=[b'\x00,\x00\x05\x00\x06\x00\x0e\x00\x0f\x00 \x00\x0e\x00"\x00$\x00\x07\x00\x06\x00\x0e\x00\x0c\x00B\x00\x03\x00\x04\x00 \x00.\x00\x16\x00\x06\x00\x0e\x00\x0f\x00\x01\x00\r\x00\x08\x00$\x00\x0e\x00\x05\x00\x08\x00\x0e']
DEBUG 2025-03-27 19:42:41,034 psparser add_results: ((1590, [b'\x00,\x00\x05\x00\x06\x00\x0e\x00\x0f\x00 \x00\x0e\x00"\x00$\x00\x07\x00\x06\x00\x0e\x00\x0c\x00B\x00\x03\x00\x04\x00 \x00.\x00\x16\x00\x06\x00\x0e\x00\x0f\x00\x01\x00\r\x00\x08\x00$\x00\x0e\x00\x05\x00\x08\x00\x0e']),)
DEBUG 2025-03-27 19:42:41,034 psparser nextobject: (1590, [b'\x00,\x00\x05\x00\x06\x00\x0e\x00\x0f\x00 \x00\x0e\x00"\x00$\x00\x07\x00\x06\x00\x0e\x00\x0c\x00B\x00\x03\x00\x04\x00 \x00.\x00\x16\x00\x06\x00\x0e\x00\x0f\x00\x01\x00\r\x00\x08\x00$\x00\x0e\x00\x05\x00\x08\x00\x0e'])
DEBUG 2025-03-27 19:42:41,034 psparser nexttoken: (1715, /b'TJ')
DEBUG 2025-03-27 19:42:41,034 psparser do_keyword: pos=1715, token=/b'TJ', stack=[]
DEBUG 2025-03-27 19:42:41,034 psparser add_results: ((1715, /b'TJ'),)
DEBUG 2025-03-27 19:42:41,034 psparser nextobject: (1715, /b'TJ')
DEBUG 2025-03-27 19:42:41,034 pdfinterp exec: TJ [[b'\x00,\x00\x05\x00\x06\x00\x0e\x00\x0f\x00 \x00\x0e\x00"\x00$\x00\x07\x00\x06\x00\x0e\x00\x0c\x00B\x00\x03\x00\x04\x00 \x00.\x00\x16\x00\x06\x00\x0e\x00\x0f\x00\x01\x00\r\x00\x08\x00$\x00\x0e\x00\x05\x00\x08\x00\x0e']]
DEBUG 2025-03-27 19:42:41,035 cmapdb get_unichr: <UnicodeMap: /'Adobe-Identity-UCS'>, 44
DEBUG 2025-03-27 19:42:41,035 cmapdb get_unichr: <UnicodeMap: /'Adobe-Identity-UCS'>, 5
DEBUG 2025-03-27 19:42:41,035 cmapdb get_unichr: <UnicodeMap: /'Adobe-Identity-UCS'>, 6
DEBUG 2025-03-27 19:42:41,035 cmapdb get_unichr: <UnicodeMap: /'Adobe-Identity-UCS'>, 14
DEBUG 2025-03-27 19:42:41,035 cmapdb get_unichr: <UnicodeMap: /'Adobe-Identity-UCS'>, 15
DEBUG 2025-03-27 19:42:41,035 cmapdb get_unichr: <UnicodeMap: /'Adobe-Identity-UCS'>, 32
DEBUG 2025-03-27 19:42:41,036 cmapdb get_unichr: <UnicodeMap: /'Adobe-Identity-UCS'>, 14
DEBUG 2025-03-27 19:42:41,036 cmapdb get_unichr: <UnicodeMap: /'Adobe-Identity-UCS'>, 34
DEBUG 2025-03-27 19:42:41,036 cmapdb get_unichr: <UnicodeMap: /'Adobe-Identity-UCS'>, 36
DEBUG 2025-03-27 19:42:41,036 cmapdb get_unichr: <UnicodeMap: /'Adobe-Identity-UCS'>, 7
DEBUG 2025-03-27 19:42:41,036 cmapdb get_unichr: <UnicodeMap: /'Adobe-Identity-UCS'>, 6
DEBUG 2025-03-27 19:42:41,036 cmapdb get_unichr: <UnicodeMap: /'Adobe-Identity-UCS'>, 14
DEBUG 2025-03-27 19:42:41,036 cmapdb get_unichr: <UnicodeMap: /'Adobe-Identity-UCS'>, 12
DEBUG 2025-03-27 19:42:41,036 cmapdb get_unichr: <UnicodeMap: /'Adobe-Identity-UCS'>, 66
DEBUG 2025-03-27 19:42:41,036 cmapdb get_unichr: <UnicodeMap: /'Adobe-Identity-UCS'>, 3
DEBUG 2025-03-27 19:42:41,037 cmapdb get_unichr: <UnicodeMap: /'Adobe-Identity-UCS'>, 4
DEBUG 2025-03-27 19:42:41,037 cmapdb get_unichr: <UnicodeMap: /'Adobe-Identity-UCS'>, 32
DEBUG 2025-03-27 19:42:41,037 cmapdb get_unichr: <UnicodeMap: /'Adobe-Identity-UCS'>, 46
DEBUG 2025-03-27 19:42:41,037 cmapdb get_unichr: <UnicodeMap: /'Adobe-Identity-UCS'>, 22
DEBUG 2025-03-27 19:42:41,037 cmapdb get_unichr: <UnicodeMap: /'Adobe-Identity-UCS'>, 6
DEBUG 2025-03-27 19:42:41,037 cmapdb get_unichr: <UnicodeMap: /'Adobe-Identity-UCS'>, 14
DEBUG 2025-03-27 19:42:41,037 cmapdb get_unichr: <UnicodeMap: /'Adobe-Identity-UCS'>, 15
DEBUG 2025-03-27 19:42:41,037 cmapdb get_unichr: <UnicodeMap: /'Adobe-Identity-UCS'>, 1
DEBUG 2025-03-27 19:42:41,037 cmapdb get_unichr: <UnicodeMap: /'Adobe-Identity-UCS'>, 13
DEBUG 2025-03-27 19:42:41,037 cmapdb get_unichr: <UnicodeMap: /'Adobe-Identity-UCS'>, 8
DEBUG 2025-03-27 19:42:41,037 cmapdb get_unichr: <UnicodeMap: /'Adobe-Identity-UCS'>, 36
DEBUG 2025-03-27 19:42:41,037 cmapdb get_unichr: <UnicodeMap: /'Adobe-Identity-UCS'>, 14
DEBUG 2025-03-27 19:42:41,037 cmapdb get_unichr: <UnicodeMap: /'Adobe-Identity-UCS'>, 5
DEBUG 2025-03-27 19:42:41,037 cmapdb get_unichr: <UnicodeMap: /'Adobe-Identity-UCS'>, 8
DEBUG 2025-03-27 19:42:41,037 cmapdb get_unichr: <UnicodeMap: /'Adobe-Identity-UCS'>, 14
DEBUG 2025-03-27 19:42:41,038 psparser nexttoken: (1718, /b'ET')
DEBUG 2025-03-27 19:42:41,038 psparser do_keyword: pos=1718, token=/b'ET', stack=[]
DEBUG 2025-03-27 19:42:41,038 psparser add_results: ((1718, /b'ET'),)
DEBUG 2025-03-27 19:42:41,038 psparser nextobject: (1718, /b'ET')
DEBUG 2025-03-27 19:42:41,038 pdfinterp exec: ET
DEBUG 2025-03-27 19:42:41,038 psparser nexttoken: (1721, /b'EMC')
DEBUG 2025-03-27 19:42:41,038 psparser do_keyword: pos=1721, token=/b'EMC', stack=[]
DEBUG 2025-03-27 19:42:41,038 psparser add_results: ((1721, /b'EMC'),)
DEBUG 2025-03-27 19:42:41,038 psparser nextobject: (1721, /b'EMC')
DEBUG 2025-03-27 19:42:41,038 pdfinterp exec: EMC
DEBUG 2025-03-27 19:42:41,038 psparser nexttoken: (1725, /b'Q')
DEBUG 2025-03-27 19:42:41,038 psparser do_keyword: pos=1725, token=/b'Q', stack=[]
DEBUG 2025-03-27 19:42:41,038 psparser add_results: ((1725, /b'Q'),)
DEBUG 2025-03-27 19:42:41,038 psparser nextobject: (1725, /b'Q')
DEBUG 2025-03-27 19:42:41,038 pdfinterp exec: Q
DEBUG 2025-03-27 19:42:41,039 psparser nexttoken: (1727, /b'Q')
DEBUG 2025-03-27 19:42:41,039 psparser do_keyword: pos=1727, token=/b'Q', stack=[]
DEBUG 2025-03-27 19:42:41,039 psparser add_results: ((1727, /b'Q'),)
DEBUG 2025-03-27 19:42:41,039 psparser nextobject: (1727, /b'Q')
DEBUG 2025-03-27 19:42:41,039 pdfinterp exec: Q
DEBUG 2025-03-27 19:42:41,039 psparser nexttoken: (1729, /b'Q')
DEBUG 2025-03-27 19:42:41,039 psparser do_keyword: pos=1729, token=/b'Q', stack=[]
DEBUG 2025-03-27 19:42:41,039 psparser add_results: ((1729, /b'Q'),)
DEBUG 2025-03-27 19:42:41,039 psparser nextobject: (1729, /b'Q')
DEBUG 2025-03-27 19:42:41,039 pdfinterp exec: Q
DEBUG 2025-03-27 19:42:41,040 psparser nexttoken: (1731, /b'Q')
DEBUG 2025-03-27 19:42:41,040 psparser do_keyword: pos=1731, token=/b'Q', stack=[]
DEBUG 2025-03-27 19:42:41,040 psparser add_results: ((1731, /b'Q'),)
DEBUG 2025-03-27 19:42:41,040 psparser nextobject: (1731, /b'Q')
DEBUG 2025-03-27 19:42:41,040 pdfinterp exec: Q
DEBUG 2025-03-27 19:42:41,040 psparser nexttoken: (1733, /b'q')
DEBUG 2025-03-27 19:42:41,040 psparser do_keyword: pos=1733, token=/b'q', stack=[]
DEBUG 2025-03-27 19:42:41,040 psparser add_results: ((1733, /b'q'),)
DEBUG 2025-03-27 19:42:41,040 psparser nextobject: (1733, /b'q')
DEBUG 2025-03-27 19:42:41,041 pdfinterp exec: q
DEBUG 2025-03-27 19:42:41,041 psparser nexttoken: (1735, 1)
DEBUG 2025-03-27 19:42:41,041 psparser add_results: ((1735, 1),)
DEBUG 2025-03-27 19:42:41,041 psparser nextobject: (1735, 1)
DEBUG 2025-03-27 19:42:41,042 psparser nexttoken: (1737, 0)
DEBUG 2025-03-27 19:42:41,042 psparser add_results: ((1737, 0),)
DEBUG 2025-03-27 19:42:41,042 psparser nextobject: (1737, 0)
DEBUG 2025-03-27 19:42:41,042 psparser nexttoken: (1739, 0)
DEBUG 2025-03-27 19:42:41,042 psparser add_results: ((1739, 0),)
DEBUG 2025-03-27 19:42:41,042 psparser nextobject: (1739, 0)
DEBUG 2025-03-27 19:42:41,042 psparser nexttoken: (1741, 1)
DEBUG 2025-03-27 19:42:41,042 psparser add_results: ((1741, 1),)
DEBUG 2025-03-27 19:42:41,042 psparser nextobject: (1741, 1)
DEBUG 2025-03-27 19:42:41,043 psparser nexttoken: (1743, 0)
DEBUG 2025-03-27 19:42:41,043 psparser add_results: ((1743, 0),)
DEBUG 2025-03-27 19:42:41,043 psparser nextobject: (1743, 0)
DEBUG 2025-03-27 19:42:41,044 psparser nexttoken: (1745, 770.4)
DEBUG 2025-03-27 19:42:41,044 psparser add_results: ((1745, 770.4),)
DEBUG 2025-03-27 19:42:41,045 psparser nextobject: (1745, 770.4)
DEBUG 2025-03-27 19:42:41,045 psparser nexttoken: (1751, /b'cm')
DEBUG 2025-03-27 19:42:41,045 psparser do_keyword: pos=1751, token=/b'cm', stack=[]
DEBUG 2025-03-27 19:42:41,045 psparser add_results: ((1751, /b'cm'),)
DEBUG 2025-03-27 19:42:41,045 psparser nextobject: (1751, /b'cm')
DEBUG 2025-03-27 19:42:41,045 pdfinterp exec: cm [1, 0, 0, 1, 0, 770.4]
DEBUG 2025-03-27 19:42:41,046 psparser nexttoken: (1754, /b'q')
DEBUG 2025-03-27 19:42:41,046 psparser do_keyword: pos=1754, token=/b'q', stack=[]
DEBUG 2025-03-27 19:42:41,046 psparser add_results: ((1754, /b'q'),)
DEBUG 2025-03-27 19:42:41,046 psparser nextobject: (1754, /b'q')
DEBUG 2025-03-27 19:42:41,046 pdfinterp exec: q
DEBUG 2025-03-27 19:42:41,046 psparser nexttoken: (1756, 0)
DEBUG 2025-03-27 19:42:41,046 psparser add_results: ((1756, 0),)
DEBUG 2025-03-27 19:42:41,046 psparser nextobject: (1756, 0)
DEBUG 2025-03-27 19:42:41,047 psparser nexttoken: (1758, 0)
DEBUG 2025-03-27 19:42:41,047 psparser add_results: ((1758, 0),)
DEBUG 2025-03-27 19:42:41,047 psparser nextobject: (1758, 0)
DEBUG 2025-03-27 19:42:41,047 psparser nexttoken: (1760, /b'm')
DEBUG 2025-03-27 19:42:41,047 psparser do_keyword: pos=1760, token=/b'm', stack=[]
DEBUG 2025-03-27 19:42:41,047 psparser add_results: ((1760, /b'm'),)
DEBUG 2025-03-27 19:42:41,047 psparser nextobject: (1760, /b'm')
DEBUG 2025-03-27 19:42:41,047 pdfinterp exec: m [0, 0]
DEBUG 2025-03-27 19:42:41,047 psparser nexttoken: (1762, 201.960007)
DEBUG 2025-03-27 19:42:41,047 psparser add_results: ((1762, 201.960007),)
DEBUG 2025-03-27 19:42:41,047 psparser nextobject: (1762, 201.960007)
DEBUG 2025-03-27 19:42:41,047 psparser nexttoken: (1773, 0)
DEBUG 2025-03-27 19:42:41,047 psparser add_results: ((1773, 0),)
DEBUG 2025-03-27 19:42:41,047 psparser nextobject: (1773, 0)
DEBUG 2025-03-27 19:42:41,047 psparser nexttoken: (1775, /b'l')
DEBUG 2025-03-27 19:42:41,047 psparser do_keyword: pos=1775, token=/b'l', stack=[]
DEBUG 2025-03-27 19:42:41,047 psparser add_results: ((1775, /b'l'),)
DEBUG 2025-03-27 19:42:41,048 psparser nextobject: (1775, /b'l')
DEBUG 2025-03-27 19:42:41,048 pdfinterp exec: l [201.960007, 0]
DEBUG 2025-03-27 19:42:41,048 psparser nexttoken: (1777, 201.960007)
DEBUG 2025-03-27 19:42:41,048 psparser add_results: ((1777, 201.960007),)
DEBUG 2025-03-27 19:42:41,048 psparser nextobject: (1777, 201.960007)
DEBUG 2025-03-27 19:42:41,048 psparser nexttoken: (1788, 14.4)
DEBUG 2025-03-27 19:42:41,048 psparser add_results: ((1788, 14.4),)
DEBUG 2025-03-27 19:42:41,048 psparser nextobject: (1788, 14.4)
DEBUG 2025-03-27 19:42:41,048 psparser nexttoken: (1793, /b'l')
DEBUG 2025-03-27 19:42:41,048 psparser do_keyword: pos=1793, token=/b'l', stack=[]
DEBUG 2025-03-27 19:42:41,048 psparser add_results: ((1793, /b'l'),)
DEBUG 2025-03-27 19:42:41,049 psparser nextobject: (1793, /b'l')
DEBUG 2025-03-27 19:42:41,049 pdfinterp exec: l [201.960007, 14.4]
DEBUG 2025-03-27 19:42:41,049 psparser nexttoken: (1795, 0)
DEBUG 2025-03-27 19:42:41,049 psparser add_results: ((1795, 0),)
DEBUG 2025-03-27 19:42:41,049 psparser nextobject: (1795, 0)
DEBUG 2025-03-27 19:42:41,049 psparser nexttoken: (1797, 14.4)
DEBUG 2025-03-27 19:42:41,049 psparser add_results: ((1797, 14.4),)
DEBUG 2025-03-27 19:42:41,049 psparser nextobject: (1797, 14.4)
DEBUG 2025-03-27 19:42:41,049 psparser nexttoken: (1802, /b'l')
DEBUG 2025-03-27 19:42:41,049 psparser do_keyword: pos=1802, token=/b'l', stack=[]
DEBUG 2025-03-27 19:42:41,050 psparser add_results: ((1802, /b'l'),)
DEBUG 2025-03-27 19:42:41,050 psparser nextobject: (1802, /b'l')
DEBUG 2025-03-27 19:42:41,050 pdfinterp exec: l [0, 14.4]
DEBUG 2025-03-27 19:42:41,050 psparser nexttoken: (1804, 0)
DEBUG 2025-03-27 19:42:41,050 psparser add_results: ((1804, 0),)
DEBUG 2025-03-27 19:42:41,051 psparser nextobject: (1804, 0)
DEBUG 2025-03-27 19:42:41,051 psparser nexttoken: (1806, 0)
DEBUG 2025-03-27 19:42:41,051 psparser add_results: ((1806, 0),)
DEBUG 2025-03-27 19:42:41,051 psparser nextobject: (1806, 0)
DEBUG 2025-03-27 19:42:41,051 psparser nexttoken: (1808, /b'l')
DEBUG 2025-03-27 19:42:41,051 psparser do_keyword: pos=1808, token=/b'l', stack=[]
DEBUG 2025-03-27 19:42:41,051 psparser add_results: ((1808, /b'l'),)
DEBUG 2025-03-27 19:42:41,051 psparser nextobject: (1808, /b'l')
DEBUG 2025-03-27 19:42:41,051 pdfinterp exec: l [0, 0]
DEBUG 2025-03-27 19:42:41,051 psparser nexttoken: (1810, /b'W')
DEBUG 2025-03-27 19:42:41,051 psparser do_keyword: pos=1810, token=/b'W', stack=[]
DEBUG 2025-03-27 19:42:41,051 psparser add_results: ((1810, /b'W'),)
DEBUG 2025-03-27 19:42:41,051 psparser nextobject: (1810, /b'W')
DEBUG 2025-03-27 19:42:41,051 pdfinterp exec: W
DEBUG 2025-03-27 19:42:41,051 psparser nexttoken: (1812, /b'n')
DEBUG 2025-03-27 19:42:41,051 psparser do_keyword: pos=1812, token=/b'n', stack=[]
DEBUG 2025-03-27 19:42:41,051 psparser add_results: ((1812, /b'n'),)
DEBUG 2025-03-27 19:42:41,051 psparser nextobject: (1812, /b'n')
DEBUG 2025-03-27 19:42:41,051 pdfinterp exec: n
DEBUG 2025-03-27 19:42:41,052 psparser nexttoken: (1814, /'Artifact')
DEBUG 2025-03-27 19:42:41,052 psparser add_results: ((1814, /'Artifact'),)
DEBUG 2025-03-27 19:42:41,052 psparser nextobject: (1814, /'Artifact')
DEBUG 2025-03-27 19:42:41,052 psparser nexttoken: (1824, /b'BMC')
DEBUG 2025-03-27 19:42:41,052 psparser do_keyword: pos=1824, token=/b'BMC', stack=[]
DEBUG 2025-03-27 19:42:41,052 psparser add_results: ((1824, /b'BMC'),)
DEBUG 2025-03-27 19:42:41,052 psparser nextobject: (1824, /b'BMC')
DEBUG 2025-03-27 19:42:41,052 pdfinterp exec: BMC [/'Artifact']
DEBUG 2025-03-27 19:42:41,052 psparser nexttoken: (1828, 0.1608)
DEBUG 2025-03-27 19:42:41,052 psparser add_results: ((1828, 0.1608),)
DEBUG 2025-03-27 19:42:41,052 psparser nextobject: (1828, 0.1608)
DEBUG 2025-03-27 19:42:41,052 psparser nexttoken: (1835, 0.2431)
DEBUG 2025-03-27 19:42:41,052 psparser add_results: ((1835, 0.2431),)
DEBUG 2025-03-27 19:42:41,052 psparser nextobject: (1835, 0.2431)
DEBUG 2025-03-27 19:42:41,052 psparser nexttoken: (1842, 0.2863)
DEBUG 2025-03-27 19:42:41,053 psparser add_results: ((1842, 0.2863),)
DEBUG 2025-03-27 19:42:41,053 psparser nextobject: (1842, 0.2863)
DEBUG 2025-03-27 19:42:41,053 psparser nexttoken: (1849, /b'rg')
DEBUG 2025-03-27 19:42:41,053 psparser do_keyword: pos=1849, token=/b'rg', stack=[]
DEBUG 2025-03-27 19:42:41,053 psparser add_results: ((1849, /b'rg'),)
DEBUG 2025-03-27 19:42:41,053 psparser nextobject: (1849, /b'rg')
DEBUG 2025-03-27 19:42:41,053 pdfinterp exec: rg [0.1608, 0.2431, 0.2863]
DEBUG 2025-03-27 19:42:41,053 psparser nexttoken: (1852, 0)
DEBUG 2025-03-27 19:42:41,053 psparser add_results: ((1852, 0),)
DEBUG 2025-03-27 19:42:41,053 psparser nextobject: (1852, 0)
DEBUG 2025-03-27 19:42:41,053 psparser nexttoken: (1854, 0)
DEBUG 2025-03-27 19:42:41,053 psparser add_results: ((1854, 0),)
DEBUG 2025-03-27 19:42:41,053 psparser nextobject: (1854, 0)
DEBUG 2025-03-27 19:42:41,053 psparser nexttoken: (1856, 201.960007)
DEBUG 2025-03-27 19:42:41,053 psparser add_results: ((1856, 201.960007),)
DEBUG 2025-03-27 19:42:41,054 psparser nextobject: (1856, 201.960007)
DEBUG 2025-03-27 19:42:41,054 psparser nexttoken: (1867, 14.4)
DEBUG 2025-03-27 19:42:41,054 psparser add_results: ((1867, 14.4),)
DEBUG 2025-03-27 19:42:41,054 psparser nextobject: (1867, 14.4)
DEBUG 2025-03-27 19:42:41,054 psparser nexttoken: (1872, /b're')
DEBUG 2025-03-27 19:42:41,054 psparser do_keyword: pos=1872, token=/b're', stack=[]
DEBUG 2025-03-27 19:42:41,054 psparser add_results: ((1872, /b're'),)
DEBUG 2025-03-27 19:42:41,054 psparser nextobject: (1872, /b're')
DEBUG 2025-03-27 19:42:41,054 pdfinterp exec: re [0, 0, 201.960007, 14.4]
DEBUG 2025-03-27 19:42:41,054 psparser nexttoken: (1875, /b'f')
DEBUG 2025-03-27 19:42:41,054 psparser do_keyword: pos=1875, token=/b'f', stack=[]
DEBUG 2025-03-27 19:42:41,054 psparser add_results: ((1875, /b'f'),)
DEBUG 2025-03-27 19:42:41,054 psparser nextobject: (1875, /b'f')
DEBUG 2025-03-27 19:42:41,055 pdfinterp exec: f
DEBUG 2025-03-27 19:42:41,055 psparser nexttoken: (1877, /b'EMC')
DEBUG 2025-03-27 19:42:41,055 psparser do_keyword: pos=1877, token=/b'EMC', stack=[]
DEBUG 2025-03-27 19:42:41,055 psparser add_results: ((1877, /b'EMC'),)
DEBUG 2025-03-27 19:42:41,055 psparser nextobject: (1877, /b'EMC')
DEBUG 2025-03-27 19:42:41,055 pdfinterp exec: EMC
DEBUG 2025-03-27 19:42:41,055 psparser nexttoken: (1881, /b'Q')
DEBUG 2025-03-27 19:42:41,055 psparser do_keyword: pos=1881, token=/b'Q', stack=[]
DEBUG 2025-03-27 19:42:41,055 psparser add_results: ((1881, /b'Q'),)
DEBUG 2025-03-27 19:42:41,055 psparser nextobject: (1881, /b'Q')
DEBUG 2025-03-27 19:42:41,056 pdfinterp exec: Q
DEBUG 2025-03-27 19:42:41,056 psparser nexttoken: (1883, 0)
DEBUG 2025-03-27 19:42:41,056 psparser add_results: ((1883, 0),)
DEBUG 2025-03-27 19:42:41,056 psparser nextobject: (1883, 0)
DEBUG 2025-03-27 19:42:41,056 psparser nexttoken: (1885, /b'g')
DEBUG 2025-03-27 19:42:41,056 psparser do_keyword: pos=1885, token=/b'g', stack=[]
DEBUG 2025-03-27 19:42:41,056 psparser add_results: ((1885, /b'g'),)
DEBUG 2025-03-27 19:42:41,057 psparser nextobject: (1885, /b'g')
DEBUG 2025-03-27 19:42:41,057 pdfinterp exec: g [0]
DEBUG 2025-03-27 19:42:41,057 psparser nexttoken: (1887, /'Artifact')
DEBUG 2025-03-27 19:42:41,057 psparser add_results: ((1887, /'Artifact'),)
DEBUG 2025-03-27 19:42:41,057 psparser nextobject: (1887, /'Artifact')
DEBUG 2025-03-27 19:42:41,057 psparser nexttoken: (1897, /b'BMC')
DEBUG 2025-03-27 19:42:41,058 psparser do_keyword: pos=1897, token=/b'BMC', stack=[]
DEBUG 2025-03-27 19:42:41,058 psparser add_results: ((1897, /b'BMC'),)
DEBUG 2025-03-27 19:42:41,058 psparser nextobject: (1897, /b'BMC')
DEBUG 2025-03-27 19:42:41,058 pdfinterp exec: BMC [/'Artifact']
DEBUG 2025-03-27 19:42:41,058 psparser nexttoken: (1901, /b'BT')
DEBUG 2025-03-27 19:42:41,058 psparser do_keyword: pos=1901, token=/b'BT', stack=[]
DEBUG 2025-03-27 19:42:41,058 psparser add_results: ((1901, /b'BT'),)
DEBUG 2025-03-27 19:42:41,058 psparser nextobject: (1901, /b'BT')
DEBUG 2025-03-27 19:42:41,058 pdfinterp exec: BT
DEBUG 2025-03-27 19:42:41,058 psparser nexttoken: (1904, /'F15')
DEBUG 2025-03-27 19:42:41,058 psparser add_results: ((1904, /'F15'),)
DEBUG 2025-03-27 19:42:41,059 psparser nextobject: (1904, /'F15')
DEBUG 2025-03-27 19:42:41,059 psparser nexttoken: (1909, 12)
DEBUG 2025-03-27 19:42:41,059 psparser add_results: ((1909, 12),)
DEBUG 2025-03-27 19:42:41,059 psparser nextobject: (1909, 12)
DEBUG 2025-03-27 19:42:41,059 psparser nexttoken: (1912, /b'Tf')
DEBUG 2025-03-27 19:42:41,059 psparser do_keyword: pos=1912, token=/b'Tf', stack=[]
DEBUG 2025-03-27 19:42:41,059 psparser add_results: ((1912, /b'Tf'),)
DEBUG 2025-03-27 19:42:41,059 psparser nextobject: (1912, /b'Tf')
DEBUG 2025-03-27 19:42:41,059 pdfinterp exec: Tf [/'F15', 12]
DEBUG 2025-03-27 19:42:41,059 psparser nexttoken: (1915, 1)
DEBUG 2025-03-27 19:42:41,059 psparser add_results: ((1915, 1),)
DEBUG 2025-03-27 19:42:41,059 psparser nextobject: (1915, 1)
DEBUG 2025-03-27 19:42:41,059 psparser nexttoken: (1917, 0)
DEBUG 2025-03-27 19:42:41,059 psparser add_results: ((1917, 0),)
DEBUG 2025-03-27 19:42:41,060 psparser nextobject: (1917, 0)
DEBUG 2025-03-27 19:42:41,060 psparser nexttoken: (1919, 0)
DEBUG 2025-03-27 19:42:41,060 psparser add_results: ((1919, 0),)
DEBUG 2025-03-27 19:42:41,060 psparser nextobject: (1919, 0)
DEBUG 2025-03-27 19:42:41,060 psparser nexttoken: (1921, -1)
DEBUG 2025-03-27 19:42:41,060 psparser add_results: ((1921, -1),)
DEBUG 2025-03-27 19:42:41,060 psparser nextobject: (1921, -1)
DEBUG 2025-03-27 19:42:41,060 psparser nexttoken: (1924, 0)
DEBUG 2025-03-27 19:42:41,060 psparser add_results: ((1924, 0),)
DEBUG 2025-03-27 19:42:41,061 psparser nextobject: (1924, 0)
DEBUG 2025-03-27 19:42:41,061 psparser nexttoken: (1926, 10.31400013)
DEBUG 2025-03-27 19:42:41,061 psparser add_results: ((1926, 10.31400013),)
DEBUG 2025-03-27 19:42:41,061 psparser nextobject: (1926, 10.31400013)
DEBUG 2025-03-27 19:42:41,061 psparser nexttoken: (1938, /b'Tm')
DEBUG 2025-03-27 19:42:41,061 psparser do_keyword: pos=1938, token=/b'Tm', stack=[]
DEBUG 2025-03-27 19:42:41,061 psparser add_results: ((1938, /b'Tm'),)
DEBUG 2025-03-27 19:42:41,062 psparser nextobject: (1938, /b'Tm')
DEBUG 2025-03-27 19:42:41,062 pdfinterp exec: Tm [1, 0, 0, -1, 0, 10.31400013]
DEBUG 2025-03-27 19:42:41,062 psparser nexttoken: (1941, /b'[')
DEBUG 2025-03-27 19:42:41,062 psparser start_type: pos=1941, type='a'
DEBUG 2025-03-27 19:42:41,062 psparser nexttoken: (1942, b'\x00B')
DEBUG 2025-03-27 19:42:41,062 psparser nexttoken: (1948, /b']')
DEBUG 2025-03-27 19:42:41,062 psparser end_type: pos=1941, type='a', objs=[b'\x00B']
DEBUG 2025-03-27 19:42:41,062 psparser add_results: ((1941, [b'\x00B']),)
DEBUG 2025-03-27 19:42:41,062 psparser nextobject: (1941, [b'\x00B'])
DEBUG 2025-03-27 19:42:41,062 psparser nexttoken: (1950, /b'TJ')
DEBUG 2025-03-27 19:42:41,062 psparser do_keyword: pos=1950, token=/b'TJ', stack=[]
DEBUG 2025-03-27 19:42:41,062 psparser add_results: ((1950, /b'TJ'),)
DEBUG 2025-03-27 19:42:41,062 psparser nextobject: (1950, /b'TJ')
DEBUG 2025-03-27 19:42:41,062 pdfinterp exec: TJ [[b'\x00B']]
DEBUG 2025-03-27 19:42:41,062 cmapdb get_unichr: <UnicodeMap: /'Adobe-Identity-UCS'>, 66
DEBUG 2025-03-27 19:42:41,062 psparser nexttoken: (1953, /b'ET')
DEBUG 2025-03-27 19:42:41,063 psparser do_keyword: pos=1953, token=/b'ET', stack=[]
DEBUG 2025-03-27 19:42:41,063 psparser add_results: ((1953, /b'ET'),)
DEBUG 2025-03-27 19:42:41,063 psparser nextobject: (1953, /b'ET')
DEBUG 2025-03-27 19:42:41,063 pdfinterp exec: ET
DEBUG 2025-03-27 19:42:41,063 psparser nexttoken: (1956, /b'EMC')
DEBUG 2025-03-27 19:42:41,063 psparser do_keyword: pos=1956, token=/b'EMC', stack=[]
DEBUG 2025-03-27 19:42:41,063 psparser add_results: ((1956, /b'EMC'),)
DEBUG 2025-03-27 19:42:41,063 psparser nextobject: (1956, /b'EMC')
DEBUG 2025-03-27 19:42:41,063 pdfinterp exec: EMC
DEBUG 2025-03-27 19:42:41,064 psparser nexttoken: (1960, /b'q')
DEBUG 2025-03-27 19:42:41,064 psparser do_keyword: pos=1960, token=/b'q', stack=[]
DEBUG 2025-03-27 19:42:41,064 psparser add_results: ((1960, /b'q'),)
DEBUG 2025-03-27 19:42:41,064 psparser nextobject: (1960, /b'q')
DEBUG 2025-03-27 19:42:41,064 pdfinterp exec: q
DEBUG 2025-03-27 19:42:41,064 psparser nexttoken: (1962, 1)
DEBUG 2025-03-27 19:42:41,064 psparser add_results: ((1962, 1),)
DEBUG 2025-03-27 19:42:41,064 psparser nextobject: (1962, 1)
DEBUG 2025-03-27 19:42:41,065 psparser nexttoken: (1964, 0)
DEBUG 2025-03-27 19:42:41,065 psparser add_results: ((1964, 0),)
DEBUG 2025-03-27 19:42:41,065 psparser nextobject: (1964, 0)
DEBUG 2025-03-27 19:42:41,065 psparser nexttoken: (1966, 0)
DEBUG 2025-03-27 19:42:41,065 psparser add_results: ((1966, 0),)
DEBUG 2025-03-27 19:42:41,065 psparser nextobject: (1966, 0)
DEBUG 2025-03-27 19:42:41,065 psparser nexttoken: (1968, 1)
DEBUG 2025-03-27 19:42:41,065 psparser add_results: ((1968, 1),)
DEBUG 2025-03-27 19:42:41,065 psparser nextobject: (1968, 1)
DEBUG 2025-03-27 19:42:41,065 psparser nexttoken: (1970, 201.96)
DEBUG 2025-03-27 19:42:41,066 psparser add_results: ((1970, 201.96),)
DEBUG 2025-03-27 19:42:41,066 psparser nextobject: (1970, 201.96)
DEBUG 2025-03-27 19:42:41,066 psparser nexttoken: (1977, 0)
DEBUG 2025-03-27 19:42:41,066 psparser add_results: ((1977, 0),)
DEBUG 2025-03-27 19:42:41,066 psparser nextobject: (1977, 0)
DEBUG 2025-03-27 19:42:41,066 psparser nexttoken: (1979, /b'cm')
DEBUG 2025-03-27 19:42:41,066 psparser do_keyword: pos=1979, token=/b'cm', stack=[]
DEBUG 2025-03-27 19:42:41,066 psparser add_results: ((1979, /b'cm'),)
DEBUG 2025-03-27 19:42:41,066 psparser nextobject: (1979, /b'cm')
DEBUG 2025-03-27 19:42:41,066 pdfinterp exec: cm [1, 0, 0, 1, 201.96, 0]
DEBUG 2025-03-27 19:42:41,066 psparser nexttoken: (1982, /'Artifact')
DEBUG 2025-03-27 19:42:41,066 psparser add_results: ((1982, /'Artifact'),)
DEBUG 2025-03-27 19:42:41,066 psparser nextobject: (1982, /'Artifact')
DEBUG 2025-03-27 19:42:41,066 psparser nexttoken: (1992, /b'BMC')
DEBUG 2025-03-27 19:42:41,066 psparser do_keyword: pos=1992, token=/b'BMC', stack=[]
DEBUG 2025-03-27 19:42:41,066 psparser add_results: ((1992, /b'BMC'),)
DEBUG 2025-03-27 19:42:41,066 psparser nextobject: (1992, /b'BMC')
DEBUG 2025-03-27 19:42:41,067 pdfinterp exec: BMC [/'Artifact']
DEBUG 2025-03-27 19:42:41,067 psparser nexttoken: (1996, /b'BT')
DEBUG 2025-03-27 19:42:41,067 psparser do_keyword: pos=1996, token=/b'BT', stack=[]
DEBUG 2025-03-27 19:42:41,067 psparser add_results: ((1996, /b'BT'),)
DEBUG 2025-03-27 19:42:41,067 psparser nextobject: (1996, /b'BT')
DEBUG 2025-03-27 19:42:41,067 pdfinterp exec: BT
DEBUG 2025-03-27 19:42:41,067 psparser nexttoken: (1999, /'F15')
DEBUG 2025-03-27 19:42:41,067 psparser add_results: ((1999, /'F15'),)
DEBUG 2025-03-27 19:42:41,067 psparser nextobject: (1999, /'F15')
DEBUG 2025-03-27 19:42:41,067 psparser nexttoken: (2004, 9)
DEBUG 2025-03-27 19:42:41,067 psparser add_results: ((2004, 9),)
DEBUG 2025-03-27 19:42:41,067 psparser nextobject: (2004, 9)
DEBUG 2025-03-27 19:42:41,068 psparser nexttoken: (2006, /b'Tf')
DEBUG 2025-03-27 19:42:41,068 psparser do_keyword: pos=2006, token=/b'Tf', stack=[]
DEBUG 2025-03-27 19:42:41,068 psparser add_results: ((2006, /b'Tf'),)
DEBUG 2025-03-27 19:42:41,068 psparser nextobject: (2006, /b'Tf')
DEBUG 2025-03-27 19:42:41,068 pdfinterp exec: Tf [/'F15', 9]
DEBUG 2025-03-27 19:42:41,068 psparser nexttoken: (2009, 1)
DEBUG 2025-03-27 19:42:41,068 psparser add_results: ((2009, 1),)
DEBUG 2025-03-27 19:42:41,068 psparser nextobject: (2009, 1)
DEBUG 2025-03-27 19:42:41,068 psparser nexttoken: (2011, 0)
DEBUG 2025-03-27 19:42:41,068 psparser add_results: ((2011, 0),)
DEBUG 2025-03-27 19:42:41,069 psparser nextobject: (2011, 0)
DEBUG 2025-03-27 19:42:41,069 psparser nexttoken: (2013, 0)
DEBUG 2025-03-27 19:42:41,069 psparser add_results: ((2013, 0),)
DEBUG 2025-03-27 19:42:41,069 psparser nextobject: (2013, 0)
DEBUG 2025-03-27 19:42:41,069 psparser nexttoken: (2015, -1)
DEBUG 2025-03-27 19:42:41,069 psparser add_results: ((2015, -1),)
DEBUG 2025-03-27 19:42:41,069 psparser nextobject: (2015, -1)
DEBUG 2025-03-27 19:42:41,069 psparser nexttoken: (2018, 182.0249939)
DEBUG 2025-03-27 19:42:41,070 psparser add_results: ((2018, 182.0249939),)
DEBUG 2025-03-27 19:42:41,070 psparser nextobject: (2018, 182.0249939)
DEBUG 2025-03-27 19:42:41,070 psparser nexttoken: (2030, 7.73500013)
DEBUG 2025-03-27 19:42:41,070 psparser add_results: ((2030, 7.73500013),)
DEBUG 2025-03-27 19:42:41,070 psparser nextobject: (2030, 7.73500013)
DEBUG 2025-03-27 19:42:41,070 psparser nexttoken: (2041, /b'Tm')
DEBUG 2025-03-27 19:42:41,070 psparser do_keyword: pos=2041, token=/b'Tm', stack=[]
DEBUG 2025-03-27 19:42:41,070 psparser add_results: ((2041, /b'Tm'),)
DEBUG 2025-03-27 19:42:41,070 psparser nextobject: (2041, /b'Tm')
DEBUG 2025-03-27 19:42:41,071 pdfinterp exec: Tm [1, 0, 0, -1, 182.0249939, 7.73500013]
DEBUG 2025-03-27 19:42:41,071 psparser nexttoken: (2044, /b'[')
DEBUG 2025-03-27 19:42:41,071 psparser start_type: pos=2044, type='a'
DEBUG 2025-03-27 19:42:41,071 psparser nexttoken: (2045, b'\x001\x00\x07\x00&\x00\x0e\x00\x01')
DEBUG 2025-03-27 19:42:41,071 psparser nexttoken: (2067, /b']')
DEBUG 2025-03-27 19:42:41,071 psparser end_type: pos=2044, type='a', objs=[b'\x001\x00\x07\x00&\x00\x0e\x00\x01']
DEBUG 2025-03-27 19:42:41,071 psparser add_results: ((2044, [b'\x001\x00\x07\x00&\x00\x0e\x00\x01']),)
DEBUG 2025-03-27 19:42:41,071 psparser nextobject: (2044, [b'\x001\x00\x07\x00&\x00\x0e\x00\x01'])
DEBUG 2025-03-27 19:42:41,072 psparser nexttoken: (2069, /b'TJ')
DEBUG 2025-03-27 19:42:41,072 psparser do_keyword: pos=2069, token=/b'TJ', stack=[]
DEBUG 2025-03-27 19:42:41,072 psparser add_results: ((2069, /b'TJ'),)
DEBUG 2025-03-27 19:42:41,072 psparser nextobject: (2069, /b'TJ')
DEBUG 2025-03-27 19:42:41,072 pdfinterp exec: TJ [[b'\x001\x00\x07\x00&\x00\x0e\x00\x01']]
DEBUG 2025-03-27 19:42:41,072 cmapdb get_unichr: <UnicodeMap: /'Adobe-Identity-UCS'>, 49
DEBUG 2025-03-27 19:42:41,072 cmapdb get_unichr: <UnicodeMap: /'Adobe-Identity-UCS'>, 7
DEBUG 2025-03-27 19:42:41,072 cmapdb get_unichr: <UnicodeMap: /'Adobe-Identity-UCS'>, 38
DEBUG 2025-03-27 19:42:41,072 cmapdb get_unichr: <UnicodeMap: /'Adobe-Identity-UCS'>, 14
DEBUG 2025-03-27 19:42:41,072 cmapdb get_unichr: <UnicodeMap: /'Adobe-Identity-UCS'>, 1
DEBUG 2025-03-27 19:42:41,072 psparser nexttoken: (2072, /b'ET')
DEBUG 2025-03-27 19:42:41,072 psparser do_keyword: pos=2072, token=/b'ET', stack=[]
DEBUG 2025-03-27 19:42:41,072 psparser add_results: ((2072, /b'ET'),)
DEBUG 2025-03-27 19:42:41,073 psparser nextobject: (2072, /b'ET')
DEBUG 2025-03-27 19:42:41,073 pdfinterp exec: ET
DEBUG 2025-03-27 19:42:41,073 psparser nexttoken: (2075, /b'EMC')
DEBUG 2025-03-27 19:42:41,073 psparser do_keyword: pos=2075, token=/b'EMC', stack=[]
DEBUG 2025-03-27 19:42:41,073 psparser add_results: ((2075, /b'EMC'),)
DEBUG 2025-03-27 19:42:41,073 psparser nextobject: (2075, /b'EMC')
DEBUG 2025-03-27 19:42:41,073 pdfinterp exec: EMC
DEBUG 2025-03-27 19:42:41,073 psparser nexttoken: (2079, /'Artifact')
DEBUG 2025-03-27 19:42:41,073 psparser add_results: ((2079, /'Artifact'),)
DEBUG 2025-03-27 19:42:41,073 psparser nextobject: (2079, /'Artifact')
DEBUG 2025-03-27 19:42:41,073 psparser nexttoken: (2089, /b'BMC')
DEBUG 2025-03-27 19:42:41,073 psparser do_keyword: pos=2089, token=/b'BMC', stack=[]
DEBUG 2025-03-27 19:42:41,073 psparser add_results: ((2089, /b'BMC'),)
DEBUG 2025-03-27 19:42:41,074 psparser nextobject: (2089, /b'BMC')
DEBUG 2025-03-27 19:42:41,074 pdfinterp exec: BMC [/'Artifact']
DEBUG 2025-03-27 19:42:41,074 psparser nexttoken: (2093, /b'BT')
DEBUG 2025-03-27 19:42:41,074 psparser do_keyword: pos=2093, token=/b'BT', stack=[]
DEBUG 2025-03-27 19:42:41,074 psparser add_results: ((2093, /b'BT'),)
DEBUG 2025-03-27 19:42:41,074 psparser nextobject: (2093, /b'BT')
DEBUG 2025-03-27 19:42:41,074 pdfinterp exec: BT
DEBUG 2025-03-27 19:42:41,074 psparser nexttoken: (2096, /'F15')
DEBUG 2025-03-27 19:42:41,074 psparser add_results: ((2096, /'F15'),)
DEBUG 2025-03-27 19:42:41,075 psparser nextobject: (2096, /'F15')
DEBUG 2025-03-27 19:42:41,075 psparser nexttoken: (2101, 9)
DEBUG 2025-03-27 19:42:41,075 psparser add_results: ((2101, 9),)
DEBUG 2025-03-27 19:42:41,075 psparser nextobject: (2101, 9)
DEBUG 2025-03-27 19:42:41,076 psparser nexttoken: (2103, /b'Tf')
DEBUG 2025-03-27 19:42:41,076 psparser do_keyword: pos=2103, token=/b'Tf', stack=[]
DEBUG 2025-03-27 19:42:41,076 psparser add_results: ((2103, /b'Tf'),)
DEBUG 2025-03-27 19:42:41,077 psparser nextobject: (2103, /b'Tf')
DEBUG 2025-03-27 19:42:41,078 pdfinterp exec: Tf [/'F15', 9]
DEBUG 2025-03-27 19:42:41,078 psparser nexttoken: (2106, 1)
DEBUG 2025-03-27 19:42:41,080 psparser add_results: ((2106, 1),)
DEBUG 2025-03-27 19:42:41,080 psparser nextobject: (2106, 1)
DEBUG 2025-03-27 19:42:41,080 psparser nexttoken: (2108, 0)
DEBUG 2025-03-27 19:42:41,080 psparser add_results: ((2108, 0),)
DEBUG 2025-03-27 19:42:41,080 psparser nextobject: (2108, 0)
DEBUG 2025-03-27 19:42:41,080 psparser nexttoken: (2110, 0)
DEBUG 2025-03-27 19:42:41,080 psparser add_results: ((2110, 0),)
DEBUG 2025-03-27 19:42:41,080 psparser nextobject: (2110, 0)
DEBUG 2025-03-27 19:42:41,080 psparser nexttoken: (2112, -1)
DEBUG 2025-03-27 19:42:41,081 psparser add_results: ((2112, -1),)
DEBUG 2025-03-27 19:42:41,081 psparser nextobject: (2112, -1)
DEBUG 2025-03-27 19:42:41,081 psparser nexttoken: (2115, 205.52400208)
DEBUG 2025-03-27 19:42:41,081 psparser add_results: ((2115, 205.52400208),)
DEBUG 2025-03-27 19:42:41,081 psparser nextobject: (2115, 205.52400208)
DEBUG 2025-03-27 19:42:41,081 psparser nexttoken: (2128, 7.73500013)
DEBUG 2025-03-27 19:42:41,081 psparser add_results: ((2128, 7.73500013),)
DEBUG 2025-03-27 19:42:41,081 psparser nextobject: (2128, 7.73500013)
DEBUG 2025-03-27 19:42:41,081 psparser nexttoken: (2139, /b'Tm')
DEBUG 2025-03-27 19:42:41,081 psparser do_keyword: pos=2139, token=/b'Tm', stack=[]
DEBUG 2025-03-27 19:42:41,082 psparser add_results: ((2139, /b'Tm'),)
DEBUG 2025-03-27 19:42:41,082 psparser nextobject: (2139, /b'Tm')
DEBUG 2025-03-27 19:42:41,082 pdfinterp exec: Tm [1, 0, 0, -1, 205.52400208, 7.73500013]
DEBUG 2025-03-27 19:42:41,082 psparser nexttoken: (2142, /b'[')
DEBUG 2025-03-27 19:42:41,082 psparser start_type: pos=2142, type='a'
DEBUG 2025-03-27 19:42:41,082 psparser nexttoken: (2143, b'\x00\x1d')
DEBUG 2025-03-27 19:42:41,083 psparser nexttoken: (2149, /b']')
DEBUG 2025-03-27 19:42:41,083 psparser end_type: pos=2142, type='a', objs=[b'\x00\x1d']
DEBUG 2025-03-27 19:42:41,083 psparser add_results: ((2142, [b'\x00\x1d']),)
DEBUG 2025-03-27 19:42:41,083 psparser nextobject: (2142, [b'\x00\x1d'])
DEBUG 2025-03-27 19:42:41,083 psparser nexttoken: (2151, /b'TJ')
DEBUG 2025-03-27 19:42:41,083 psparser do_keyword: pos=2151, token=/b'TJ', stack=[]
DEBUG 2025-03-27 19:42:41,083 psparser add_results: ((2151, /b'TJ'),)
DEBUG 2025-03-27 19:42:41,083 psparser nextobject: (2151, /b'TJ')
DEBUG 2025-03-27 19:42:41,083 pdfinterp exec: TJ [[b'\x00\x1d']]
DEBUG 2025-03-27 19:42:41,083 cmapdb get_unichr: <UnicodeMap: /'Adobe-Identity-UCS'>, 29
DEBUG 2025-03-27 19:42:41,084 psparser nexttoken: (2154, /b'ET')
DEBUG 2025-03-27 19:42:41,084 psparser do_keyword: pos=2154, token=/b'ET', stack=[]
DEBUG 2025-03-27 19:42:41,084 psparser add_results: ((2154, /b'ET'),)
DEBUG 2025-03-27 19:42:41,084 psparser nextobject: (2154, /b'ET')
DEBUG 2025-03-27 19:42:41,084 pdfinterp exec: ET
DEBUG 2025-03-27 19:42:41,084 psparser nexttoken: (2157, /b'EMC')
DEBUG 2025-03-27 19:42:41,084 psparser do_keyword: pos=2157, token=/b'EMC', stack=[]
DEBUG 2025-03-27 19:42:41,084 psparser add_results: ((2157, /b'EMC'),)
DEBUG 2025-03-27 19:42:41,084 psparser nextobject: (2157, /b'EMC')
DEBUG 2025-03-27 19:42:41,085 pdfinterp exec: EMC
DEBUG 2025-03-27 19:42:41,085 psparser nexttoken: (2161, /'Artifact')
DEBUG 2025-03-27 19:42:41,085 psparser add_results: ((2161, /'Artifact'),)
DEBUG 2025-03-27 19:42:41,085 psparser nextobject: (2161, /'Artifact')
DEBUG 2025-03-27 19:42:41,085 psparser nexttoken: (2171, /b'BMC')
DEBUG 2025-03-27 19:42:41,085 psparser do_keyword: pos=2171, token=/b'BMC', stack=[]
DEBUG 2025-03-27 19:42:41,085 psparser add_results: ((2171, /b'BMC'),)
DEBUG 2025-03-27 19:42:41,086 psparser nextobject: (2171, /b'BMC')
DEBUG 2025-03-27 19:42:41,086 pdfinterp exec: BMC [/'Artifact']
DEBUG 2025-03-27 19:42:41,086 psparser nexttoken: (2175, /b'BT')
DEBUG 2025-03-27 19:42:41,086 psparser do_keyword: pos=2175, token=/b'BT', stack=[]
DEBUG 2025-03-27 19:42:41,086 psparser add_results: ((2175, /b'BT'),)
DEBUG 2025-03-27 19:42:41,086 psparser nextobject: (2175, /b'BT')
DEBUG 2025-03-27 19:42:41,086 pdfinterp exec: BT
DEBUG 2025-03-27 19:42:41,087 psparser nexttoken: (2178, /'F15')
DEBUG 2025-03-27 19:42:41,087 psparser add_results: ((2178, /'F15'),)
DEBUG 2025-03-27 19:42:41,087 psparser nextobject: (2178, /'F15')
DEBUG 2025-03-27 19:42:41,087 psparser nexttoken: (2183, 9)
DEBUG 2025-03-27 19:42:41,087 psparser add_results: ((2183, 9),)
DEBUG 2025-03-27 19:42:41,087 psparser nextobject: (2183, 9)
DEBUG 2025-03-27 19:42:41,087 psparser nexttoken: (2185, /b'Tf')
DEBUG 2025-03-27 19:42:41,087 psparser do_keyword: pos=2185, token=/b'Tf', stack=[]
DEBUG 2025-03-27 19:42:41,087 psparser add_results: ((2185, /b'Tf'),)
DEBUG 2025-03-27 19:42:41,087 psparser nextobject: (2185, /b'Tf')
DEBUG 2025-03-27 19:42:41,088 pdfinterp exec: Tf [/'F15', 9]
DEBUG 2025-03-27 19:42:41,088 psparser nexttoken: (2188, 1)
DEBUG 2025-03-27 19:42:41,088 psparser add_results: ((2188, 1),)
DEBUG 2025-03-27 19:42:41,088 psparser nextobject: (2188, 1)
DEBUG 2025-03-27 19:42:41,088 psparser nexttoken: (2190, 0)
DEBUG 2025-03-27 19:42:41,088 psparser add_results: ((2190, 0),)
DEBUG 2025-03-27 19:42:41,088 psparser nextobject: (2190, 0)
DEBUG 2025-03-27 19:42:41,089 psparser nexttoken: (2192, 0)
DEBUG 2025-03-27 19:42:41,089 psparser add_results: ((2192, 0),)
DEBUG 2025-03-27 19:42:41,089 psparser nextobject: (2192, 0)
DEBUG 2025-03-27 19:42:41,089 psparser nexttoken: (2194, -1)
DEBUG 2025-03-27 19:42:41,089 psparser add_results: ((2194, -1),)
DEBUG 2025-03-27 19:42:41,089 psparser nextobject: (2194, -1)
DEBUG 2025-03-27 19:42:41,089 psparser nexttoken: (2197, 210.52799988)
DEBUG 2025-03-27 19:42:41,090 psparser add_results: ((2197, 210.52799988),)
DEBUG 2025-03-27 19:42:41,090 psparser nextobject: (2197, 210.52799988)
DEBUG 2025-03-27 19:42:41,090 psparser nexttoken: (2210, 7.73500013)
DEBUG 2025-03-27 19:42:41,090 psparser add_results: ((2210, 7.73500013),)
DEBUG 2025-03-27 19:42:41,090 psparser nextobject: (2210, 7.73500013)
DEBUG 2025-03-27 19:42:41,090 psparser nexttoken: (2221, /b'Tm')
DEBUG 2025-03-27 19:42:41,090 psparser do_keyword: pos=2221, token=/b'Tm', stack=[]
DEBUG 2025-03-27 19:42:41,090 psparser add_results: ((2221, /b'Tm'),)
DEBUG 2025-03-27 19:42:41,090 psparser nextobject: (2221, /b'Tm')
DEBUG 2025-03-27 19:42:41,091 pdfinterp exec: Tm [1, 0, 0, -1, 210.52799988, 7.73500013]
DEBUG 2025-03-27 19:42:41,091 psparser nexttoken: (2224, /b'[')
DEBUG 2025-03-27 19:42:41,091 psparser start_type: pos=2224, type='a'
DEBUG 2025-03-27 19:42:41,091 psparser nexttoken: (2225, b'\x00\x01\x00\x04\x000\x00\x01')
DEBUG 2025-03-27 19:42:41,091 psparser nexttoken: (2243, /b']')
DEBUG 2025-03-27 19:42:41,091 psparser end_type: pos=2224, type='a', objs=[b'\x00\x01\x00\x04\x000\x00\x01']
DEBUG 2025-03-27 19:42:41,091 psparser add_results: ((2224, [b'\x00\x01\x00\x04\x000\x00\x01']),)
DEBUG 2025-03-27 19:42:41,091 psparser nextobject: (2224, [b'\x00\x01\x00\x04\x000\x00\x01'])
DEBUG 2025-03-27 19:42:41,091 psparser nexttoken: (2245, /b'TJ')
DEBUG 2025-03-27 19:42:41,091 psparser do_keyword: pos=2245, token=/b'TJ', stack=[]
DEBUG 2025-03-27 19:42:41,092 psparser add_results: ((2245, /b'TJ'),)
DEBUG 2025-03-27 19:42:41,092 psparser nextobject: (2245, /b'TJ')
DEBUG 2025-03-27 19:42:41,092 pdfinterp exec: TJ [[b'\x00\x01\x00\x04\x000\x00\x01']]
DEBUG 2025-03-27 19:42:41,092 cmapdb get_unichr: <UnicodeMap: /'Adobe-Identity-UCS'>, 1
DEBUG 2025-03-27 19:42:41,093 cmapdb get_unichr: <UnicodeMap: /'Adobe-Identity-UCS'>, 4
DEBUG 2025-03-27 19:42:41,093 cmapdb get_unichr: <UnicodeMap: /'Adobe-Identity-UCS'>, 48
DEBUG 2025-03-27 19:42:41,093 cmapdb get_unichr: <UnicodeMap: /'Adobe-Identity-UCS'>, 1
DEBUG 2025-03-27 19:42:41,093 psparser nexttoken: (2248, /b'ET')
DEBUG 2025-03-27 19:42:41,094 psparser do_keyword: pos=2248, token=/b'ET', stack=[]
DEBUG 2025-03-27 19:42:41,094 psparser add_results: ((2248, /b'ET'),)
DEBUG 2025-03-27 19:42:41,094 psparser nextobject: (2248, /b'ET')
DEBUG 2025-03-27 19:42:41,094 pdfinterp exec: ET
DEBUG 2025-03-27 19:42:41,094 psparser nexttoken: (2251, /b'EMC')
DEBUG 2025-03-27 19:42:41,094 psparser do_keyword: pos=2251, token=/b'EMC', stack=[]
DEBUG 2025-03-27 19:42:41,094 psparser add_results: ((2251, /b'EMC'),)
DEBUG 2025-03-27 19:42:41,094 psparser nextobject: (2251, /b'EMC')
DEBUG 2025-03-27 19:42:41,094 pdfinterp exec: EMC
DEBUG 2025-03-27 19:42:41,094 psparser nexttoken: (2255, /'Artifact')
DEBUG 2025-03-27 19:42:41,095 psparser add_results: ((2255, /'Artifact'),)
DEBUG 2025-03-27 19:42:41,095 psparser nextobject: (2255, /'Artifact')
DEBUG 2025-03-27 19:42:41,095 psparser nexttoken: (2265, /b'BMC')
DEBUG 2025-03-27 19:42:41,095 psparser do_keyword: pos=2265, token=/b'BMC', stack=[]
DEBUG 2025-03-27 19:42:41,095 psparser add_results: ((2265, /b'BMC'),)
DEBUG 2025-03-27 19:42:41,095 psparser nextobject: (2265, /b'BMC')
DEBUG 2025-03-27 19:42:41,095 pdfinterp exec: BMC [/'Artifact']
DEBUG 2025-03-27 19:42:41,095 psparser nexttoken: (2269, /b'BT')
DEBUG 2025-03-27 19:42:41,095 psparser do_keyword: pos=2269, token=/b'BT', stack=[]
DEBUG 2025-03-27 19:42:41,096 psparser add_results: ((2269, /b'BT'),)
DEBUG 2025-03-27 19:42:41,096 psparser nextobject: (2269, /b'BT')
DEBUG 2025-03-27 19:42:41,096 pdfinterp exec: BT
DEBUG 2025-03-27 19:42:41,096 psparser nexttoken: (2272, /'F15')
DEBUG 2025-03-27 19:42:41,096 psparser add_results: ((2272, /'F15'),)
DEBUG 2025-03-27 19:42:41,096 psparser nextobject: (2272, /'F15')
DEBUG 2025-03-27 19:42:41,096 psparser nexttoken: (2277, 9)
DEBUG 2025-03-27 19:42:41,096 psparser add_results: ((2277, 9),)
DEBUG 2025-03-27 19:42:41,096 psparser nextobject: (2277, 9)
DEBUG 2025-03-27 19:42:41,097 psparser nexttoken: (2279, /b'Tf')
DEBUG 2025-03-27 19:42:41,097 psparser do_keyword: pos=2279, token=/b'Tf', stack=[]
DEBUG 2025-03-27 19:42:41,097 psparser add_results: ((2279, /b'Tf'),)
DEBUG 2025-03-27 19:42:41,097 psparser nextobject: (2279, /b'Tf')
DEBUG 2025-03-27 19:42:41,097 pdfinterp exec: Tf [/'F15', 9]
DEBUG 2025-03-27 19:42:41,097 psparser nexttoken: (2282, 1)
DEBUG 2025-03-27 19:42:41,097 psparser add_results: ((2282, 1),)
DEBUG 2025-03-27 19:42:41,097 psparser nextobject: (2282, 1)
DEBUG 2025-03-27 19:42:41,097 psparser nexttoken: (2284, 0)
DEBUG 2025-03-27 19:42:41,098 psparser add_results: ((2284, 0),)
DEBUG 2025-03-27 19:42:41,098 psparser nextobject: (2284, 0)
DEBUG 2025-03-27 19:42:41,098 psparser nexttoken: (2286, 0)
DEBUG 2025-03-27 19:42:41,098 psparser add_results: ((2286, 0),)
DEBUG 2025-03-27 19:42:41,098 psparser nextobject: (2286, 0)
DEBUG 2025-03-27 19:42:41,098 psparser nexttoken: (2288, -1)
DEBUG 2025-03-27 19:42:41,098 psparser add_results: ((2288, -1),)
DEBUG 2025-03-27 19:42:41,098 psparser nextobject: (2288, -1)
DEBUG 2025-03-27 19:42:41,098 psparser nexttoken: (2291, 223.01100159)
DEBUG 2025-03-27 19:42:41,098 psparser add_results: ((2291, 223.01100159),)
DEBUG 2025-03-27 19:42:41,098 psparser nextobject: (2291, 223.01100159)
DEBUG 2025-03-27 19:42:41,098 psparser nexttoken: (2304, 7.73500013)
DEBUG 2025-03-27 19:42:41,098 psparser add_results: ((2304, 7.73500013),)
DEBUG 2025-03-27 19:42:41,098 psparser nextobject: (2304, 7.73500013)
DEBUG 2025-03-27 19:42:41,098 psparser nexttoken: (2315, /b'Tm')
DEBUG 2025-03-27 19:42:41,099 psparser do_keyword: pos=2315, token=/b'Tm', stack=[]
DEBUG 2025-03-27 19:42:41,099 psparser add_results: ((2315, /b'Tm'),)
DEBUG 2025-03-27 19:42:41,099 psparser nextobject: (2315, /b'Tm')
DEBUG 2025-03-27 19:42:41,099 pdfinterp exec: Tm [1, 0, 0, -1, 223.01100159, 7.73500013]
DEBUG 2025-03-27 19:42:41,099 psparser nexttoken: (2318, /b'[')
DEBUG 2025-03-27 19:42:41,099 psparser start_type: pos=2318, type='a'
DEBUG 2025-03-27 19:42:41,099 psparser nexttoken: (2319, b'\x00\x1d')
DEBUG 2025-03-27 19:42:41,099 psparser nexttoken: (2325, /b']')
DEBUG 2025-03-27 19:42:41,099 psparser end_type: pos=2318, type='a', objs=[b'\x00\x1d']
DEBUG 2025-03-27 19:42:41,099 psparser add_results: ((2318, [b'\x00\x1d']),)
DEBUG 2025-03-27 19:42:41,100 psparser nextobject: (2318, [b'\x00\x1d'])
DEBUG 2025-03-27 19:42:41,100 psparser nexttoken: (2327, /b'TJ')
DEBUG 2025-03-27 19:42:41,100 psparser do_keyword: pos=2327, token=/b'TJ', stack=[]
DEBUG 2025-03-27 19:42:41,100 psparser add_results: ((2327, /b'TJ'),)
DEBUG 2025-03-27 19:42:41,100 psparser nextobject: (2327, /b'TJ')
DEBUG 2025-03-27 19:42:41,101 pdfinterp exec: TJ [[b'\x00\x1d']]
DEBUG 2025-03-27 19:42:41,101 cmapdb get_unichr: <UnicodeMap: /'Adobe-Identity-UCS'>, 29
DEBUG 2025-03-27 19:42:41,101 psparser nexttoken: (2330, /b'ET')
DEBUG 2025-03-27 19:42:41,101 psparser do_keyword: pos=2330, token=/b'ET', stack=[]
DEBUG 2025-03-27 19:42:41,101 psparser add_results: ((2330, /b'ET'),)
DEBUG 2025-03-27 19:42:41,101 psparser nextobject: (2330, /b'ET')
DEBUG 2025-03-27 19:42:41,101 pdfinterp exec: ET
DEBUG 2025-03-27 19:42:41,101 psparser nexttoken: (2333, /b'EMC')
DEBUG 2025-03-27 19:42:41,101 psparser do_keyword: pos=2333, token=/b'EMC', stack=[]
DEBUG 2025-03-27 19:42:41,102 psparser add_results: ((2333, /b'EMC'),)
DEBUG 2025-03-27 19:42:41,102 psparser nextobject: (2333, /b'EMC')
DEBUG 2025-03-27 19:42:41,102 pdfinterp exec: EMC
DEBUG 2025-03-27 19:42:41,102 psparser nexttoken: (2337, /b'Q')
DEBUG 2025-03-27 19:42:41,102 psparser do_keyword: pos=2337, token=/b'Q', stack=[]
DEBUG 2025-03-27 19:42:41,102 psparser add_results: ((2337, /b'Q'),)
DEBUG 2025-03-27 19:42:41,102 psparser nextobject: (2337, /b'Q')
DEBUG 2025-03-27 19:42:41,102 pdfinterp exec: Q
DEBUG 2025-03-27 19:42:41,102 psparser nexttoken: (2339, /b'Q')
DEBUG 2025-03-27 19:42:41,103 psparser do_keyword: pos=2339, token=/b'Q', stack=[]
DEBUG 2025-03-27 19:42:41,103 psparser add_results: ((2339, /b'Q'),)
DEBUG 2025-03-27 19:42:41,103 psparser nextobject: (2339, /b'Q')
DEBUG 2025-03-27 19:42:41,103 pdfinterp exec: Q
DEBUG 2025-03-27 19:42:41,103 psparser nexttoken: (2341, /b'Q')
DEBUG 2025-03-27 19:42:41,103 psparser do_keyword: pos=2341, token=/b'Q', stack=[]
DEBUG 2025-03-27 19:42:41,103 psparser add_results: ((2341, /b'Q'),)
DEBUG 2025-03-27 19:42:41,103 psparser nextobject: (2341, /b'Q')
DEBUG 2025-03-27 19:42:41,104 pdfinterp exec: Q
INFO 2025-03-27 19:42:41,109 utils Successfully extracted text from PDF.
DEBUG 2025-03-27 19:42:41,781 utils Extracted Skills: ['html', 'css', 'python', 'python', 'java']
INFO 2025-03-27 19:42:41,781 utils No text provided for skill extraction.
ERROR 2025-03-27 20:15:13,870 log Internal Server Error: /create-profile/
Traceback (most recent call last):
  File "C:\Python 3.11.1\Lib\site-packages\django\core\handlers\exception.py", line 55, in inner
    response = get_response(request)
               ^^^^^^^^^^^^^^^^^^^^^
  File "C:\Python 3.11.1\Lib\site-packages\django\core\handlers\base.py", line 197, in _get_response
    response = wrapped_callback(request, *callback_args, **callback_kwargs)
               ^^^^^^^^^^^^^^^^^^^^^^^^^^^^^^^^^^^^^^^^^^^^^^^^^^^^^^^^^^^^
  File "C:\Python 3.11.1\Lib\site-packages\django\contrib\auth\decorators.py", line 23, in _wrapper_view
    return view_func(request, *args, **kwargs)
           ^^^^^^^^^^^^^^^^^^^^^^^^^^^^^^^^^^^
  File "C:\Users\anees\Desktop\clone\SkillMatchApp\core\views.py", line 75, in create_profile
    form_skills = extract_skills(form.cleaned_data.get('skills', ''))
                  ^^^^^^^^^^^^^^^^^^^^^^^^^^^^^^^^^^^^^^^^^^^^^^^^^^^
  File "C:\Users\anees\Desktop\clone\SkillMatchApp\core\utils.py", line 49, in extract_skills
    try:
         
NameError: name 'fuzz' is not defined
WARNING 2025-03-27 20:15:14,289 log Not Found: /favicon.ico
WARNING 2025-11-24 09:21:06,211 log Not Found: /favicon.ico
